label,f0,f1,f2,f3,f4,f5,f6,f7,f8,f9,f10,f11,f12,f13,f14,f15,f16,f17,f18,f19,f20,f21,f22,f23,f24,f25,f26,f27,f28,f29,f30,f31,f32,f33,f34,f35,f36,f37,f38,f39,f40,f41,f42,f43,f44,f45,f46,f47,f48,f49,f50,f51,f52,f53,f54,f55,f56,f57,f58,f59,f60,f61,f62
A,0.0,0.0,0.0,-0.1936819765983223,-0.03907527921273711,-0.1746504502425808,-0.36133207233567927,-0.41215469172836766,-0.22420145233491867,-0.434680594623429,-0.7798837954198858,-0.2507739940593337,-0.5083105606043932,-1.0,-0.2563387625348057,-0.30794723030397914,-0.7333698553211127,-0.05740753444163212,-0.33725324684383373,-0.9587754741418347,-0.12273100868355545,-0.28336109757283046,-0.69727996074403,-0.12652734309535033,-0.25635999637732587,-0.6263836079752861,-0.12606140265379595,-0.16636223065495334,-0.7428555706697142,-0.02465358700561517,-0.21339698551882516,-0.9746934289872832,-0.1404891701631477,-0.17624973953725873,-0.606445835596582,-0.16534827670453242,-0.16587972411875018,-0.5883419866381784,-0.14442183924360183,-0.04314325882567342,-0.7183100712333766,-0.02032830701785609,-0.06495392715812065,-0.8965894825975459,-0.1466943282222358,-0.06053098748206655,-0.5587193182641014,-0.15764688337003138,-0.050504417514522254,-0.5302877479433685,-0.12243157340885114,0.08439413543088232,-0.7023148356255899,-0.03321224113899557,0.06326615073823057,-0.8161176226488878,-0.10733877476908112,0.054209686844622046,-0.5891967251557296,-0.11906033854862856,0.061072395688132046,-0.56158468521154,-0.10163367195798785
A,0.0,0.0,0.0,-0.19642855760351896,-0.03352785366502694,-0.17304957647941568,-0.3653779985018067,-0.40760545998880504,-0.22242494954845676,-0.4357030542416533,-0.779638949353524,-0.24861027636772032,-0.5085409515197438,-1.0,-0.25358934136725525,-0.31002779720351265,-0.7284592686856921,-0.05991884025776713,-0.3348982924069383,-0.9558606996560437,-0.12577496160943255,-0.27958768605893874,-0.6841664549590297,-0.12863984428395422,-0.2549600693774313,-0.610534889068332,-0.12755954085833848,-0.16825840947527068,-0.7401071518987272,-0.02839107421592279,-0.21253109392552633,-0.9753909641890218,-0.14539479865741003,-0.17183213024039998,-0.6013891191528185,-0.16955864012851948,-0.161903088151742,-0.5833590387142391,-0.14805726873861397,-0.0452220784539654,-0.7184932860568152,-0.02480948872406558,-0.0659253710395234,-0.9042838528806487,-0.1521210461389002,-0.058899147569384344,-0.5591275927365165,-0.16201624449909416,-0.0501692352323831,-0.5287330489649072,-0.12599842975767295,0.08055271896201063,-0.7076022415165883,-0.03804316248456944,0.05943865641725203,-0.8273785145633655,-0.11215574342610418,0.05178311655835383,-0.5921482328762624,-0.12284329010639386,0.05781659066021483,-0.5598241541805244,-0.10480004130533006
A,0.0,0.0,0.0,-0.1972466432220596,-0.04051915049767334,-0.17389838939197275,-0.3655920855276082,-0.41052473753396024,-0.2229727381198626,-0.4379019979943915,-0.7792074145573098,-0.248669597069502,-0.5106788198775056,-1.0,-0.25273020517652983,-0.31678059696202526,-0.7302336928588016,-0.054191622705020405,-0.338968409709435,-0.9564546593053895,-0.1189039568618928,-0.28307523804721396,-0.685780249127927,-0.12276142415335642,-0.2600175605347052,-0.6152497579640424,-0.12274477876557954,-0.17280813925081387,-0.7402032598908823,-0.02160273465717471,-0.2168219546711011,-0.9744951849407402,-0.13935842710027488,-0.17472944466514065,-0.6036388522749367,-0.16635030001415077,-0.16641340334142113,-0.5912810704121985,-0.14635966447731283,-0.047410983932211374,-0.7177459903203506,-0.017164347175691482,-0.06686285955854475,-0.9052337124251685,-0.14534499462173833,-0.0591427538643854,-0.5619044626857644,-0.1578334798148623,-0.0517614258358109,-0.5350549350905347,-0.12296987583991574,0.08024625446630275,-0.7061478307216333,-0.029391609142732998,0.06127269265296343,-0.8292143522319466,-0.10331014250601592,0.054119005326412284,-0.596578077238848,-0.11514625008928003,0.06006650999410885,-0.5656328059321646,-0.09794960787908112
A,0.0,0.0,0.0,-0.18712051234542454,-0.032892289947934625,-0.17160596844982398,-0.3534060397287871,-0.403968303224991,-0.21863906471120098,-0.4250064668343136,-0.7775378417399159,-0.24194176703251136,-0.48607965780819845,-1.0,-0.24454452627555426,-0.3026530555848759,-0.7195167474020541,-0.05584324243339846,-0.31666898460961385,-0.9539022305255418,-0.11760199145997567,-0.2646140262578389,-0.6992458833106748,-0.11980539395483732,-0.24316542819050502,-0.6214194010465626,-0.11838638533526068,-0.16209420331545873,-0.7248775378643908,-0.0213873850614112,-0.1940695844962687,-0.9666138069970468,-0.13445518033412135,-0.15992130168427623,-0.6023122273680053,-0.15942456480021905,-0.15628583090553347,-0.5736911059396571,-0.1384782364671492,-0.04057593105425934,-0.7020616177188089,-0.014028668579942134,-0.04730959306737241,-0.8946141576331069,-0.13769631295654836,-0.04482546795643959,-0.5556415031686356,-0.14996666389160052,-0.04351420687618153,-0.5169265707385601,-0.11526749683345065,0.08509108156727976,-0.6903458884297802,-0.023091644709112562,0.0771632636697099,-0.8232163429021341,-0.09566500441810728,0.06904721672434343,-0.5923241961079397,-0.10749975007332331,0.06939649373000208,-0.5513688623400109,-0.08986722838621118
A,0.0,0.0,0.0,-0.18003880344544693,-0.025256504341881036,-0.1693888211625539,-0.3443455636369468,-0.4033956995020759,-0.212157436727288,-0.414480881913688,-0.7819555325944212,-0.2309038883879022,-0.47995318758986577,-1.0,-0.2288390158893048,-0.292401509174141,-0.7169916611933357,-0.04826558924649506,-0.309556060849211,-0.9515180749134698,-0.10256118107402842,-0.2567961118564635,-0.7026029827451921,-0.0997763655842154,-0.23649935098774347,-0.6246423683461534,-0.0954560731035626,-0.15525000787398213,-0.7194398062619675,-0.012333716403692158,-0.1875567546825966,-0.9601596116748139,-0.11376877794967846,-0.15364683050010342,-0.6008473673845469,-0.13274114511790722,-0.15107177875967648,-0.5693152127526899,-0.10952374256752152,-0.03749538376981345,-0.6950664569860796,-0.00365954646598199,-0.04361159313213396,-0.8870940183463207,-0.11807750461774263,-0.038586088929042674,-0.5577209038477757,-0.1281045233365921,-0.036762555425046785,-0.519536762959219,-0.09361435445034698,0.08618093637972414,-0.6847664807637751,-0.011364478415091377,0.07926959903375567,-0.8149111186050142,-0.07828375449444128,0.07371339420315705,-0.5896328555374053,-0.08884063741046125,0.07335367147346837,-0.5503815449087524,-0.07100231114563725
A,0.0,0.0,0.0,-0.1818179646474757,-0.005356819505473636,-0.17369020659951653,-0.35726885338167147,-0.3937795056265238,-0.21596666915409643,-0.4321716380009297,-0.782735269821355,-0.23329290099086153,-0.49485579061581925,-1.0,-0.22996847896789296,-0.3047517645445628,-0.7166556857918628,-0.05324930516604655,-0.323348700187718,-0.9539552171418224,-0.10848922195187839,-0.2664045430721828,-0.7047202552468117,-0.10400743344209379,-0.2457340615269802,-0.6205326194092496,-0.0981178344725601,-0.16670926832018415,-0.725552822148528,-0.015428884431220577,-0.20003459095007103,-0.9693324233301625,-0.11748860227698556,-0.161091105586964,-0.6115964249010886,-0.13393459237843164,-0.15833625174567242,-0.5770892049958123,-0.10822504193178316,-0.04788218819292386,-0.7037445181227434,-0.005615447349124882,-0.0557736070095407,-0.8978310423199252,-0.12200901595417077,-0.04562875979499607,-0.5673012561197076,-0.13058805830562914,-0.04342597560573579,-0.5238623805740282,-0.09389033453586537,0.07795385930369947,-0.6931818561866917,-0.012548463335972676,0.06858993623129687,-0.8271645740893717,-0.08215149370057992,0.06720414823846542,-0.6020739997888233,-0.0930317345400698,0.068646313746606,-0.5593536986755584,-0.07417052929390311
A,0.0,0.0,0.0,-0.17957328448025883,-0.013870546160621899,-0.1743422585231593,-0.35143126319696794,-0.3970501726426424,-0.21703655007085387,-0.42830764612521227,-0.7806900528436816,-0.23427056415062786,-0.48872675249678144,-1.0,-0.23072299771248103,-0.30415313671934097,-0.7213427344153175,-0.04934221770473414,-0.31851077285813995,-0.9563250569201807,-0.10219591470223172,-0.26343588188341144,-0.7095506921498718,-0.09896237554112368,-0.24531974452831237,-0.632898023877621,-0.09462711739887203,-0.16646104075762796,-0.7273190268364966,-0.009391110793649318,-0.19670716725235418,-0.9706161961336313,-0.10987150784886861,-0.15865786405701066,-0.6163790001759794,-0.12879882605636797,-0.15812493869814695,-0.5877177566502269,-0.10504415761597499,-0.04754078933275323,-0.705430257668461,0.0028742164730468133,-0.053080933170352534,-0.906431463875189,-0.11208543985718737,-0.0439889035630715,-0.5778640997586874,-0.12283461588903559,-0.044155145876442536,-0.5361292044759081,-0.08775893496645726,0.07732214981709783,-0.6946902917576349,-0.0013276891497892164,0.07121678211403701,-0.8392170842000694,-0.07003804613292969,0.06887062809433349,-0.6131561554422628,-0.08153213615931709,0.0682771430355989,-0.566581827672743,-0.06340565318882345
A,0.0,0.0,0.0,-0.18842044470112618,-0.0026685327843655976,-0.17855413500540918,-0.36512929307983943,-0.3853958436187158,-0.22068856825366492,-0.4412741143703483,-0.7824485575624343,-0.23737587845924837,-0.5025786424226617,-1.0,-0.2333586991535932,-0.321111659664844,-0.706585284062858,-0.03931814922718221,-0.3275739848909672,-0.9554168840181457,-0.09317132519804469,-0.2741118087058582,-0.7089897348001453,-0.09364794351565109,-0.2594948441124142,-0.6223580151462931,-0.09263269621236193,-0.18145906495393702,-0.7175215177964286,0.0013489519711206476,-0.2018162044842715,-0.9668143298277645,-0.10268280543148017,-0.16523781356832135,-0.6043693469209058,-0.13110599662082748,-0.16991420826618725,-0.5668068195579071,-0.11331294472660933,-0.06060147364302814,-0.7026839026389574,0.013650816183658664,-0.05509440816744758,-0.9110164597170084,-0.10509272149111522,-0.04723365905004984,-0.5703251189999348,-0.12539806053613492,-0.056025215876594044,-0.5237182472776727,-0.09608456033120352,0.06655077175300178,-0.6980743435209077,0.009029536823743245,0.06970857824187493,-0.8512712732760146,-0.06156914302800752,0.06712690842361183,-0.615407929913463,-0.0781733381250239,0.060351131314448594,-0.5619802194628934,-0.06383292175333424
A,0.0,0.0,0.0,-0.1770749035052443,-0.016755635469369357,-0.17180994156965615,-0.3477732868520654,-0.3985324031314157,-0.21864480521123938,-0.42387875578953854,-0.7855562774989567,-0.24061028464313952,-0.48663925132422875,-1.0,-0.24380204144106765,-0.313481099861642,-0.7014089961336968,-0.06748257598739403,-0.30639882975768484,-0.9642724500152067,-0.12893393740412992,-0.24863218240037943,-0.7320584029967787,-0.13081136839104757,-0.23443988198280713,-0.6185242704576863,-0.12937998258056127,-0.17486540435654851,-0.7167898606047765,-0.029449377098891477,-0.1819139351287676,-0.9697120630976753,-0.1357255928132308,-0.14419144038492307,-0.6318711657211379,-0.1605812570731407,-0.15115306034690545,-0.581584613626195,-0.1430336415069875,-0.055224879853011825,-0.7017154261403054,-0.016823930312997913,-0.03796507626823986,-0.9047270138390517,-0.13352783836862103,-0.029001091029624573,-0.5769482315331745,-0.14652536872427685,-0.044906409923164546,-0.5177993392749791,-0.11546916801966933,0.0682651315697806,-0.6904911192153128,-0.02051456510464446,0.07924450802956057,-0.839103372988259,-0.08950773319693135,0.07958809400909585,-0.6112982878837309,-0.1010074801252508,0.06920171833562382,-0.5503978331661582,-0.08449258439713601
A,0.0,0.0,0.0,-0.17040098242870577,-0.02668826447527696,-0.16232158254788598,-0.32894602636841147,-0.41426641204135645,-0.20446212769256122,-0.3990472776924562,-0.796796539053351,-0.22259755105486873,-0.4635438412137554,-1.0,-0.22293739487242123,-0.29148147854975703,-0.7063905208557116,-0.06264786891383402,-0.278634318422439,-0.9594238430953623,-0.11681364422889604,-0.2223581384615625,-0.7312621170669056,-0.11622571770171264,-0.21164447451161283,-0.6189157658742557,-0.1145887776845876,-0.15712123422118593,-0.7173082776435001,-0.026588904637592958,-0.15145664960733557,-0.9582396710394532,-0.12176574417428809,-0.12228165910738323,-0.634377411722663,-0.14445541753549898,-0.13588650381153963,-0.5776059234517745,-0.12966841750308009,-0.041467147178918175,-0.697813882356512,-0.014183663106979359,-0.012839294889496181,-0.8845316535739868,-0.11952492027247572,-0.010871977070210004,-0.5702151208087924,-0.13288082515775138,-0.03533649680593196,-0.5084564667405562,-0.10639133440114525,0.07616756808510348,-0.6798507883716088,-0.017369199441327796,0.09750252985878721,-0.8161023703053795,-0.07945092224957466,0.09450163912060389,-0.596466360403045,-0.09132296935065219,0.07768414727536818,-0.5339368121918849,-0.07774111534166736
A,0.0,0.0,0.0,-0.15781665201756317,-0.01147053653809465,-0.17747769925861237,-0.2984210256955611,-0.40117362328253786,-0.22291433268775557,-0.3583357261166644,-0.7906850371756672,-0.23986637971487257,-0.42183901516368677,-1.0,-0.2391913732307855,-0.2747851268059455,-0.7117369317792415,-0.07537669437405072,-0.2499019940027882,-0.9586079991376129,-0.13127510152387026,-0.19301165287436803,-0.7260646415987411,-0.1313075981875383,-0.18638951066333864,-0.6159698385927892,-0.129530836358225,-0.14536457785321058,-0.7128126639932229,-0.030009381687939585,-0.13277346347072436,-0.9535600511371534,-0.12779846279018325,-0.10237713270642958,-0.6168764145899723,-0.14976558587684982,-0.12218276442632564,-0.5591887969610799,-0.13262213572893666,-0.03436882800870437,-0.6896062699069918,-0.009586581622941567,0.0014236142172469634,-0.8769670918917458,-0.12089622302771123,0.00718205585598323,-0.5515365187209632,-0.13605653231807932,-0.020455048987049324,-0.4830127707314524,-0.10830522591936312,0.07681062004572471,-0.6704008003162462,-0.005205360552419138,0.10837443830965185,-0.8101433028985053,-0.07399270122436148,0.10889926353248562,-0.5837572597968821,-0.08913648658867102,0.08789799851981274,-0.5167691462813332,-0.07581369885856684
A,0.0,0.0,0.0,-0.15554625310227677,0.004201163909815535,-0.19225918058727703,-0.29625865678958085,-0.3924570552492284,-0.23883705917984996,-0.3505383787088226,-0.7917783728001224,-0.2535580752903542,-0.4066535533682705,-1.0,-0.24990778425712276,-0.27555180482622554,-0.7009532101783961,-0.07832197479634184,-0.24905226996438326,-0.9476332151128486,-0.13217588752997186,-0.19653493221495658,-0.6995184260620902,-0.1313190516351947,-0.19342161615592574,-0.5961009272178472,-0.1303292560421963,-0.1489031487254973,-0.7001892438788107,-0.025608059003314053,-0.1354351052089803,-0.9478879790023611,-0.12493377891233345,-0.10647094701608317,-0.5988151550164594,-0.1495185291112501,-0.12899001108020725,-0.5485762365949154,-0.1336274630082712,-0.04066628496240455,-0.6754550679886314,0.0006684505119498861,-0.003752340681000935,-0.8762135216085423,-0.1158060526342633,0.0002788876732485087,-0.5429110983256606,-0.1376385882094073,-0.028987956607680995,-0.4779517448095983,-0.11232183921045137,0.06753711227989836,-0.6573665064642908,0.010392506360101219,0.09884485655366045,-0.8023434745257957,-0.06352820967423878,0.09907800664849621,-0.5728020002567625,-0.08459387968002756,0.07681365999260575,-0.5100981972793763,-0.0745847405309752
A,0.0,0.0,0.0,-0.1618629054537217,-0.00710946712931934,-0.19691212485013337,-0.31404017854313165,-0.38747980575296764,-0.24574859637945087,-0.37286954167799063,-0.7830340923064442,-0.26289494680715886,-0.42807269236571405,-1.0,-0.2612851604607566,-0.2908728293165224,-0.7060686936439476,-0.07870100358440521,-0.27007569252846747,-0.9520961791758124,-0.13644927909541826,-0.21106241510663762,-0.6950198917051048,-0.13746841388499,-0.20396738027555353,-0.595478965559173,-0.1373000533248335,-0.16014546196372675,-0.714070037797994,-0.026161349382270927,-0.15377418738603482,-0.9673427320750124,-0.1325778638515763,-0.11723628899975104,-0.6114585426869839,-0.16044254828108656,-0.13762717609558942,-0.5667607398971231,-0.14546799057008028,-0.048361266168927906,-0.694994927729779,-0.001477848905493128,-0.016815772785697826,-0.909859863359291,-0.12677295946408937,-0.006439535447723534,-0.5787312586124496,-0.15373786811105458,-0.032776334385428374,-0.5164825134666508,-0.13026299147551196,0.06377671596369185,-0.6823206394444268,0.006536561948467909,0.09259606522891721,-0.8284986596978169,-0.07409262082776409,0.09485686524436368,-0.6013489128042472,-0.0998096049708615,0.07150482160655468,-0.5425157465637722,-0.09266658640497752
A,0.0,0.0,0.0,-0.15973501463258652,-0.004716191376555488,-0.18890350437064177,-0.3016884823122962,-0.3942327648786146,-0.23956305070584172,-0.35150640665978816,-0.7830686028486622,-0.2600190541378213,-0.4130343724273808,-1.0,-0.2625582820814439,-0.278945857940276,-0.7374911990975165,-0.08421495080703346,-0.25028128131209665,-0.9511555622200221,-0.1440903268004555,-0.19458490028291983,-0.6866506322250568,-0.14704734314307352,-0.18953166785667117,-0.5890905552041263,-0.14770327726018784,-0.14841126952459735,-0.7442047112261283,-0.037369335766700755,-0.13695842796268914,-0.967512976676243,-0.14300961569746534,-0.10225670531946904,-0.6010680248937685,-0.166231163087284,-0.12141918710942116,-0.5552399754120908,-0.1495872165689657,-0.034385535636083056,-0.7197296124425149,-0.017037036839392984,-0.0031076495607244895,-0.9154260331936774,-0.1376943671222433,0.005995239319999325,-0.5771425790889564,-0.15400137189583296,-0.017103492654908296,-0.5068618737456542,-0.12601981481384977,0.08108866046540264,-0.6987648448508886,-0.013442831743360117,0.10730477388756096,-0.8371897092251332,-0.08887163368358052,0.10720149672442575,-0.6105673391929882,-0.10649151836072518,0.08559233921781452,-0.5536087920643417,-0.09509596955680383
A,0.0,0.0,0.0,-0.1496746457197707,-0.004700899435038524,-0.2099310369157577,-0.28241191729467435,-0.38604333420788883,-0.2777312449697215,-0.32755014132562016,-0.770406033833621,-0.3120592964907196,-0.38587923879984254,-1.0,-0.3296164976389328,-0.28100532617734064,-0.7600437394863463,-0.1266676396055377,-0.23329386294540716,-0.9602870512292844,-0.20776739039338685,-0.17296730688331668,-0.7093278216014245,-0.22250970428537548,-0.16865391234763177,-0.6058871604333318,-0.22844343764087754,-0.14387137234705105,-0.7751746174577467,-0.07474092391209562,-0.12105653055806802,-0.9898844687726335,-0.1981860992539292,-0.08445767449319784,-0.6193134301861356,-0.22470060531900088,-0.10843668433447894,-0.5711596946957399,-0.20959375265136032,-0.023291214478588392,-0.7568523524699097,-0.0508496968473481,0.024011250248907313,-0.9361750497065451,-0.1859068956705319,0.031161180647860658,-0.5817368217592165,-0.1986216289271427,-0.0013239234054715898,-0.4979276754655768,-0.16816573302976556,0.09421205115436676,-0.7356261774336367,-0.04604061896124003,0.13473907021764445,-0.8499338193299224,-0.13136724735757838,0.13036698160653745,-0.6023934162607596,-0.1477461365246671,0.09915124026884779,-0.5324490919313524,-0.13494239339267475
A,0.0,0.0,0.0,-0.14758152451698642,-0.045645636691995777,-0.22309657199680946,-0.26240884928612807,-0.3959457099533172,-0.3010951616098875,-0.29170975738576344,-0.7505788496268784,-0.3430794093609353,-0.33306066207789553,-0.9974837717654275,-0.36717189539017164,-0.26038308856101133,-0.839212057450506,-0.13653537909378702,-0.19298565441101306,-0.9974995314682932,-0.2253887968196193,-0.14361817221521792,-0.7294808668688452,-0.25098164915546284,-0.14068558966844993,-0.6241479112004634,-0.26444171321652526,-0.11939401812791768,-0.8385603724401132,-0.07895454273274499,-0.07955157256278325,-1.0,-0.21536812818227988,-0.058114543224179645,-0.6180063123999046,-0.2543534535562534,-0.0849134920094047,-0.591354525164412,-0.24679239003187267,0.005604278120421168,-0.7971432344021535,-0.05027294836194048,0.06772753603434763,-0.9328178774661805,-0.19489230761288606,0.05969072647970832,-0.5836740126759123,-0.21642123305671337,0.020528716734248817,-0.5249597488670051,-0.19168812309232178,0.12578202201247146,-0.7436718403925444,-0.0408757663139458,0.1793247606228916,-0.8238252632296317,-0.1315333106327859,0.16210217398711962,-0.589568780454561,-0.1543395706423269,0.12203717586124646,-0.5457981224656694,-0.14697703411815066
A,0.0,0.0,0.0,-0.1443314094270165,-0.0568617214389522,-0.25278322517825125,-0.2564341850749704,-0.38464699478131537,-0.3498186439721489,-0.2840450483553599,-0.7118359662495336,-0.40500608042975994,-0.31542128892132615,-0.9787554004853436,-0.4419665013595824,-0.2235637855219662,-0.8998928852950201,-0.18397164987169387,-0.14630590439886293,-1.0,-0.28880559627217195,-0.11983778831964328,-0.7174901818841514,-0.3252823867316934,-0.12300181218665325,-0.638374869840369,-0.346027157889044,-0.08068612272661284,-0.8884098462946812,-0.11755266720002867,-0.022617521435569856,-0.9816789269114001,-0.27313326206550714,-0.024071048434866814,-0.5941903285766088,-0.31513748537627617,-0.05651953421246313,-0.5918740856430056,-0.3087739395610744,0.04572240709166554,-0.8304504022896235,-0.08175749892539685,0.1179557585739534,-0.9088613533351065,-0.2444772781707093,0.09281839500134305,-0.5701249905832623,-0.2677186104342866,0.05037136538633443,-0.5471547395676273,-0.24266690348448158,0.1659794735983227,-0.7539990112150875,-0.06679019147764136,0.23194890999751155,-0.7984642426428099,-0.17477186776896436,0.2049040393247359,-0.5723806149838032,-0.20294280731010403,0.16048932334123203,-0.5568739110352745,-0.19722692988868465
A,0.0,0.0,0.0,-0.1479046265466313,-0.04256141366071546,-0.22973164182987207,-0.2781010749771086,-0.4025899858720349,-0.31487734106391496,-0.32538465461992033,-0.7473381715432981,-0.36199904937388916,-0.36278845894704675,-1.0,-0.39055839785263274,-0.25257585345226397,-0.8901965553423999,-0.16989844002047685,-0.1856516626919932,-0.9940752976216329,-0.27253587641066707,-0.14416048192330985,-0.7071448569685526,-0.3038573389568591,-0.13945479819595039,-0.6223409835495961,-0.31943755218823416,-0.10194185461448563,-0.9041133694027432,-0.11068611388877518,-0.05023212137532388,-0.9814240534452701,-0.2617868292074941,-0.035563137392734485,-0.5950062777344561,-0.29587917593978685,-0.06215413714616887,-0.5851853039762103,-0.2835349415995437,0.03069263111800693,-0.8670171595863132,-0.08016773667589328,0.10034797603480161,-0.9106855571124605,-0.23486704745036546,0.08519254280430419,-0.559481004980982,-0.2470373828664767,0.04468406079101013,-0.527419010320787,-0.2144178035515282,0.15716587184334196,-0.816092338045699,-0.06970265338593723,0.21569257654837976,-0.821958907066143,-0.16589198532451543,0.194739176114451,-0.5672027185920057,-0.18428078033137227,0.15499177335028777,-0.5342680553634482,-0.1714974832255894
A,0.0,0.0,0.0,-0.17383953375373662,-0.02212244685982684,-0.19349605658537491,-0.3310473464242834,-0.391959831064071,-0.25941560186147145,-0.38087539126730113,-0.7580740142176591,-0.2975180335723438,-0.4233190910275234,-1.0,-0.3181551280891441,-0.29980009717865025,-0.8105566470548883,-0.1146062093336646,-0.264916350660005,-0.9776717967135308,-0.2012808427351286,-0.21086468753190876,-0.6941665082232151,-0.2236835639573966,-0.200190660286677,-0.5897518335428308,-0.23453101251168815,-0.14857242450169533,-0.845375255710126,-0.07189694486997808,-0.12925002552700052,-0.9780146507378183,-0.2049844584146926,-0.09366076552833849,-0.5919480358293459,-0.24023027297687813,-0.10440895311130124,-0.5564908120402939,-0.23012633957418177,-0.01447799044409939,-0.8347309366120564,-0.05583680303668172,0.022506672229792298,-0.920254310542123,-0.1935272501398953,0.025602041103752294,-0.5629335188882199,-0.20921869461162723,0.0019779024199596497,-0.5050171559048353,-0.18144124692437347,0.11790745494044287,-0.8158006851799038,-0.05794379835907893,0.14293095738575348,-0.846102335104379,-0.13878498262045078,0.13640836863101338,-0.5808444507821825,-0.1542722110879857,0.11541549154440113,-0.525698647597117,-0.14196726157863226
A,0.0,0.0,0.0,-0.21241023084599342,-0.05739505328716958,-0.151451397132816,-0.42200514484285345,-0.40640581060331593,-0.20580419944227477,-0.51757518634846,-0.7503529928802131,-0.24606556286195175,-0.5583586897993911,-0.998660897105867,-0.26381903331542617,-0.3470360402325621,-0.7872919385052352,-0.05707347274003186,-0.4270566886135166,-0.972089045915861,-0.1223449776111066,-0.3609939008278421,-0.6726205555812828,-0.12322262176613473,-0.30884765871513314,-0.6065078266807228,-0.12152096340331343,-0.20176505520309235,-0.830424944406459,-0.04107293541903671,-0.29666406972869264,-1.0,-0.16515264268692176,-0.2355034563791602,-0.6161589471323358,-0.1885696058222068,-0.19356835621998425,-0.6186507817600521,-0.16630079175570156,-0.06662212827239156,-0.828263175147122,-0.04961774312644897,-0.13843813249286976,-0.9526117841054683,-0.17657956703158084,-0.11108651889544782,-0.5994152803467184,-0.178301740977392,-0.06828652942848296,-0.5886141522223343,-0.13895861305640428,0.07522448531141009,-0.8258753088403945,-0.07374749862723577,0.008149708934102246,-0.901930178689309,-0.14048161843097626,0.009603903397539446,-0.6593201016619495,-0.14176301947447317,0.04315343635731324,-0.6399168435036143,-0.12000089490680431
A,0.0,0.0,0.0,-0.2167945099439064,-0.07156328021667417,-0.14128812965699772,-0.42752203467049055,-0.40887634773823833,-0.1914109962871539,-0.5246410762949405,-0.7429267706740665,-0.22979505522694257,-0.5513740409492095,-0.9986272371442461,-0.24658586661722098,-0.34771245023635683,-0.792800239421967,-0.04392961516805527,-0.43704417023119013,-0.9678769872373886,-0.10159817448753951,-0.37082332065871804,-0.6771434136224855,-0.10012792872939595,-0.3153373250567168,-0.6142781814517196,-0.09753654476456004,-0.20481164861161727,-0.8393377711452645,-0.029723496838543778,-0.3072692752893411,-1.0,-0.1458188437131076,-0.24765379366414011,-0.626332073110565,-0.16948398820440042,-0.2035073146532623,-0.6265306865714453,-0.14882958795484416,-0.0696606175521366,-0.837585086526927,-0.038593504300121234,-0.1479812796633615,-0.9522637749632576,-0.1577832122772567,-0.12337899859454962,-0.6097641363356993,-0.1613605308236143,-0.07950714001819191,-0.5982477225618784,-0.1251739584734583,0.0699065091603107,-0.8295371695591166,-0.06190093107498021,-0.0018187382978102527,-0.8949454683895819,-0.1234932373030052,-0.003817766946784034,-0.6580439469607051,-0.1249069585297849,0.030799111532768847,-0.6391469393507331,-0.10464787654472706
A,0.0,0.0,0.0,-0.2264995425859641,-0.07803367305178856,-0.1295537882372079,-0.43603821371449575,-0.4118161079428803,-0.17796490643859714,-0.5274123893273247,-0.742681660099809,-0.21825605724767455,-0.5463785037949309,-1.0,-0.23716832564552295,-0.34285578943604733,-0.8072992212005086,-0.032356081183056766,-0.44130080945317784,-0.9660798512590216,-0.08638685448948044,-0.3769148590442836,-0.6712191718084468,-0.08340313032164491,-0.3160711630113398,-0.6020028745232566,-0.08080766578051306,-0.20667963413253826,-0.8580779865310526,-0.025602256759902894,-0.3153439919799389,-0.9922110941293636,-0.13856095609848015,-0.25515504593612054,-0.623953965723895,-0.1623511973174857,-0.2050330802468419,-0.6242429666756169,-0.14345647906608494,-0.07483644345271646,-0.8555170600518471,-0.040918905099263346,-0.15968407117394282,-0.9459445241151823,-0.15693570322264738,-0.1321752343264809,-0.6110076795910898,-0.1615340550973617,-0.08335115391999388,-0.6059384343709355,-0.12827349580195013,0.062047980534681364,-0.84148924080657,-0.06982369383250772,-0.016557317725004548,-0.8861488835430924,-0.12922217160141128,-0.016850873459259407,-0.6510870330123806,-0.1307827824341872,0.022931052662623387,-0.6377927614940506,-0.11234166358829623
A,0.0,0.0,0.0,-0.22311826259533488,-0.09101514108660058,-0.13965781901853297,-0.4244090471857168,-0.41396153138242253,-0.19640945769894474,-0.5165467723486026,-0.7352502391922633,-0.24274453934004106,-0.5346304324591443,-1.0,-0.26684114272804654,-0.33415679552762506,-0.8180950730486507,-0.05162097899565096,-0.44077725850468524,-0.9722616490900403,-0.11433334544615004,-0.37522349362664587,-0.6694742962157925,-0.11420606809140715,-0.30933178416730805,-0.6050382041087045,-0.11211106017602006,-0.19534693577813436,-0.8638396725422249,-0.0416291329318634,-0.31643166070644685,-0.9937822874474753,-0.16635337994690064,-0.25281739369187267,-0.6116226274594824,-0.1892888981328796,-0.19809750063671566,-0.6183097204789038,-0.1666726001766141,-0.06257938481924877,-0.8600011366163772,-0.05443608878437362,-0.15833042747767753,-0.9511647862214031,-0.1807842420984874,-0.12823956131285272,-0.6086304731528172,-0.18217288444764423,-0.07261902840815941,-0.6083633916913342,-0.1439228491914881,0.07331900635405975,-0.84676727358707,-0.08128724015805404,-0.012137940324833734,-0.8957411732734247,-0.1468822029946743,-0.011351195984703856,-0.6578412848536045,-0.14713490134767976,0.03381924852818703,-0.6470209775883106,-0.12598649900699843
A,0.0,0.0,0.0,-0.22822180908129452,-0.08538404495430224,-0.13692895071709763,-0.43363233694022496,-0.4107901177451644,-0.19205604509885696,-0.521424784076749,-0.735441066017826,-0.23745995937116252,-0.539334538486362,-1.0,-0.26104769446405734,-0.3374354705284872,-0.8540332169113622,-0.04538480585932185,-0.4435270145617898,-0.9787915437477213,-0.1068384404880519,-0.37749062579427295,-0.6711462471287182,-0.10892832285474018,-0.3105270497834818,-0.6010781645500334,-0.10940794323867566,-0.19813939032203098,-0.9051118098333253,-0.037656254858311845,-0.3184043336008278,-0.9926289090128502,-0.15780058466566824,-0.2562999231786339,-0.6053797326768772,-0.18171972791704927,-0.20051185685904374,-0.6073723761029387,-0.16288400593423935,-0.0660954089000456,-0.8964358503515981,-0.05300792605025198,-0.1643670233576934,-0.9475115874606969,-0.1769295629319804,-0.13407898607220067,-0.6029691886350071,-0.18103177449726093,-0.08034520113965972,-0.6042138470750289,-0.147297723022186,0.06825535536307377,-0.8733658800806101,-0.08235276792270377,-0.02250071157337202,-0.8768535415411299,-0.1474248364426978,-0.018977114467643164,-0.6331653639400318,-0.14988971529911607,0.026310365934341055,-0.6280563147258087,-0.13178984109767275
A,0.0,0.0,0.0,-0.21789958299031337,-0.09283129957760458,-0.14569060397208428,-0.4259879936602217,-0.4115655270710071,-0.20801577799861287,-0.5136696660075554,-0.7312497114785379,-0.2582888094647635,-0.5184230570964738,-1.0,-0.2877251214776431,-0.33341564209489666,-0.9023544793918737,-0.07433977233301307,-0.4446360974971725,-0.9690423684149785,-0.14406323773544283,-0.37361317350526646,-0.6735908611788602,-0.15321794859365953,-0.29909601417217424,-0.6126443088179853,-0.15855555056195295,-0.1931689658621406,-0.9631562901525701,-0.06352630350198664,-0.31347520254206646,-0.9676235641248567,-0.18735935440486645,-0.24682337870173035,-0.5985541227793465,-0.21055904960598515,-0.18791378786363322,-0.6109276061181937,-0.19555214673000323,-0.05901658421364437,-0.9507539546675079,-0.07535211449975156,-0.15009439460503335,-0.9219159940910805,-0.2029971274904304,-0.11983546582751803,-0.5906863829410723,-0.2070890380458919,-0.07216066029098352,-0.6036679252614005,-0.17664841588301963,0.0798752433197664,-0.9117848033822409,-0.1017434656722066,-0.006139496279996615,-0.8554072288090604,-0.17440418474943803,-0.0008641217791387442,-0.6189547540643057,-0.18042698010885883,0.03940746347318289,-0.6257023093257831,-0.16548726366294314
A,0.0,0.0,0.0,-0.2254568671185032,-0.09350904718412274,-0.15274959041182362,-0.4334722782989099,-0.4156432398954164,-0.220302050629497,-0.5179209116174781,-0.7353860340954972,-0.27502244124010355,-0.529894808844916,-1.0,-0.3078468112593504,-0.3338238954634722,-0.9261072314754201,-0.08690625525000918,-0.455706331068924,-0.9851057595440345,-0.16706579522980197,-0.3868935387896059,-0.67311020473762,-0.18108485144934908,-0.31111969683309354,-0.6049005907325161,-0.1888962336585789,-0.1900709800201484,-0.9893564269110608,-0.07733353337497242,-0.32005638810381526,-0.9761203142210916,-0.21098420801835735,-0.25346129271246964,-0.5959146554190986,-0.23572165274743184,-0.1911986930974062,-0.6110426213314413,-0.22161562321864586,-0.054701801596976955,-0.9714325753507351,-0.09214180347095177,-0.15542473354317993,-0.9138155754252137,-0.2291442962362424,-0.12487064251470952,-0.5740417256288538,-0.2329215715560102,-0.07338513839290964,-0.591997916560502,-0.20163826751594072,0.08406570576267998,-0.9242428177196236,-0.12236869570391676,-0.011435397695868793,-0.8375039689228442,-0.20162231220111204,-0.005847056333224882,-0.5976796011085544,-0.20933271043597038,0.038267276084152924,-0.6131738349006496,-0.19500773172605648
A,0.0,0.0,0.0,-0.2205940001687138,-0.08356389704299531,-0.14089979106186445,-0.4211257085566015,-0.41052745746179303,-0.19450716794273384,-0.5023580943280264,-0.736138708261943,-0.23574482838329425,-0.5143079461599771,-1.0,-0.2561307098030138,-0.31028901335272835,-0.8664805143833239,-0.05467230868288648,-0.41174531588823204,-0.9655306367953452,-0.11315989167814242,-0.3536534216883242,-0.6630934312913056,-0.11469075821016884,-0.2878555129360241,-0.5898220211204156,-0.11478729901019834,-0.1708789587192307,-0.912633898855369,-0.04177307621842921,-0.2885873149435293,-0.9639859839948733,-0.15629452641158761,-0.23360552020205957,-0.5892530255653389,-0.17841933846937846,-0.17650653269751387,-0.5874049714805155,-0.16076000730853066,-0.040455631224718035,-0.8959231988325195,-0.05129768566016376,-0.134245143984467,-0.9146123871372033,-0.1716353572301638,-0.112133239477422,-0.5801202688362221,-0.17676879649402344,-0.062042727123862156,-0.5760345121323888,-0.14549663656279438,0.09172690387259604,-0.8599025666000082,-0.07463941096905297,0.005706259825393033,-0.8437646428335979,-0.14083825128616875,0.0051233229340416474,-0.6066163691609135,-0.14526106637749986,0.046829421134451425,-0.5962428335033467,-0.12877084327122362
A,0.0,0.0,0.0,-0.22500997234148692,-0.06092511266624105,-0.15259540339025518,-0.4271406114294821,-0.4086441576224052,-0.20669374989116565,-0.5096429948898233,-0.7471096712380697,-0.24485796559361928,-0.5655373795421305,-1.0,-0.26052224789622586,-0.35323801692327567,-0.8363326584517834,-0.05819070325832793,-0.43469483692039007,-0.9848540643303254,-0.12078487911620862,-0.36547146307216016,-0.6811080945236522,-0.12395430230230337,-0.3044322460730664,-0.6029346031290992,-0.1248272505460868,-0.20273864544011738,-0.8936186916099367,-0.03867926385692303,-0.30136722452054965,-0.9931813231010351,-0.15499536642422337,-0.24143345218415496,-0.6092945051691149,-0.18048443845894882,-0.19457688510259488,-0.6082267809470282,-0.16470510881247422,-0.06510760227190214,-0.8848673136350905,-0.04331948585232491,-0.1428157177303988,-0.9264925271092092,-0.1648017085033552,-0.11719410844438075,-0.5784740761556836,-0.17186365277517623,-0.07752375680500324,-0.5734438196472573,-0.14088770061695408,0.07305859964750248,-0.8663135719088335,-0.06298973788616392,-0.003479474893746234,-0.847489186021182,-0.12644464704827035,0.00232522941100475,-0.6051393628828978,-0.13145568970725963,0.037557063954064045,-0.6029249372661922,-0.11515220801629
A,0.0,0.0,0.0,-0.23000126143704824,-0.0647609918955521,-0.14391180376165688,-0.4227960607579252,-0.41974831023321985,-0.19651250259321945,-0.5066285893643748,-0.7568736343461251,-0.23551361838333185,-0.5917922420024777,-0.9789298953509088,-0.25177543523134055,-0.3464843658222186,-0.8118850636957277,-0.05400824937763849,-0.4327609572231414,-0.9813086052133163,-0.11632710670386184,-0.3651180492936751,-0.6876410420063099,-0.1165271787745735,-0.3039488454201281,-0.6136918612674728,-0.11497068407317937,-0.20238354575127243,-0.8602635696296143,-0.041516504747471074,-0.3026942516108414,-1.0,-0.15591364733023264,-0.24461636688337685,-0.6259839151949331,-0.17727715584972298,-0.1968749664966426,-0.6252726745590502,-0.15877953877958276,-0.06992535623050675,-0.850219291592465,-0.052855095893369154,-0.14873643014227778,-0.9321454078787123,-0.17078524592682118,-0.12445410912548197,-0.5842020635102759,-0.1703212172983591,-0.0808667828952786,-0.5715495989976024,-0.13474569862076485,0.0657788096368316,-0.8335457398670449,-0.07955953856972342,-0.010969255836541483,-0.8596358165090403,-0.13979700694540537,-0.00908622458278483,-0.6206655779833842,-0.13872964700540688,0.028151488324635956,-0.6107257733943537,-0.11827157741240397
A,0.0,0.0,0.0,-0.22974832682096427,-0.05918595535163678,-0.13903263259668497,-0.42703795920655585,-0.4001300545757587,-0.19262856041572804,-0.5214175147874233,-0.7282704743632754,-0.23321654180230647,-0.6230495150650629,-0.9431134700589717,-0.2507965317067255,-0.359243618961005,-0.7815995244531968,-0.05917706386486614,-0.4563136980437976,-0.9629996289239953,-0.12075882177514762,-0.3836069388543273,-0.6752021563342318,-0.11606150817187504,-0.31975072057264947,-0.5968632954218832,-0.11061672419239188,-0.21774308370389026,-0.8381321083969072,-0.0488791381363514,-0.3279017120218837,-1.0,-0.16471044418707045,-0.26448308756592825,-0.6306367735430818,-0.1808241916631752,-0.21657980047323314,-0.623632825187607,-0.15736798352602124,-0.0851764034815294,-0.8371548081038728,-0.06102631907661528,-0.1721725921661139,-0.9325691718598027,-0.17866768779980238,-0.1392473831132832,-0.5853027650946511,-0.17240266567317203,-0.09252428679102903,-0.5685765364281843,-0.1319990682381348,0.052554640274293685,-0.827764449494954,-0.08795586563642037,-0.029560831103466134,-0.8656084178191231,-0.14775047156393686,-0.024100808091414617,-0.6279393535446657,-0.14302733085939076,0.014142934561591942,-0.6144504738115557,-0.11910872375591039
A,0.0,0.0,0.0,-0.2411990995981605,-0.07397869459319246,-0.12483825234657403,-0.4392727760338354,-0.4190941904736782,-0.1720114582475474,-0.5393790612607384,-0.7469859839791783,-0.21110902028206868,-0.6525435912316336,-0.9497812744554943,-0.22774204003551335,-0.3604934404319115,-0.7901120666156674,-0.024279707061043775,-0.45884167787772473,-0.9730212482523939,-0.07947276773210253,-0.3855858767047403,-0.6866293844030001,-0.07295747370561806,-0.32583775180915703,-0.6183867946925532,-0.0663594088221691,-0.22279537840618324,-0.8437226867850203,-0.022588480826838175,-0.33576096705267877,-1.0,-0.12849368927008384,-0.2679761622130189,-0.6294175965250116,-0.14227066450463677,-0.21953889577672847,-0.6299082451836415,-0.11749918598590331,-0.09211335039172756,-0.842858336191054,-0.04443973632795049,-0.1848441882754315,-0.9437831385686776,-0.1534863388827528,-0.1514038003288577,-0.5975410412654867,-0.1441683696450168,-0.10249017383734733,-0.5831875895785521,-0.10251908286615162,0.041213608026238274,-0.833889489742981,-0.0811974983369721,-0.04307925998223817,-0.8857056811487157,-0.1307910493956477,-0.037179825371283864,-0.6458105814802114,-0.1205382208017342,0.0051806079471013915,-0.6325804338459644,-0.09409436429668262
A,0.0,0.0,0.0,-0.2369446089914867,-0.07236525386874455,-0.1085067983646802,-0.43964700334482876,-0.4021042534267046,-0.1518631722298276,-0.543906470069241,-0.7264063403206669,-0.19123220323615753,-0.6402935539118748,-0.947711995747826,-0.20842714700133588,-0.3642388098565965,-0.7768785356486444,-0.009684885706834356,-0.4657351912136055,-0.982858535577059,-0.054373337359495635,-0.39518529886018117,-0.7000195070270038,-0.04118289528261468,-0.3364670223865505,-0.625208268831887,-0.030787440923241555,-0.22805694351731381,-0.8301322719601699,-0.012726373869010677,-0.3402007613109438,-1.0,-0.11316323420714217,-0.2727065597299798,-0.6444998684617904,-0.124999624778537,-0.22481266990352075,-0.6377636804212086,-0.09776216234969738,-0.09575735584933416,-0.83613918353249,-0.036231078701910176,-0.19047918385462434,-0.9493815019694939,-0.1366048377854289,-0.1524917095135234,-0.6136214974596124,-0.12453328491422716,-0.10159313352649466,-0.5912427765836932,-0.08090831891730176,0.04206761958791853,-0.8342362417296469,-0.07293891122625369,-0.04582272228615198,-0.9157741605267256,-0.11426008503028502,-0.03725417119295313,-0.6820406050399715,-0.09999046128549062,0.006504877651568705,-0.6568870543136479,-0.07098680338237075
A,0.0,0.0,0.0,-0.22456868295183713,-0.07101817765343019,-0.104208082554076,-0.4313743134977121,-0.38504229454015937,-0.1412995830149256,-0.5351564434409376,-0.7009663116215906,-0.17610077686081096,-0.573091073697759,-0.9594929018254007,-0.18878431225896863,-0.3470697055471021,-0.7607814263976832,0.010962862139881683,-0.4557770905937597,-0.9687152385782927,-0.024446260330217632,-0.38770529622539635,-0.6731491025703955,-0.007133584443832055,-0.32830510970402005,-0.5894049313634058,0.005721723098285235,-0.2163677416188092,-0.820197101828673,0.011433114502758475,-0.3386207235066019,-1.0,-0.08445739809697865,-0.27051533347513324,-0.635605294589244,-0.09850567550116829,-0.21867526192073386,-0.6208424003446827,-0.0702913790739798,-0.08957989059594125,-0.8365934215764874,-0.00877337645477246,-0.19307525755766075,-0.9531701543982504,-0.10633272191881256,-0.1525862661365533,-0.6230917826971427,-0.10250008258679906,-0.09543469842983905,-0.6022461100476121,-0.062465171184452814,0.04273346531629553,-0.8460808150220608,-0.04073878154566073,-0.056699444253559994,-0.9198371482954019,-0.08141094363928136,-0.047317309947261355,-0.6897796102684927,-0.07378296243321888,0.0017413024864063003,-0.6660135146190219,-0.0487936826402467
A,0.0,0.0,0.0,-0.23000947453450782,-0.09385980878266803,-0.08727375774321425,-0.43665066681916836,-0.39807605912153526,-0.12261230051251676,-0.5480874692545031,-0.6972048748487126,-0.16232965364760887,-0.578539382005203,-0.9533451485489335,-0.18004202921529736,-0.353145649934921,-0.7729038211023124,0.035428007775528896,-0.47225424085773404,-0.9657482655223174,0.0008820640288247718,-0.40376319932430016,-0.6715575353892835,0.014253611419677915,-0.3441028858563291,-0.6009352459832208,0.023346183993622448,-0.2307770053102484,-0.8372441037106853,0.023495237447483445,-0.3588667730879229,-1.0,-0.07242722953049198,-0.2881867456596129,-0.6418930592848514,-0.09150570732527344,-0.23481547752918658,-0.6395197516275248,-0.06781502008334178,-0.10671394219269213,-0.8607865898219415,-0.008891357859570105,-0.21855634048716593,-0.9685653311220588,-0.10393960416337439,-0.1724815087110179,-0.6438680295772642,-0.10110131984045717,-0.10969663343339424,-0.6383270490536738,-0.06376709670004765,0.02632446898890825,-0.8748831354935419,-0.05275575475293458,-0.08183600312115252,-0.9516034398663997,-0.08941370068705054,-0.0718865871275004,-0.7248529192618991,-0.08049604253023518,-0.018579545673250084,-0.7103264727732232,-0.056897450870574975
A,0.0,0.0,0.0,-0.2279219980213131,-0.08219728049183557,-0.07960037888030527,-0.43607312864830744,-0.3790023025823906,-0.11659338174460078,-0.5482442602354008,-0.6785619261132045,-0.15974410957141658,-0.5733937791098999,-0.942746755113493,-0.18154158605588697,-0.35046153727308693,-0.7479551269565466,0.03236441417696464,-0.4743358349247619,-0.9613141880017414,-0.0015529417317898069,-0.4126898609677247,-0.6653020753037693,0.015650622533357826,-0.349538628261233,-0.5675643224983764,0.028008078516402697,-0.22988810431752132,-0.8179562801789757,0.017184973939544285,-0.36033643195187587,-1.0,-0.08059634370536584,-0.29392604919790344,-0.6382635891261609,-0.09849503863278732,-0.2367496122358555,-0.6139670134242816,-0.07265026871721533,-0.10576031844388911,-0.8486308932287083,-0.016194633708251655,-0.22246013795630226,-0.9705230829332461,-0.11124564379867202,-0.17749395385896366,-0.6388034517216397,-0.10625692910093493,-0.11128927508658824,-0.6148867221059496,-0.06691006269320073,0.029264922780998646,-0.8665430309223627,-0.05997446437216015,-0.08572790682404198,-0.9593149748415423,-0.09670752317602019,-0.07634288337610556,-0.7238144845840647,-0.08514196441216428,-0.02022067931974223,-0.6906954814096682,-0.05904071286234921
A,0.0,0.0,0.0,-0.22700839837969444,-0.07354206444748052,-0.07612815386667734,-0.4414969899926741,-0.3754917025677024,-0.11516163495667849,-0.5587147776783341,-0.6764569371716713,-0.16150942747006455,-0.5976698234729543,-0.9351820092658617,-0.1875578632513242,-0.37035159423672454,-0.7421113491941291,0.0179389273841075,-0.49889756568125737,-0.9513472373027033,-0.020648778390505138,-0.4350649768442202,-0.6629892232552629,-0.004958689505767543,-0.36888774605096003,-0.5659077788954713,0.00622506529034312,-0.25079315811823405,-0.8187194412262069,-0.001651454148242924,-0.38366932916350327,-1.0,-0.10293104664190543,-0.31404291440237586,-0.6444725864586721,-0.1195685573523133,-0.2535403694186628,-0.6181958681232081,-0.09486048945886583,-0.12533695353624277,-0.8566034462331978,-0.03796823521918609,-0.24210169817926394,-0.9750778626130333,-0.13397552578439834,-0.1918174702449228,-0.6420245566190653,-0.1241660456923343,-0.12276656657713779,-0.6128737216842551,-0.08372913232428099,0.014713804146075987,-0.8823739854786615,-0.08508310315114888,-0.10186568538401498,-0.964189188289747,-0.12220472651618931,-0.08765916963999273,-0.7284764619512621,-0.10793698368001561,-0.030777197336408643,-0.6961694123619073,-0.08098111677261345
A,0.0,0.0,0.0,-0.23577771665455116,-0.08078875157992627,-0.07269999361949035,-0.43745325710393784,-0.3744777784326695,-0.10855030092742698,-0.5567333783025643,-0.6675918103608235,-0.15205436862358343,-0.634661344580007,-0.9112623910969655,-0.17538691881557583,-0.3663475161048787,-0.7380954875777956,0.03998074967168979,-0.4882310501625223,-0.9504833100846775,0.005484620286371153,-0.42692085197046004,-0.6676504231691957,0.02181290406350277,-0.36121851335215055,-0.5697353800882358,0.0337985070877927,-0.2491368527214025,-0.8079699230065642,0.01949605408173059,-0.3798770331658993,-1.0,-0.0802404645630365,-0.3128461375578215,-0.6410324586163011,-0.0997473283739387,-0.2519170863431065,-0.6074797365588933,-0.07510434668471101,-0.1253832753754167,-0.8438817833137957,-0.018312185029057442,-0.24528270583792303,-0.9870644697232646,-0.1147931721582523,-0.19807581899666224,-0.6475082461781612,-0.10709765560149828,-0.12794859536642283,-0.6078887164340709,-0.06640142930584961,0.011195919588029452,-0.8663380201750307,-0.06674146818458768,-0.10640047501478964,-0.9720706693648206,-0.1035612812784926,-0.09674486073727709,-0.7309409047547322,-0.08904363494839661,-0.03903340166036879,-0.6879332927300471,-0.06113225926103318
A,0.0,0.0,0.0,-0.23383067120983964,-0.08494787093055708,-0.067636951466532,-0.42892238848407704,-0.37768899575631304,-0.10509652674054884,-0.5439020119190363,-0.6648003971657122,-0.15176057624762712,-0.6314849780798287,-0.8991527709122542,-0.17996903080254384,-0.35726750246757705,-0.7278087348857897,0.037046150479192755,-0.4749764099955082,-0.9486922617190253,0.0019989229345182993,-0.42412501434762206,-0.6850221736949601,0.015368344370470032,-0.35789307483473626,-0.5716135413311534,0.025623790275843227,-0.24318548124411454,-0.7935748112558954,0.014204047544083801,-0.364979864122002,-1.0,-0.0845783641753855,-0.3098265887297062,-0.6600761918902587,-0.10835111030436231,-0.24857901044250152,-0.5995805199246618,-0.08851035473531876,-0.12281521685528152,-0.8284484382566599,-0.024197158955878383,-0.23332030770715212,-0.9801262034485854,-0.11766157375100718,-0.194794442033414,-0.649134451953999,-0.1127350442731023,-0.12673734593221248,-0.5821073894238262,-0.07610080492599104,0.01306909247827318,-0.845961950694671,-0.07316597409849508,-0.09922050559469008,-0.9651109155424888,-0.10966213931207168,-0.09275597254199427,-0.7343185171025259,-0.09612303183953058,-0.03740116186588725,-0.6724878343397083,-0.06995048212187788
A,0.0,0.0,0.0,-0.23141417769112207,-0.06969124251823638,-0.07749651311884054,-0.4316885962998326,-0.3569499452777395,-0.11485415860194122,-0.550769624519762,-0.6430116531359259,-0.15859454729581599,-0.6430564913517882,-0.8701118162553915,-0.1837037708986528,-0.3610598968742854,-0.7138606162058185,0.039742316274257304,-0.45609716823211316,-0.9553277182650163,0.00816512719019187,-0.41168169710574226,-0.7040616659655468,0.02159480354882254,-0.3576148818365733,-0.5826793790463489,0.032415809077450924,-0.24077456436018593,-0.7822657874158001,0.025491153139845645,-0.34669661263097995,-1.0,-0.0662866864147265,-0.2965837425138726,-0.6608836641397259,-0.09077477526814241,-0.24201825209943217,-0.5892606690952761,-0.07137103053526908,-0.11943460646228878,-0.8202584295845821,-0.0047944416805440265,-0.215182307167307,-0.977558254770088,-0.09230749085595724,-0.17989888600489096,-0.6534371383486969,-0.09141089700029832,-0.11790181587137563,-0.5824243139643878,-0.057387623347975814,0.016946009115140173,-0.8439189342512476,-0.04663032101905052,-0.08595104146847667,-0.9703182466010233,-0.07868938284975015,-0.07864993986660686,-0.7475127881646311,-0.06729347345872948,-0.027247234649402246,-0.6828384619815567,-0.04255716185145727
A,0.0,0.0,0.0,-0.2119988248580404,-0.04017505562984614,-0.11835014780072128,-0.4219224318215053,-0.3554437746546369,-0.16542276203790968,-0.5410555311835459,-0.6745133159264329,-0.20721509687937123,-0.6331603654744349,-0.9035487261073555,-0.2286712515972931,-0.36749613718328866,-0.7153801659117216,-0.011651754324498963,-0.4540489983104031,-0.9496048871458498,-0.058016595559759035,-0.3923191391336367,-0.6890933568361726,-0.048049454139925035,-0.337789887436552,-0.5890154618378375,-0.03825755306701338,-0.2331359641009107,-0.7827643496813727,-0.00675433917914672,-0.3329751308600735,-1.0,-0.10977741040046299,-0.27214204418322346,-0.6425389276785572,-0.12861577866431848,-0.22328016564744685,-0.5951398101802178,-0.1038510823424952,-0.10429935464092982,-0.8162854062168005,-0.022058304221343698,-0.18884284634534373,-0.9783117376773064,-0.12415153031031005,-0.15020476892692097,-0.6390815525616157,-0.12024249303699176,-0.09501207735852048,-0.5827547917426457,-0.08044757331266562,0.03763911866114861,-0.8465671143481838,-0.05173242978281754,-0.0516353324841303,-0.9637769538276681,-0.09706945365872466,-0.041510744532594776,-0.7310859073699195,-0.08922348573243619,0.002793825131124348,-0.6808446795315641,-0.06340312168508519
A,0.0,0.0,0.0,-0.21210110876321672,-0.04775228419483913,-0.12399377826211261,-0.4014919542177045,-0.3870239181403226,-0.16483839933186684,-0.5056324454317664,-0.7184306038750564,-0.19730076131809482,-0.6087576270338043,-0.9144891963342499,-0.2090168309569937,-0.3527412805591223,-0.7155327263364425,-0.004171637913209077,-0.4251082511808098,-0.951533846691975,-0.05541227536821332,-0.35838465358665345,-0.7030763246738767,-0.05136824032980911,-0.31509022417282884,-0.629828348117145,-0.045869532052200644,-0.22298751202413217,-0.7689779354216355,0.003374647898335117,-0.3019304781321687,-1.0,-0.09959413760376172,-0.2434549492491231,-0.6501773443041695,-0.12091801255742016,-0.21309577176573127,-0.6270756011361074,-0.0987148375318813,-0.09988567821241856,-0.786124390685821,-0.012400775320021108,-0.15835284773649205,-0.9703162184354885,-0.11653365467050093,-0.1299082656032219,-0.6321866944989677,-0.11419708794383153,-0.09445652634794412,-0.588617312675578,-0.07497822371079918,0.034015742385102375,-0.8042426969668922,-0.04344418175729152,-0.023481338637531244,-0.9481362708456479,-0.0912616884656771,-0.021954496685514167,-0.7164811107191053,-0.08587192252672117,0.0062338660595019175,-0.670404777283009,-0.06124017117353734
A,0.0,0.0,0.0,-0.20626483508216348,-0.04602830366371126,-0.136242542599303,-0.39338850057234304,-0.3868447342863191,-0.18283790860528457,-0.49877740478055227,-0.7185774058116657,-0.21808752290128208,-0.6033116861242613,-0.9177574403719857,-0.23271569413198556,-0.3488174705455686,-0.7166042250724445,-0.02383602604740443,-0.41309417975000307,-0.9497913822240946,-0.08212641154518421,-0.34471233761777653,-0.7019955999486045,-0.08054482241616323,-0.29859683979745527,-0.6264759000006157,-0.0756930457251034,-0.2163220954147336,-0.7646468038511387,-0.01146776705793465,-0.28641818868104724,-1.0,-0.12236131545617249,-0.22971936245354546,-0.6465010241309077,-0.1445459465300376,-0.202246295662371,-0.6206709315053861,-0.12163524390781098,-0.09081086210944889,-0.7755060301866971,-0.023367815763028845,-0.13862369279466433,-0.9642324764396834,-0.1357573561707381,-0.11405796549403874,-0.6225240325765778,-0.13450755657464428,-0.08469125385047042,-0.5773272268058663,-0.09426358036693637,0.0438871915838318,-0.7849013256965535,-0.0510189107354348,-0.0017012370808617686,-0.9283657457505488,-0.10666950815806163,-0.0032981615197170667,-0.6956005442477059,-0.10371089454915605,0.018167017654013688,-0.6501037144960986,-0.0792137287847053
A,0.0,0.0,0.0,-0.2085782426301368,-0.0339933052366798,-0.146317210741972,-0.39967755048939796,-0.37784310361559886,-0.19191528317573367,-0.5068010747115196,-0.7203702941435393,-0.22383658039704535,-0.6094837572919449,-0.9251094085931854,-0.23465655620231535,-0.35643029683362315,-0.7129828292330587,-0.018373911269042132,-0.41681496680110075,-0.9537123306892193,-0.07635915742122576,-0.349166669921608,-0.7168191030803863,-0.076432900620777,-0.3049522480077005,-0.6406194243481028,-0.0726176649615227,-0.22234794641745634,-0.7601654571805457,0.0004522906631110695,-0.2880551965939493,-1.0,-0.10974659288700636,-0.2302563521682266,-0.647967178974401,-0.13601226680658368,-0.20642076736693976,-0.6246252435822822,-0.11494215527026039,-0.09787157884384284,-0.7730547744530972,-0.006764072310018438,-0.1386576962486751,-0.9678130369714263,-0.12089992476012294,-0.11357421701885632,-0.626451616198551,-0.12584580810562976,-0.08875053218290688,-0.5815270161632374,-0.08832071000420198,0.035194428662152014,-0.7861516067542136,-0.03047162681100639,-0.0038240052223280164,-0.9372795340606574,-0.08886835388237344,-0.003949395577426091,-0.7046619473021994,-0.09058267514347991,0.013877467383234489,-0.6563901659108693,-0.06826297911293595
A,0.0,0.0,0.0,-0.2122014526567812,-0.08018905121098541,-0.1475192897609792,-0.3850502789612475,-0.40690963152522724,-0.183157198930502,-0.46528744614241346,-0.7545671188825334,-0.2022812365554086,-0.49624227638436996,-1.0,-0.19947135300051164,-0.31496001251015227,-0.7189158580881833,-0.0021551340526458507,-0.3542807843081347,-0.9300013989272812,-0.053218114082889297,-0.3015289740561362,-0.6521079472880636,-0.05733884805080397,-0.27842929870527944,-0.6069885328059585,-0.05963473929779616,-0.17700194736023758,-0.7462442812164608,0.022546002956200916,-0.22684006830685693,-0.9548496220000472,-0.09411349353523155,-0.1820140275873806,-0.5933346238511755,-0.13365492912643648,-0.17216183717466588,-0.6077485869275147,-0.11973537991961489,-0.05280683175493645,-0.7453925617165283,0.021103019837889536,-0.07888011861477685,-0.9290694861437144,-0.10287025204696895,-0.06693087383502548,-0.6051115644506738,-0.1264130440184629,-0.052320103075100564,-0.6013170855800447,-0.09798533247192207,0.06837435294044268,-0.7416111142544898,0.005959937877875468,0.050940333078348395,-0.9087391521876951,-0.061273104789378766,0.04032006921571414,-0.6914271597721976,-0.07779691695977879,0.04952804024990009,-0.6552436160577249,-0.06547205157311574
A,0.0,0.0,0.0,-0.2102449154408122,-0.05527880192115971,-0.15273491376152495,-0.3920692190680294,-0.3938690309244317,-0.18863304606560835,-0.4755965419487895,-0.7543113973800017,-0.20705840171437162,-0.5096155481252413,-1.0,-0.20325827458480397,-0.3225109574713392,-0.707057606903224,-0.0027549359829123557,-0.3642798337860827,-0.9336946863377774,-0.053007725379176716,-0.3088579629204294,-0.6639231137062543,-0.054865591682721856,-0.2836027798454629,-0.6094761976129026,-0.0551759546470469,-0.18455757799468128,-0.7357588016309407,0.02485265163129906,-0.23165514897422287,-0.9556790095185062,-0.0884816531613292,-0.1828951667410731,-0.5918430068874886,-0.1257761105887954,-0.17463457901566298,-0.592522187589914,-0.10988809599122838,-0.06089227407293705,-0.7384834601190216,0.02559836095170797,-0.08376652690047594,-0.9264665303695011,-0.09577630586316693,-0.06672703828466003,-0.5966572428596466,-0.11879575326333668,-0.055052521720518555,-0.5828476887109987,-0.08969411853626393,0.06271521276347303,-0.7416822187068427,0.0118782240076901,0.0470896353011624,-0.913093438531709,-0.05404816012624737,0.04350225520642854,-0.6891453070325302,-0.06970624907091778,0.051403243334426946,-0.6447443929330744,-0.055910855148377715
A,0.0,0.0,0.0,-0.20558089304296018,-0.039881987640948136,-0.1522398438961905,-0.3886550241890125,-0.3923268106548407,-0.18975522553218502,-0.46543116300920395,-0.7663353437563993,-0.2079097836390948,-0.5103112557437901,-1.0,-0.20473733569342348,-0.32140623363963794,-0.7137164812376472,-0.02692006758895992,-0.35122575886598423,-0.9352220005578159,-0.07872030753900666,-0.2937945754714796,-0.657533897511974,-0.07799479063264284,-0.27064428669516283,-0.5948948489124906,-0.07636219299631845,-0.17874549786000674,-0.7470633584412287,0.0007778787641930313,-0.2163021713125076,-0.9624224779444945,-0.10796445475701541,-0.16772029328888102,-0.5992454890572633,-0.13627771908996666,-0.1603232089428461,-0.5920135719772537,-0.1174466817283435,-0.05108023561701209,-0.7484742297367795,0.003280895452533317,-0.06633098871488284,-0.9401935815954092,-0.11248435949743177,-0.0489789280852921,-0.6108055761210294,-0.12538328158990877,-0.041004337436029534,-0.5804019425338373,-0.09250444104558417,0.0789860907386799,-0.7503891739227527,-0.008797692703163934,0.06887752974632347,-0.9180237562881703,-0.07203659289244609,0.06468302247294083,-0.696575918102981,-0.08256581788501008,0.0659716977897701,-0.6495968343481198,-0.06606613935888586
A,0.0,0.0,0.0,-0.20901443609765377,-0.01100369430872996,-0.14522064749023247,-0.40839070512216996,-0.3796064229666813,-0.18706782753221068,-0.48939478825402033,-0.7692063337574522,-0.21296098664181065,-0.5417814897207639,-1.0,-0.21849457851398907,-0.3388341615591856,-0.7199613964667961,-0.040282881198360314,-0.37272584326319924,-0.9512710481081799,-0.10008406817263905,-0.31300359013347884,-0.6797789723967375,-0.100782207421692,-0.2841132986555279,-0.5994317313413199,-0.09854572556664869,-0.19245913016599814,-0.767805225538196,-0.020982249428038866,-0.2298098703849569,-0.9863933916698436,-0.13434752377576362,-0.17753737042591783,-0.6192886101969963,-0.15907222661341433,-0.16382511958756382,-0.5904655680008842,-0.13825389700243063,-0.058436935946648574,-0.7774444930541273,-0.025690623834380547,-0.07677471466129716,-0.9719706216010073,-0.14251763902636014,-0.05422199550383529,-0.6291277914871213,-0.14594863625006524,-0.04090370318563516,-0.5734719190230612,-0.10783778809723182,0.08439711507917197,-0.7867892087156048,-0.04553521059121179,0.06676802152368287,-0.9550082741070947,-0.10761954125177337,0.06883734306157369,-0.7260874392280467,-0.1101071456807377,0.0761592003253398,-0.6676179790832725,-0.08814829881762325
A,0.0,0.0,0.0,-0.21481395312232543,0.0028673865096338676,-0.15857187632579162,-0.43265392250801266,-0.37014211750308407,-0.20272591491635272,-0.5356104122110971,-0.7542726739713413,-0.22946342104019904,-0.6214166891289677,-0.9693655203351047,-0.23443904616439754,-0.3783309788906837,-0.7231453353506775,-0.03913172622515396,-0.4244811700333885,-0.945395949702809,-0.10516369762162701,-0.3455425777015262,-0.6685356284886249,-0.10917491686467042,-0.30964859943454026,-0.5969154013996801,-0.10809856326099591,-0.22512291961381894,-0.7858339694919323,-0.015189078074801476,-0.27400510861588284,-1.0,-0.13565087603361775,-0.20368994941555388,-0.6160083982772563,-0.16270528812961604,-0.18952738662768392,-0.5989484445922256,-0.1408493052547432,-0.08565662388664047,-0.8053464129508774,-0.018479988350123704,-0.11293553090058416,-0.987518543695242,-0.14120940401836568,-0.07587740699131743,-0.6246693368931981,-0.14390938387607602,-0.06055524840681621,-0.572793226484922,-0.10270017908334239,0.06076970599635225,-0.8279672617700818,-0.038787686418431395,0.035276551915460426,-0.9750545489602742,-0.10191305578596842,0.045341794242699095,-0.7322660543148277,-0.10399897556308993,0.05403224537096244,-0.6823291619036751,-0.08042123733071234
A,0.0,0.0,0.0,-0.22005451506944043,-0.0697790583760733,-0.11492263162777061,-0.41191909179968883,-0.4247263297412551,-0.1537499813655681,-0.5166638621563995,-0.7411445859505561,-0.1859329180335794,-0.6355363337751397,-0.8900084135308016,-0.1973557555832826,-0.3564350832709042,-0.7506810349795424,-0.0077509268072784715,-0.41585339710712843,-0.9568821529418544,-0.060988744115524886,-0.34688687834956494,-0.7014928830749726,-0.06151281055936745,-0.30602950498472886,-0.6354515069440443,-0.05929368418352465,-0.21477208551835417,-0.8090799285426151,-0.0032992291991559564,-0.27357552008298275,-1.0,-0.10690827532050386,-0.21705480320405693,-0.6587919091799689,-0.1306787688951019,-0.1973739411052844,-0.6472256094047139,-0.11272054841449336,-0.08044418832478534,-0.8215683743444937,-0.020823747429072975,-0.12051748977122112,-0.9708365700455253,-0.11898872250542865,-0.09326179911254538,-0.6446818417564686,-0.1147754740757623,-0.07221137555465913,-0.6039952745922895,-0.07738464107858603,0.05851991010199965,-0.8244002766092319,-0.05319738959469275,0.019510171151962196,-0.9578989223765343,-0.09297202510440289,0.019864461476401776,-0.7433495072898058,-0.08553532107628095,0.03375854319137901,-0.7058952342534432,-0.06208167473270923
A,0.0,0.0,0.0,-0.22931198674168787,-0.09392416190027994,-0.1089322774721806,-0.4156511949737764,-0.4300160190707677,-0.14685755991302432,-0.5192485476607779,-0.7355059466849403,-0.18008022984191063,-0.6365411832883564,-0.8953888141667787,-0.19152414965720202,-0.3557285009483946,-0.7555764062575618,0.01065187477062734,-0.42602356160626553,-0.9654204866635728,-0.037460480907449564,-0.3608086529236452,-0.7162660471701998,-0.03651773087363165,-0.3176729399623166,-0.6519921243841154,-0.03388391616627336,-0.21834884187239628,-0.81206057488255,0.012342472000606446,-0.289525281009815,-1.0,-0.08704621428910735,-0.23374141502486637,-0.667953954002793,-0.11235547142801106,-0.20844589773361671,-0.6665320523109733,-0.0955361865806728,-0.08738255775426296,-0.8237613192822839,-0.007939223644767509,-0.1393233791951748,-0.9750828038855698,-0.10309901141785525,-0.1151226552185871,-0.6586341258997663,-0.10094724986374905,-0.08737376875894147,-0.6300403690949853,-0.06553624686416636,0.048185103452954,-0.8233547719089512,-0.04251284684019944,-0.0004140968949549984,-0.963038950630016,-0.07954767306514172,-0.005051756759596583,-0.7508704626600379,-0.07145604367611605,0.01519977865253321,-0.7141400117378159,-0.0483529018300135
A,0.0,0.0,0.0,-0.22325584921555114,-0.08031920577845542,-0.10560377630538677,-0.4014596761997044,-0.4346885932499397,-0.14349398624337972,-0.48611039339201184,-0.772357618885082,-0.17704700572804571,-0.5911180212827265,-0.9552450437942439,-0.19063209039353537,-0.33025603256142433,-0.7497971015074443,0.00727063126975787,-0.39019647553375025,-0.9787162143141005,-0.035461461527224396,-0.3405823798539621,-0.7038874955382958,-0.03137876520791649,-0.3087627007711174,-0.6222891610256732,-0.028022229897502565,-0.19631420722030432,-0.7978008306365212,0.00642209044425102,-0.265289047361266,-1.0,-0.08754766399491826,-0.2208078556989377,-0.6552759210454361,-0.11192886052380013,-0.19150808140556771,-0.6286755509978302,-0.09633142389867533,-0.06768233256533208,-0.8040406108043175,-0.013972561478151922,-0.12600750341174394,-0.9786476477516048,-0.10389098496787444,-0.10566854265896558,-0.6568868450478748,-0.10091296634865227,-0.06991425779232503,-0.6035222141447467,-0.06719674590258273,0.06901531113638597,-0.8016385513100589,-0.04833665232204632,0.011816081289394766,-0.9660819053789242,-0.08187914642128041,0.006327411579376137,-0.7489437544028235,-0.07187736146084862,0.034320742003926354,-0.691344831667138,-0.04904907562992808
A,0.0,0.0,0.0,-0.20936328824200287,-0.07474145189437598,-0.09892156533913088,-0.379609374807407,-0.4480323182050541,-0.1435356315729847,-0.45691238420045677,-0.797848851971783,-0.1855000167353142,-0.5588809736338864,-0.9985411672320544,-0.21081032824804724,-0.32227037810874587,-0.7682925572075572,-0.02280939024289319,-0.37503935901449736,-0.9942054566329211,-0.07323536823456488,-0.3266524791192724,-0.7309259772633199,-0.07176219954087629,-0.28721491467413873,-0.6309581143888937,-0.06999241655163504,-0.18887094030674595,-0.8076188518978272,-0.03016293577015159,-0.24209564537466308,-1.0,-0.1291563688936673,-0.20259656321007305,-0.6471202423775736,-0.1508901925908307,-0.17154378548894486,-0.5883023552210167,-0.13646287269487967,-0.056118166910907326,-0.8030052470468694,-0.05351857497287298,-0.09755634586091079,-0.9619513465433205,-0.14458253933831378,-0.0839637312144046,-0.6255277469566658,-0.1358426250507618,-0.0559299159661229,-0.5458245380176144,-0.10213162213040697,0.08989699759912813,-0.7854956680992414,-0.09050366661858739,0.04309770067158525,-0.9286189395241599,-0.1263485864427341,0.0341292239646142,-0.7005819419384782,-0.11329236092796303,0.053266725368092224,-0.6329922330797698,-0.0899541601498143
A,0.0,0.0,0.0,-0.21007462620157438,-0.09249898107559262,-0.0955392742286764,-0.36962150295354596,-0.4631543140992441,-0.13261525400903368,-0.4392251636063339,-0.8021043013738126,-0.165288105190897,-0.5370411280605553,-1.0,-0.18080107634332276,-0.3001340842227787,-0.7564232282728831,-0.01669139999031128,-0.34779605315848766,-0.9528266920819339,-0.061894600255565334,-0.30257649942068143,-0.686418449561907,-0.05992186638349241,-0.26490699756348035,-0.6077145481048006,-0.05914808590029977,-0.16700282273207004,-0.7851604561221783,-0.021415502638825076,-0.22293076030448486,-0.9451331453884995,-0.11206758241815898,-0.189107364376267,-0.6077018671678529,-0.13264331336293772,-0.1579605360343284,-0.5775592800431418,-0.12070270953676533,-0.0417476466850696,-0.7689525501586675,-0.04179288189961989,-0.08503713957217633,-0.8990277058449776,-0.12736751522031678,-0.07875484767747527,-0.5811873628456556,-0.11993210624007769,-0.051425648774532054,-0.5270744678010988,-0.08938593300201601,0.09111853872891627,-0.7453601119126056,-0.07495213461200556,0.04420596867230145,-0.8499504776041306,-0.10721129803502204,0.034506164270192055,-0.6333978948754776,-0.09516314957417632,0.05586508906912134,-0.5857080056312259,-0.07406423264855158
A,0.0,0.0,0.0,-0.20649552861376264,-0.09720499494143788,-0.11332616956996558,-0.3568687620036211,-0.46435806487875,-0.15488145768078995,-0.41940155894600134,-0.8001745981253423,-0.18834019870871846,-0.5122517657132334,-1.0,-0.20399230775840238,-0.28694855095514743,-0.7505875346505526,-0.026271848849353668,-0.32260734795014623,-0.957102675656477,-0.08111141776239662,-0.27991786712843486,-0.6932265494387747,-0.08521928711516377,-0.2509219020193589,-0.6200024874253474,-0.08752776433250016,-0.15421152204121952,-0.7637469714400519,-0.024130736566614724,-0.19930950029059824,-0.9425608043950893,-0.12503247310043533,-0.17070219539204454,-0.5983779116629157,-0.15001389215267844,-0.14904317835557268,-0.5746318490898176,-0.13852823550826307,-0.03339225023498994,-0.7369868190374143,-0.04113295028548304,-0.06285939110697603,-0.8786081420128533,-0.1396883862366721,-0.06306412534710347,-0.5598173177422788,-0.13833725386020027,-0.04406043486891986,-0.5173952351454068,-0.10809021395615749,0.09386132125337536,-0.7098164806279792,-0.0721813290641572,0.05963052166571395,-0.8116062310004951,-0.1166231965585306,0.04624051968055718,-0.5950990545391925,-0.11142513531524843,0.06110647376364197,-0.5574564162419308,-0.09233888443926812
A,0.0,0.0,0.0,-0.20457415808723078,-0.09703789283599189,-0.1288338209975979,-0.35345870428442444,-0.4616227026922069,-0.17463698240934564,-0.4119396899059232,-0.7938363982596562,-0.20857878186482942,-0.5010060928673369,-1.0,-0.2226611520776013,-0.27839951623215864,-0.7792537381745254,-0.03834812269647184,-0.3197500162966518,-0.962427826636912,-0.09978341822758319,-0.2667957453949823,-0.6902815090560841,-0.10721906032259752,-0.23080940961738236,-0.62745465716699,-0.11084705907989113,-0.14291428515950608,-0.7921751106438634,-0.029314652407695166,-0.196596981721398,-0.9475536298538016,-0.13562928206801747,-0.15863341132610362,-0.5943104574574172,-0.1605725558503802,-0.13334877469982953,-0.5949900625097954,-0.1476867066145198,-0.02036124475906614,-0.763534889397745,-0.042408923250419304,-0.05622136816979585,-0.8816269467564115,-0.1470894169904246,-0.052457465738890194,-0.5611324161901341,-0.1468698456131703,-0.03269926644262816,-0.5444055328172958,-0.11592429827451754,0.10694376060149208,-0.735875795935407,-0.07055744504008292,0.06731696086168373,-0.8189157664211304,-0.11976586118583463,0.05521166923483406,-0.6026479631959191,-0.11767640505017991,0.0707932100520522,-0.583350785776005,-0.0999152217329583
A,0.0,0.0,0.0,-0.192521479837413,-0.11021711703294215,-0.1280417053929883,-0.3314329311458646,-0.46591456903039935,-0.1716026748703815,-0.3869195256293482,-0.7930736015105389,-0.20225343125758435,-0.4690831639002306,-1.0,-0.2129067943446507,-0.2466061312332227,-0.7685347967920538,-0.03425428065625208,-0.2960514587487955,-0.9498344265518247,-0.08988558979423263,-0.2505246359648343,-0.6883745485207301,-0.09354660409711883,-0.21218737514638505,-0.6343025078774212,-0.09458166206072305,-0.11816303754049055,-0.7730113273218259,-0.021956510821258046,-0.17975108667427517,-0.9248364757991061,-0.12176092369256589,-0.14770487170565585,-0.583422993872894,-0.14311813765920356,-0.11796957713280784,-0.5908028635579633,-0.12755089812999734,-0.002599248055221339,-0.7420278548594101,-0.03154161643702676,-0.043657851941740614,-0.8589627770711298,-0.13194240460189285,-0.044462647237700645,-0.5499096324940114,-0.13180593440597335,-0.019867380740973425,-0.538798699716774,-0.10036619990243861,0.11724159278389813,-0.7115035284312281,-0.05578206221566334,0.07829385690120565,-0.8074753674744618,-0.10284724006596568,0.06378088702886658,-0.5996470135731822,-0.10099535822642375,0.08321606288867629,-0.5780983902374432,-0.08293990437690557
A,0.0,0.0,0.0,-0.1865192104089427,-0.1387676776501135,-0.1192175014222365,-0.31234613353729507,-0.4818322800955744,-0.16239680449054733,-0.361024765127534,-0.7919483249374432,-0.19555810081837424,-0.42852766305424983,-1.0,-0.2092408872673985,-0.2249388397060978,-0.7750376856760556,-0.024078118371594022,-0.2721153929012161,-0.9407360986433156,-0.07736185851039735,-0.23220497679727173,-0.6901626791016768,-0.0833486196430863,-0.19247700898899575,-0.6414935562174011,-0.08607647609550102,-0.09673444293988982,-0.7676931017606855,-0.015526434877489273,-0.1523137207358431,-0.9129798887897408,-0.11469883248952634,-0.12999173634022387,-0.5877274697898012,-0.13881104435716396,-0.10179545168879076,-0.5977639089339344,-0.12486462346380321,0.017718879268257534,-0.7278837156575998,-0.02826863944719507,-0.02205455204040487,-0.8405600984388785,-0.12579421090185178,-0.029463319721026452,-0.5502343450299331,-0.12650075232697502,-0.0028826236421493597,-0.5429159100559617,-0.09603854490168595,0.13433662067127303,-0.6856326721514071,-0.054893960978887144,0.09666520767459544,-0.7871187937493332,-0.09929575955804876,0.0788081550228105,-0.5945056914062395,-0.09683751763458016,0.1012620727136688,-0.5735719780812442,-0.0789782642373721
A,0.0,0.0,0.0,-0.1778736553144248,-0.12802056410727372,-0.13861134337663314,-0.3009821616552744,-0.4628898330868714,-0.18653050707107532,-0.349938431377694,-0.7799020149901321,-0.2185142701040375,-0.40806408384578047,-1.0,-0.23062516718791515,-0.22325325976335908,-0.766557773608646,-0.04207187147828914,-0.25136459932290134,-0.945518172895687,-0.10219389179593451,-0.21339821935172706,-0.6919907062929942,-0.11235444228689039,-0.1840995518703929,-0.6388992492439023,-0.11734770714504515,-0.09227765168340671,-0.7475577155073586,-0.02178383805536737,-0.13128142077014818,-0.9022573912022156,-0.12956051576127864,-0.11240974777169067,-0.5656441464827168,-0.1580992004418434,-0.09739806191598054,-0.5757572065900605,-0.14482653141239105,0.023722505752339827,-0.7061349336801918,-0.024437625583801078,0.0034032985287879383,-0.8308634038732942,-0.1324753222496306,-0.007949880455039287,-0.5350475712099999,-0.14003891504582064,0.003175578966834161,-0.5323617923434998,-0.11100584229363762,0.14048641398229347,-0.6652856677868345,-0.04152704012664703,0.12283080717682096,-0.7903008959468417,-0.09645479851650417,0.10320288032446757,-0.5902241147831542,-0.10117377102334982,0.11217796736706831,-0.5592623760427775,-0.08590801893654525
A,0.0,0.0,0.0,-0.1700401314187701,-0.1310257539572898,-0.12756705951835806,-0.2796691490820048,-0.4808627267175916,-0.17364450057277211,-0.31005935972711973,-0.7950823434219642,-0.20593962759784643,-0.3602183139454477,-1.0,-0.2204627413862092,-0.1858613877878053,-0.7722326935346256,-0.05192721996652416,-0.2084043452450971,-0.9237506082935834,-0.1155313193637474,-0.18378809832759918,-0.6714539865608532,-0.12712218071961973,-0.15582984618873105,-0.6151769894961642,-0.1325758214536025,-0.0584043908386199,-0.7471623351300221,-0.039244092157393246,-0.08980009063992334,-0.8837444197327551,-0.147064008703769,-0.08534499554855239,-0.5507560773886219,-0.17194507799954056,-0.06693737060938175,-0.5500639677124909,-0.15878158205842793,0.052978761625208474,-0.6923677354700282,-0.04774004856284246,0.038718323520087444,-0.8024475210953631,-0.15475953044716803,0.014770477646863575,-0.5085805490128851,-0.15592529033465538,0.02685428097342779,-0.4929808771646665,-0.12519174146554193,0.16503943383787126,-0.6334988986124676,-0.07026650686407035,0.15135651368823938,-0.7344456937069692,-0.12552721480685716,0.12184048285364388,-0.5398887092504091,-0.12678896805714343,0.12931113354312432,-0.5141283688674052,-0.11035739489215353
A,0.0,0.0,0.0,-0.16357162315528964,-0.11622636399331644,-0.14101618684285833,-0.29149706494766325,-0.4647684562792212,-0.19109528004093426,-0.32437414394966,-0.7804040446865792,-0.22492589906123772,-0.3285015365797093,-1.0,-0.2415969504563724,-0.19217671631666355,-0.8182669000829276,-0.06682236913598008,-0.2177118140246555,-0.9283327073955472,-0.13363224346011757,-0.19019512489910906,-0.6626412591822226,-0.14888883431606822,-0.16298091084863559,-0.6130521158859213,-0.15716078408748757,-0.0580761636035792,-0.8051434051416333,-0.04691376066686782,-0.09798768648015514,-0.8881057371864945,-0.15705916147956392,-0.08797215457488805,-0.5464721629593959,-0.1820823098401079,-0.07000557807068361,-0.5571094140304772,-0.16992762104930895,0.0602466437447933,-0.7501672946610302,-0.04935988644682479,0.03976534768339213,-0.8072468092201743,-0.16167300387486278,0.021306774587411027,-0.5103941003438914,-0.1667038371114315,0.03153081180070436,-0.5125380031772538,-0.1385150426739355,0.1800868888128834,-0.6879400086882484,-0.06615670051577582,0.16057977764285225,-0.7326481028389944,-0.12866916851622257,0.13560153781365575,-0.5288441307337773,-0.1351941348911822,0.14119606111641778,-0.519498410265675,-0.12169675813474645
A,0.0,0.0,0.0,-0.163265272739645,-0.09137537098977717,-0.15203776626722784,-0.2871120637762179,-0.4564695513575478,-0.20018007953243513,-0.3314289845741535,-0.7928434305365808,-0.22786226773744658,-0.39748773836256757,-1.0,-0.23714917811233602,-0.22955630407813948,-0.7890756269530943,-0.06084165384096778,-0.22626385159362028,-0.9369765576336218,-0.1252884811749973,-0.18154715168836336,-0.688150704291704,-0.1385838457166188,-0.16775215527394358,-0.6344985160408914,-0.14542418442635954,-0.09307590437754851,-0.7828790507896128,-0.031952087544047714,-0.10864667901990652,-0.9067284590380176,-0.13279523767091705,-0.08450813429437352,-0.5718391932706249,-0.15575818400367983,-0.0873340687698581,-0.585986531827913,-0.14300046224732132,0.027395664850321657,-0.7448709191124511,-0.027769926165457554,0.0332739226247494,-0.8354071465586281,-0.13479750695715104,0.02636088472228765,-0.530106769156682,-0.14038530533565746,0.013175371513219536,-0.5204397701041127,-0.11180481028676793,0.14890823008432658,-0.7058558151829692,-0.03929761458998764,0.1548084070078464,-0.7910653622482896,-0.09833776278306458,0.13927394617965588,-0.5792357610590286,-0.10484020513243096,0.12640707851112054,-0.5525922174588966,-0.0905116655497192
A,0.0,0.0,0.0,-0.1522751590413156,-0.09103981938179484,-0.1702094374937331,-0.277582050062131,-0.47136018383014716,-0.22601824714802776,-0.339757217334048,-0.8047199487695251,-0.2565151136644023,-0.427008283464588,-1.0,-0.2682948691285513,-0.2364193404410933,-0.819188409171968,-0.08758607717339541,-0.20086749200192985,-0.9409584836421816,-0.15702047384354836,-0.1589084884266369,-0.6876215770233729,-0.17396915570939225,-0.1567223604026437,-0.649471401336837,-0.18463785317657522,-0.09527389500830756,-0.8169768532738053,-0.04997538645865132,-0.07623310133743927,-0.9067215239594144,-0.1560864281449744,-0.06388619554169067,-0.5780381458261817,-0.17853219400243245,-0.08705065433280938,-0.6113684010484314,-0.1678125362315068,0.030089874152097497,-0.78013454022054,-0.037380956200284046,0.06658857632678297,-0.8423508604993365,-0.1485803016165417,0.05113077087277163,-0.541510335427118,-0.15453250482473643,0.016264471304309424,-0.5559824761797697,-0.12701376305952003,0.15389116736024538,-0.7423316557627927,-0.04195058932540993,0.18286823744013575,-0.7895334854990856,-0.10250658286355141,0.16314758271252516,-0.5697453130740092,-0.110745872793511,0.13240126791410464,-0.5580933243131295,-0.09851085173521626
A,0.0,0.0,0.0,-0.15743414158713703,-0.09404365866300098,-0.17773406125800031,-0.2940720386249169,-0.49037053103627004,-0.23169593122988796,-0.37189228853759393,-0.8271692009104122,-0.25989902454010416,-0.4793808661310858,-1.0,-0.26870354681309266,-0.2468239794481189,-0.8508587227186173,-0.08196702852738319,-0.21395005408389764,-0.9614462090567993,-0.15274929656168704,-0.17219383443566832,-0.687750349291839,-0.17062087116014227,-0.17038258723845365,-0.6521292717828532,-0.1817072339194351,-0.10390551937442959,-0.8622526084213136,-0.042306293080564286,-0.08589727158003853,-0.9411101705896272,-0.1494882747668622,-0.07465197575238589,-0.5927528281371478,-0.17409974921503743,-0.09949606201620263,-0.6275432812024653,-0.1643324737054657,0.024669088235625514,-0.830896271591306,-0.029825445043464703,0.05872152144764566,-0.8819742171919189,-0.14290665878507042,0.04227100258025262,-0.56403660240448,-0.1522877810752418,0.006619643722324256,-0.5781184859888903,-0.12606468306085325,0.15305390925172674,-0.7946452716025735,-0.03586509970228545,0.17932192313326048,-0.8292526281394013,-0.09679297283012345,0.15737780419375558,-0.600376685896497,-0.10795061559612044,0.12478345314418993,-0.5934859184685243,-0.09737613087200467
A,0.0,0.0,0.0,-0.16090014931214938,-0.0989664120145543,-0.1930372939189239,-0.3030880796718032,-0.5001866401867127,-0.2480423540424326,-0.3915645883768465,-0.8319477262513952,-0.2742514381646076,-0.5075507733789484,-1.0,-0.2804044033879235,-0.2602554252496992,-0.8728520070162213,-0.07858912938019698,-0.2167526781960773,-0.9756005102706464,-0.14406344121246,-0.17657611295536582,-0.6978549062812577,-0.16077309476840856,-0.1752442630793094,-0.6847324703187742,-0.17288671107604958,-0.11226606555238247,-0.8823173825435252,-0.03130415235234228,-0.08123378223620312,-0.9688782018758245,-0.13749060352056489,-0.07616804140150472,-0.6191913224997463,-0.16404959269181,-0.10898953365321891,-0.6669588884217851,-0.1548454681248877,0.020982343475928852,-0.844799443341113,-0.013220894124318714,0.06790259919110506,-0.901222040212806,-0.12742631458343545,0.0491958163605526,-0.5782196338228259,-0.14125638639460633,0.010151414116521462,-0.601291260165548,-0.11630176668757705,0.1516221387878173,-0.8021998173463027,-0.014765535614341619,0.1920397054346723,-0.8327747416030037,-0.07821575274211223,0.1716093095400316,-0.6036106721945986,-0.0942255055978883,0.13722438861748545,-0.6085774756099329,-0.08592964941774246
A,0.0,0.0,0.0,-0.154671923818216,-0.1014436197862523,-0.18156076363573867,-0.290242958448529,-0.4989268544413726,-0.23193913007682976,-0.3737698986846814,-0.8273118832167428,-0.2553148312465744,-0.48324567267692153,-1.0,-0.25946696184655854,-0.23672073443743466,-0.8650981930851682,-0.06850486126408521,-0.1990669906539133,-0.9706055142515649,-0.1288215858084648,-0.15628510735542744,-0.6969507312636676,-0.1432159236195464,-0.14859485281077417,-0.6781615323075633,-0.15297812298685434,-0.09356464515826365,-0.8721206415345537,-0.022496944083413982,-0.06914334232152713,-0.9622886805978339,-0.12078553325329795,-0.061867845474147656,-0.6125619337731115,-0.14552781127885228,-0.08718370283019707,-0.6511983725291797,-0.13561024437118546,0.035254048863219166,-0.8369714371620764,-0.003986024854565647,0.07715452762936655,-0.8945779760464102,-0.10865775785081061,0.058897014633092264,-0.5776131778507306,-0.12038222626258717,0.025540117944721007,-0.5963316512012158,-0.09614310183492258,0.16145589547679542,-0.7991574056994887,-0.004185133594206922,0.19842086426690067,-0.8346403354170732,-0.0591579415952232,0.17681934512354058,-0.603268447032741,-0.07139473749782943,0.14560056523619685,-0.5983109019433904,-0.06200652420432989
A,0.0,0.0,0.0,-0.1437697433098175,-0.10422019335642042,-0.1741430184684413,-0.2686086675565416,-0.4801269502795313,-0.22640721899650423,-0.3389030400688544,-0.8046263611483042,-0.2539074233045242,-0.4246755123131358,-1.0,-0.2628709850984762,-0.19835567388371098,-0.8391676922297091,-0.07124450727046526,-0.18273033444791836,-0.9496502281180939,-0.12909303541652428,-0.1437656054258693,-0.6851928926326011,-0.1402682207506222,-0.12772302935863145,-0.662366945479586,-0.14710872480695536,-0.061791365822388915,-0.8314481249006477,-0.02878025179906201,-0.0564272889308501,-0.9297942471689116,-0.1225299743237712,-0.04735842661100753,-0.5881902033528584,-0.14258537110718714,-0.057233486653427736,-0.6172995272812413,-0.1294146912390615,0.059260704964391786,-0.7870603541407977,-0.012649100500525062,0.08078080490808208,-0.8601088332443113,-0.1144621027685165,0.06471374636081727,-0.5472306694441064,-0.12227327465862947,0.04696808622522571,-0.5495537464573679,-0.09584249783643468,0.17921244344460907,-0.7373250580252018,-0.014085128071159603,0.19597466649517437,-0.7994174549048235,-0.06971819920776391,0.17532352218060968,-0.5766434381953585,-0.0793197171042844,0.1577668254119867,-0.555026097978885,-0.06753380057333458
A,0.0,0.0,0.0,-0.14258813886223573,-0.07325255697198027,-0.18996705152065815,-0.27050319768609093,-0.4714513576493165,-0.24795559429931513,-0.34081733105708484,-0.8113811733202629,-0.27826524855599677,-0.4321265339408868,-1.0,-0.2904706836185313,-0.22999594318240033,-0.8383669716895054,-0.093394521541053,-0.1912630271612938,-0.9431308247524026,-0.1690902661920767,-0.15078554111439257,-0.6886683253927706,-0.19028985322396771,-0.14369580237067683,-0.6568801134247433,-0.20239761053766217,-0.08937529162703309,-0.8493923773366507,-0.047937071223222806,-0.05546209644703084,-0.9156791154199222,-0.15811923773689346,-0.04627610451359034,-0.5734664744870479,-0.18346218939707337,-0.07116426511372242,-0.6021130758292592,-0.17294186316593999,0.03424895568099845,-0.8149246581127352,-0.031121611490079713,0.08587645951974479,-0.8437761772040081,-0.14965724020075247,0.06520295856923104,-0.5219905820910195,-0.16005525831381998,0.026798880152192967,-0.5212785621419997,-0.13310315498196815,0.1545650966921014,-0.7726762950317138,-0.033767126240350054,0.19657011994611218,-0.7750037729788256,-0.10173669887521154,0.1744857326017216,-0.5369125402739529,-0.11475380033441976,0.13882242907838244,-0.5173335493277175,-0.10328139188627018
A,0.0,0.0,0.0,-0.15128340584213798,-0.04854050134659209,-0.1787212025144691,-0.29255541744354674,-0.46795076306884886,-0.23012180934410795,-0.36403218009805954,-0.828205234445135,-0.25751878641751447,-0.4547479455838685,-1.0,-0.2672740044618484,-0.24777190801740212,-0.8126583108901319,-0.0813931681504749,-0.2292859609143015,-0.9699906774394034,-0.15129276179904888,-0.17847455286237138,-0.7112744285615634,-0.16385130834279588,-0.16434742075823494,-0.6537252261584144,-0.16955860367806277,-0.1082715282093778,-0.818229749326704,-0.044001060064879985,-0.09523651681513708,-0.9518810855603895,-0.1471523040440596,-0.07588944133692424,-0.5953121331399766,-0.16738008095863732,-0.090380843864374,-0.590874594295974,-0.15215795800442145,0.01568572612388647,-0.7856636282024722,-0.03483028240795021,0.04567087908293626,-0.8794648159657482,-0.14735308437690953,0.03532421794074995,-0.5436958773565361,-0.15181262403232007,0.010326634900904633,-0.5058690698156205,-0.12057141788288288,0.13962744285615633,-0.7511231959118846,-0.04498981796316049,0.15929114011463297,-0.8134455493405152,-0.10886085749340702,0.14434534907810234,-0.5734655755817968,-0.1162014136532026,0.12247185967819901,-0.5297683171051722,-0.1002779838141031
A,0.0,0.0,0.0,-0.14751284017148802,-0.06736090767612958,-0.1702008637263915,-0.2866614007219565,-0.43744885926553284,-0.21575398450763342,-0.352776400059685,-0.7862648435025043,-0.23606692712978383,-0.4006758714348926,-1.0,-0.23783447498816537,-0.23422432215464153,-0.7754777136776307,-0.06799763669166303,-0.24408008232147593,-0.9500394301306786,-0.12353385585293404,-0.18862008078100986,-0.6876141048683562,-0.12659117142321102,-0.16045275522670793,-0.6376047106034664,-0.12706426853670633,-0.10417965830657659,-0.7709958597557104,-0.0275591508175436,-0.1191473165757695,-0.9416562975252316,-0.12818634338337678,-0.08784975106003724,-0.5849971494932092,-0.14712002704383356,-0.08581298419539814,-0.5804182913266281,-0.12712258992175934,0.009034285682979171,-0.7383378177654412,-0.012972964610725396,0.017989292149391694,-0.8856384410096563,-0.12562136061049273,0.01420097023581055,-0.5663604104085233,-0.13503173916230635,0.007476094576882632,-0.5381099383587977,-0.1037798155939166,0.12133361822287579,-0.704643183904901,-0.014257744640709696,0.13161220087806566,-0.8180814300681576,-0.0813052050852953,0.1142326496951134,-0.5999225899682142,-0.09360921461555949,0.10095241410048544,-0.5593419438297083,-0.07941468984451046
A,0.0,0.0,0.0,-0.15104030722158043,-0.06150863280152362,-0.15434017385480608,-0.3052973867432639,-0.4247065159699023,-0.19715832303211414,-0.37882138062380966,-0.7760554497486652,-0.21974812446206826,-0.4060801148958756,-1.0,-0.22576800098022368,-0.2453326672702863,-0.76277451684411,-0.06316514497472867,-0.2673358518842299,-0.9569749289706204,-0.11825619527289595,-0.2152518030534828,-0.6948315588997471,-0.12070837727982717,-0.18408785787879733,-0.633172905804115,-0.12062352253881121,-0.11751787442630117,-0.7706219363701645,-0.03203438017954305,-0.1419763339473602,-0.9537195978644354,-0.1358599001185046,-0.10869462050017172,-0.5962221736551251,-0.15753399820149191,-0.09812263885853445,-0.5708988728964376,-0.13866251649741124,-0.004601454931468357,-0.7479983764713228,-0.023880846467906718,-0.006867214087233444,-0.9167844765681101,-0.13560111120845433,-0.005893409098004933,-0.5979980642542696,-0.1441748939522178,-0.0009388366792594211,-0.5508813887414531,-0.11328877317105074,0.10887539417402979,-0.7204400699366199,-0.030485015248543013,0.11163820287864124,-0.8527693652627306,-0.09565656876254595,0.09547129164194948,-0.6342370976302726,-0.10572701273519573,0.08905148459208842,-0.579980954759749,-0.09083807419512267
A,0.0,0.0,0.0,-0.1617514744949304,-0.029044578716406182,-0.18087214787932493,-0.3390609207020123,-0.4036429675992146,-0.22983926445497804,-0.4289202027522651,-0.772920724591913,-0.2536936319925378,-0.4783096284119109,-1.0,-0.2593983914900037,-0.2931804276262662,-0.7713936223292175,-0.07779659661563566,-0.31998147218365747,-0.9702080992398515,-0.14099789704380133,-0.2542315581899816,-0.697820033687509,-0.14524023542482517,-0.22006517350697882,-0.6296081592639552,-0.14541647194801835,-0.15880075980354494,-0.7875458765730062,-0.03809544869777272,-0.18812695631066895,-0.9718346144643036,-0.1485723042744165,-0.14096475732104333,-0.5921639692929982,-0.17110551039888217,-0.1324130473710603,-0.5647692694150849,-0.15105717751034606,-0.040084435160326136,-0.7702281072744259,-0.02562520790515349,-0.04615772038865764,-0.9345268429108994,-0.14776377034590163,-0.03502033261632649,-0.5975642569947368,-0.15919787797658344,-0.031707717111479565,-0.5522241062947221,-0.12723872760930427,0.08148036876250306,-0.7535326882048873,-0.030522102335957837,0.07688761537156456,-0.8752891051234054,-0.10529397291313945,0.07088050091588503,-0.644321434406732,-0.1194276853851384,0.0664953544040726,-0.5953409503941866,-0.1046149188792155
A,0.0,0.0,0.0,-0.17169627610800822,-0.018273494321127088,-0.18394906548222908,-0.35826109379690196,-0.40972326933111086,-0.23124382727578313,-0.4590121762858028,-0.7895289180007975,-0.2532448010935066,-0.5444465502848076,-0.9848844397286017,-0.255254791713305,-0.32353652661037513,-0.7725649016814472,-0.06685707771321853,-0.3601018014543109,-0.9884665206766576,-0.13100349932050437,-0.2863795846645714,-0.7339743525173669,-0.13427154768533828,-0.2506316100551174,-0.6724775463264648,-0.1335527101236824,-0.18770011187126265,-0.798807460708299,-0.02850849625756559,-0.2220539960542096,-1.0,-0.13804776455845047,-0.16416174114393828,-0.622452852205804,-0.15933995435124768,-0.15552197575280652,-0.5998297213694257,-0.13782987981637967,-0.06743920186618436,-0.7869682298941275,-0.01956367067732349,-0.0735970027985637,-0.9670746090975713,-0.14203286835511536,-0.05296520833175137,-0.6241285191446458,-0.15119052648465697,-0.04898191572137593,-0.5777599805856326,-0.11615697285424931,0.057307096456459546,-0.7751090082323551,-0.029235254127179703,0.05458803124708951,-0.9151055338540355,-0.10191551820550168,0.055248194121358084,-0.6889882817990461,-0.11378394108104409,0.05262861824656091,-0.6449352722699204,-0.09669174701113531
A,0.0,0.0,0.0,-0.17139247888505246,-0.03758658640933213,-0.19687442009085804,-0.3506381771087017,-0.41673713691629843,-0.2421562841618055,-0.4659956574134629,-0.7802635315022991,-0.2594317990656561,-0.5579901340178552,-0.9756333380288967,-0.2549235430435225,-0.3240924940609955,-0.7741006413786292,-0.044316996773161386,-0.359950995393196,-0.987281058318161,-0.10167569067497877,-0.2829802608230896,-0.7307048776599667,-0.10522188059329511,-0.24514638455604185,-0.6733049273828917,-0.10571510794231692,-0.19311365456580243,-0.7950778131392461,0.004345158311765756,-0.22540647166389421,-1.0,-0.10602015396546177,-0.16447896100577494,-0.6189556213326951,-0.1382855833438207,-0.15810477053046765,-0.6031320143657743,-0.12131411168802228,-0.07732724411497978,-0.7869570644456505,0.021534206288316496,-0.08087703114394963,-0.9686041974215027,-0.10388312064595018,-0.05907371990331555,-0.6248824821189561,-0.12748880511851698,-0.05584069940637187,-0.5914237227810041,-0.09894008342308594,0.039016451693766246,-0.7759413316588277,0.01975287523372976,0.03866465243189703,-0.9317878894796859,-0.05525127018330471,0.040812835874457415,-0.7096145855090793,-0.07654642744567057,0.04121821460549834,-0.6664673628170554,-0.06481422105490578
A,0.0,0.0,0.0,-0.16844896682881166,-0.03228250097875228,-0.183328130207797,-0.3513620769869234,-0.43327892849774824,-0.2210488631222722,-0.47065389658803153,-0.7985957191584673,-0.23334939045232886,-0.5726121610709619,-0.9598568727830311,-0.22457764857161028,-0.3348928635660132,-0.7627497436668184,-0.02013878709622882,-0.3467586341993919,-0.9935887152043362,-0.06846837059808204,-0.2706875583486936,-0.7552246795870411,-0.06964576702132295,-0.25001512809059856,-0.6871861976648983,-0.06984574366777287,-0.20577242904784782,-0.7819901418325339,0.025769906116789053,-0.21862835080170437,-1.0,-0.06770993433040574,-0.15889307972180075,-0.6403116330372731,-0.09762116427794575,-0.16767834893004294,-0.6137374883654428,-0.08308834645364944,-0.09108827402699639,-0.7744268001653817,0.041080452921975555,-0.07918957341036136,-0.9698701207686027,-0.0684526796017868,-0.052097766587212525,-0.6427120036543837,-0.09160903239364426,-0.06382928421193061,-0.5938186481087917,-0.06604920860564356,0.025343140276381067,-0.7693613525272918,0.037797956305742425,0.035053263544285056,-0.9278561764686842,-0.022674793798887673,0.04651317917035018,-0.711356805375074,-0.0401852090494947,0.03967387495556563,-0.660793801169887,-0.028491252186928405
A,0.0,0.0,0.0,-0.17213217740922226,-0.021017770421234917,-0.17439871838714005,-0.35885352649721125,-0.42217806475578645,-0.21769426635853695,-0.46591225683803406,-0.7950903270565999,-0.23886487510335414,-0.5624390217254734,-0.9688268544770208,-0.23962012142007516,-0.333798488995231,-0.7464614846741725,-0.03441636529834804,-0.3397753158852161,-0.9886159775370513,-0.09457828506582483,-0.2663995367563109,-0.7478307303189717,-0.10019408198973379,-0.24910164593541903,-0.6641403360701857,-0.10159354363282855,-0.19981754316961384,-0.7745370977345855,0.0021276224413826214,-0.20893191738092506,-1.0,-0.10215329926905115,-0.1503660062166429,-0.6440562229250998,-0.1307046094483942,-0.15900211409560958,-0.6090641849260067,-0.11473307291878866,-0.08190945989500538,-0.7745618850958991,0.009007648678514361,-0.06778189307155695,-0.9727724151493797,-0.10676983435102015,-0.03828698165052415,-0.6375379663165025,-0.12148902871397814,-0.050433198402683316,-0.5782896174415619,-0.0905110239121951,0.03916621598737005,-0.7785975133428386,-0.002522245197180777,0.04782963776310111,-0.9388769618206351,-0.06552608496558283,0.06389840322959515,-0.7071835548490361,-0.07548945617646251,0.059491305986659894,-0.6427940477556171,-0.058332773934046206
A,0.0,0.0,0.0,-0.18142323917401146,-0.010384237913112073,-0.1474153690171291,-0.37594768343444046,-0.38385833581436424,-0.18300533728081694,-0.45962520589378536,-0.7727222706322121,-0.20218446085631253,-0.5028910252237082,-1.0,-0.20237312589099202,-0.32251376870000426,-0.7263925937890967,-0.01771387682856293,-0.33127768687474274,-0.9709603618882057,-0.0689336215165237,-0.271598656457077,-0.7084930794900508,-0.07132770709070689,-0.25593397670346035,-0.6081501796829311,-0.07180034007146598,-0.18634562263070628,-0.7671571117695112,0.008015414634468528,-0.19732571654578393,-0.9909743818691983,-0.0948628359685718,-0.1497798124803708,-0.6338882988590345,-0.1280979132146629,-0.151738850819176,-0.5867336168200548,-0.11537919660813571,-0.06655119090844955,-0.7788597236481151,0.008931357564504274,-0.060080262824932194,-0.9720469989423045,-0.10283386558595188,-0.036814503421098724,-0.6348509978647244,-0.12072725959263474,-0.04093169815010886,-0.5712868501185856,-0.09317583994357825,0.05694585596110688,-0.7925986649012078,-0.005042818061907223,0.0604575247964624,-0.9563397580456904,-0.06488039192932456,0.0698945219110212,-0.7181008659592301,-0.07528476977530307,0.06853011381326322,-0.6442614368260529,-0.06017319335551101
A,0.0,0.0,0.0,-0.1937000435493924,-0.0275923847739418,-0.14166944115351895,-0.394487901312612,-0.39674268970827575,-0.17756708307262623,-0.48155777133415284,-0.7733871044898396,-0.19868054784315212,-0.5318545202249544,-1.0,-0.19951401021828424,-0.32343343551553944,-0.7492557802162445,-0.011778748489624956,-0.33973061741982785,-0.9779534478610303,-0.06031394948300467,-0.28402623168772856,-0.7060384829220119,-0.061779041934218897,-0.26661441212040893,-0.6147330181288077,-0.06230114741446168,-0.18358099318836477,-0.7945440300657352,0.01122231136580807,-0.19898918635631907,-0.9859939626155574,-0.09095871613232008,-0.15234789338229954,-0.6339761091364075,-0.12476943325155436,-0.15226851938798397,-0.6062500642256092,-0.11301248811563878,-0.05931902073751906,-0.8047962444761547,0.010682234895697163,-0.06163957615704428,-0.9732847687328827,-0.09538860887466678,-0.03895590597441677,-0.6466278986124788,-0.1107042285782687,-0.04155682168100655,-0.6026291926920647,-0.0834499362700694,0.06984854804057854,-0.8151886390301065,-0.004561592203824715,0.06342322320073505,-0.9690348582943875,-0.05596429888803634,0.073929221784051,-0.7367042004079966,-0.062090226084366144,0.07452112499880408,-0.6748810718890975,-0.04589010014901981
A,0.0,0.0,0.0,-0.20610178302988427,-0.024702082356631176,-0.13466772083866693,-0.413935897688105,-0.3835962223205095,-0.1717247585501089,-0.5071490729867005,-0.7597949641991919,-0.1956158051172785,-0.563826201280107,-0.9875460297946009,-0.1992427271068752,-0.3493050153991992,-0.7325568638667467,-0.014585389727922744,-0.3716959469172093,-0.9676581819108829,-0.0664242654707045,-0.31185564826535855,-0.7025180919684487,-0.06894971516998155,-0.29333019167713087,-0.6112470849976411,-0.06982272849055964,-0.20492027273760782,-0.7866349789673338,0.003519532342573104,-0.22489071435028832,-0.9907951094197448,-0.10358437035663563,-0.17019583555198067,-0.6401024309596367,-0.13646069917811154,-0.16970985139833542,-0.6101883232802545,-0.12308361879790924,-0.07436029093917322,-0.8062242810974783,-0.0009748178550633374,-0.07837253367278546,-0.9913801176338053,-0.10875637898086504,-0.049875413143631524,-0.6636051727988274,-0.11980057333061404,-0.053047130221575915,-0.612045171770274,-0.08934243195770586,0.060876809427090554,-0.82243298727224,-0.019699568696892183,0.05501081270534691,-1.0,-0.0713752888998414,0.06584215874219992,-0.773831845798908,-0.0751047162644774,0.06355222734509641,-0.7098060859863345,-0.05695084856813733
A,0.0,0.0,0.0,-0.20762438130016944,-0.00848254345883081,-0.1466926709444181,-0.41474965838841926,-0.3908929226874207,-0.18678997546973358,-0.5096495709114935,-0.775580464882894,-0.21074773892434281,-0.6004502930083373,-0.9684670860825533,-0.2139287298571344,-0.354446283240749,-0.7304589188957141,-0.03301401118851273,-0.3801459909528449,-0.9706503699238613,-0.09166689577690253,-0.3144424864837083,-0.7032587791465348,-0.09470770861267451,-0.29556713761209236,-0.6145838547808762,-0.09472077110572084,-0.20622065070414544,-0.788426902251777,-0.010533343446122988,-0.2277281801219567,-1.0,-0.1194283420858412,-0.17377234104087885,-0.6411327823678366,-0.14797642528057162,-0.1762301321987427,-0.6104512421975974,-0.13191422865163435,-0.07211669650646363,-0.8052009629740432,-0.012364644393559443,-0.07619657635306631,-0.9855830183356924,-0.12148258854914568,-0.04717158682905577,-0.6485008082963003,-0.12795237543907434,-0.050833763984016185,-0.592985565638814,-0.09412668298025674,0.06662476766030492,-0.8185162760705822,-0.030075716177519807,0.0631343061211121,-0.9815905559976358,-0.08124673989893291,0.07537246023171805,-0.7514284258565096,-0.08310831691078707,0.07232168573635919,-0.6916608450220519,-0.06307553553076096
A,0.0,0.0,0.0,-0.20680403580093248,-0.04184060814947487,-0.13070958663014182,-0.40252543744051067,-0.40904482803474196,-0.1700079834500548,-0.5047182008151282,-0.7582362896537462,-0.19785448571145542,-0.596696549537344,-0.9556581337640299,-0.20523037183960513,-0.3382693060883929,-0.73570474570734,-0.013402023445445532,-0.3617984276536088,-0.9671397416078926,-0.06743337074637136,-0.3042360765427138,-0.7062412132930229,-0.07071430006249002,-0.28609912301798496,-0.6263905459012625,-0.07122563298738445,-0.19423579115176187,-0.7882969918789782,0.002835959558573174,-0.2166620702948031,-1.0,-0.1046757830040705,-0.1745630327506912,-0.6591667645457243,-0.13508906495555947,-0.17887759897580502,-0.6379801433867244,-0.12014370369865758,-0.06164659679894609,-0.8010886732633566,-0.003664091070534609,-0.06893869415139288,-0.9833584807219846,-0.1070442500430648,-0.05272375546957496,-0.661453764299485,-0.11231724226393847,-0.06002201956118344,-0.6116722604727365,-0.07896714041952414,0.07522503937032717,-0.8018121895208171,-0.024843743556587382,0.06800536534989576,-0.9731005403641043,-0.07044314280504832,0.06995405492499453,-0.7531394080303278,-0.06973845392492671,0.06558456169757995,-0.6928572381240435,-0.04938817435652388
A,0.0,0.0,0.0,-0.2258846269088415,-0.049889171584002884,-0.12083186939215901,-0.4199034602921132,-0.3902214663158861,-0.15955817395120947,-0.5113507765263371,-0.7350827792489855,-0.1902201135091082,-0.6035158188988515,-0.9400835846125335,-0.19949783230386864,-0.35778731128080515,-0.7300108940574562,0.002865933524123015,-0.40257189818126393,-0.9655233737285215,-0.043734053226347644,-0.3399568048023915,-0.6988396876228612,-0.04169321869651542,-0.3039431638490489,-0.6088131366052454,-0.03912147206215567,-0.21428974728904238,-0.7852964517240841,0.011901735830753496,-0.25981076554568144,-1.0,-0.09163474757096357,-0.20544633594224937,-0.6494723223393992,-0.12170918741030654,-0.18619229310383648,-0.6170647702808727,-0.10563263284216326,-0.08099442480589006,-0.8006990209204007,-0.0008195896953524074,-0.11368865164822413,-0.9777281127301132,-0.10129216496924097,-0.0844325824112065,-0.6471675623810357,-0.10632411971646939,-0.06496460730300202,-0.5946361055736353,-0.0729404756975494,0.060721709656915125,-0.807251389468616,-0.02747295999296022,0.026759546155991125,-0.9739836745014973,-0.07028499290375191,0.032539597041111645,-0.752582688320843,-0.06757040248740494,0.047118028192920075,-0.6962456202944686,-0.046036955652656884
A,0.0,0.0,0.0,-0.22049167405536543,-0.04260285411422505,-0.13102446332296938,-0.41709234845305043,-0.3855654864505578,-0.17445039798496478,-0.5134124874990206,-0.731771082185313,-0.2080142761923287,-0.6068970327872752,-0.9333216135601002,-0.22022667974444143,-0.35854845232464794,-0.7417451199307781,-0.01073758541679825,-0.40536222633758295,-0.9589174907804227,-0.06472527689968154,-0.3471593057217089,-0.6954039000771058,-0.06799790093406025,-0.31556793120600635,-0.6267319425779496,-0.06857966856213808,-0.2143830110597296,-0.7974137739860548,-0.0010251004864131315,-0.2704962638518782,-1.0,-0.11179301433294636,-0.21785445627577057,-0.6436404034881378,-0.14241969997435597,-0.19696396048769846,-0.6252208713570758,-0.1263891972485007,-0.08071832533042167,-0.8139077419988692,-0.014325329558020442,-0.12392692506347426,-0.990285289117532,-0.12252174768216591,-0.09606625542627517,-0.6506037228827363,-0.12401271754312934,-0.06941412020320904,-0.6044594005954236,-0.08742706649695814,0.061815755756700196,-0.8243563499196349,-0.04310772172770663,0.016641405985712898,-0.9856653195647502,-0.09265137885740783,0.020556105927933877,-0.7595325638334518,-0.08853871454034065,0.041774540324823195,-0.7110534261722159,-0.06525327149998418
A,0.0,0.0,0.0,-0.2280709851098665,-0.036598780904509846,-0.1304622017999961,-0.42648062409784016,-0.3807929808206716,-0.1728948964394344,-0.5205176192817038,-0.7306704884763234,-0.2056260036733288,-0.6197854100348165,-0.9230654625974658,-0.21608066893081807,-0.37302961079038216,-0.7328285546988528,-0.010840471557890913,-0.4269517755054505,-0.9592902459275022,-0.06622669809982022,-0.36330197153979954,-0.6998991502358917,-0.06789973721534501,-0.32512906873965625,-0.6237567165885446,-0.06684038461733853,-0.22956889039790113,-0.7928476650237967,-0.0023401799088820516,-0.2919116497595379,-1.0,-0.11376836301905839,-0.23257019061237363,-0.646070692371707,-0.1426906665709119,-0.20693817524547142,-0.6271830169482372,-0.12513402898209386,-0.09670598077592464,-0.8130120005410485,-0.0172728077430914,-0.14474006147246019,-0.9855003329848689,-0.1274290090205558,-0.11238323906156036,-0.6459248977889971,-0.12870309983589923,-0.0822004411243622,-0.6006244016852679,-0.09134851221849358,0.04575868941138757,-0.8283224743817407,-0.04763419047959571,-0.004437159821949323,-0.9833602038366572,-0.09879548598191581,-0.000510919369531626,-0.7577093832665736,-0.0948496248596818,0.021711136886878403,-0.7084262183342815,-0.07118272450038497
A,0.0,0.0,0.0,-0.23655180453432695,-0.04515977220425627,-0.10558235438197762,-0.42926539860064555,-0.3802542142796733,-0.1354279807453501,-0.5211593373981273,-0.7258166393092678,-0.1616996712091018,-0.6136334198289373,-0.9193200973132689,-0.16691331289583466,-0.36444144301792025,-0.725655872790762,0.0393942387558064,-0.4232262411594288,-0.9648971513341208,0.0015404646645594629,-0.3699231876368769,-0.7152431295171138,0.006679370823564788,-0.33506625079018143,-0.6236464690923194,0.012079352679393286,-0.23021003523402703,-0.7873028483103134,0.040862780900634936,-0.29659365462424697,-0.9986624378045643,-0.050442914824728104,-0.24340914418623316,-0.6577490350834195,-0.07934560936554921,-0.21472520989173785,-0.6201570991116697,-0.06303562145351517,-0.10306695785809218,-0.8120360025570258,0.020348297326249182,-0.1552670590927435,-0.9910607593309979,-0.07251781024394902,-0.12747286461808302,-0.6666893551484779,-0.07723058835034294,-0.09295377873701519,-0.6044054089679272,-0.044286547670572315,0.03459756432375075,-0.8287635937234517,-0.013920737727963166,-0.0171091894192773,-1.0,-0.05270541626286461,-0.017944641966867875,-0.7833975933785529,-0.04753271225891478,0.006158906909582421,-0.7165757391894675,-0.024676478940345897
A,0.0,0.0,0.0,-0.23286672435117153,-0.06495287469263447,-0.10963457478602302,-0.41441165471424174,-0.4011478238764965,-0.14644077959779067,-0.5040142060314527,-0.7327127360542821,-0.17921272781861478,-0.6054672872639457,-0.9156928740082421,-0.19127951352067918,-0.3442116288050997,-0.7331701790663909,0.02173965848058205,-0.4173909005137832,-0.9563553169959083,-0.022037847067885155,-0.36468492283475346,-0.7020672317792737,-0.019284227349928164,-0.32725470642008986,-0.6399599630428088,-0.01552691195103737,-0.21678435772214644,-0.7884337679225267,0.021945988285627976,-0.29633220653008147,-1.0,-0.0741354067505715,-0.24578780901540373,-0.6609919535004228,-0.10003254134612001,-0.21433789920854904,-0.6480510703408763,-0.08238519226687226,-0.09436219513983604,-0.8052507564980617,1.681314522787294e-05,-0.15898949457619,-0.9932714447035359,-0.09485748048407885,-0.13415772067989498,-0.6701131936195072,-0.09357687989305712,-0.0926962495294802,-0.628379798690855,-0.057641637013182645,0.036335738483875224,-0.814337776995615,-0.03648179654994674,-0.021828941000483965,-0.99320349431221,-0.07503740694855644,-0.02694184130894941,-0.7754997286872864,-0.06681495893793858,0.0033818763107337176,-0.7220566236965991,-0.043027502201317236
A,0.0,0.0,0.0,-0.2159878848180585,-0.10110767132742315,-0.10133575752037464,-0.3818137638688611,-0.4427676604906957,-0.1499486968375187,-0.4633639353074569,-0.7593716070146433,-0.1963785641862238,-0.560232468996314,-0.954765667101271,-0.22494779949376648,-0.3156610924366968,-0.7603079071236354,-0.01785561175622305,-0.37429512576349255,-0.9788757317945491,-0.07208648571636089,-0.32935443559160554,-0.7139743434414462,-0.07462021083467245,-0.2938699722564588,-0.6222957030035964,-0.07407731786456753,-0.1850692167481463,-0.8007597959617938,-0.023731144159765336,-0.24621464879068075,-1.0,-0.12926265701946696,-0.2062391790450082,-0.6560990402893256,-0.15512563526234172,-0.17691337270048774,-0.608787157534729,-0.14043449485664922,-0.05508918861871662,-0.8022749287300803,-0.047164064605739665,-0.10470837798103413,-0.9766814353726905,-0.14435659145346846,-0.09083532106714447,-0.657002019237825,-0.13960066956659894,-0.06003701343908555,-0.5883671663574863,-0.10570732992756267,0.08306340539075124,-0.7884179811272377,-0.08405800077930176,0.0342559905505109,-0.9515500526094572,-0.12375422204944804,0.02149459860313285,-0.736146635646953,-0.11313601161872426,0.0417190729710139,-0.6665099428750355,-0.09035543213434227
A,0.0,0.0,0.0,-0.22327057906623202,-0.07906709034196403,-0.11808133239546051,-0.3934549572780996,-0.4543260323161546,-0.16787105048315365,-0.466679161605542,-0.800466248828063,-0.2111045199487847,-0.5725401707993156,-0.9941828027950406,-0.2352127013502828,-0.3268465717149408,-0.7884161739197396,-0.03817688802295291,-0.3999138229338411,-0.9894750678760884,-0.10048117178828742,-0.34678139448422635,-0.703001311294174,-0.10507588973987278,-0.30221805397274065,-0.6200265790279746,-0.10635367044008473,-0.19553653561817821,-0.8300857528022874,-0.04080800226617775,-0.2811303002635586,-1.0,-0.15296709597601216,-0.23138039523245124,-0.6330985658164467,-0.1783798581275548,-0.18953185302028056,-0.6076213977115746,-0.16450468219906067,-0.069157095592536,-0.8248881525172214,-0.06311251425727261,-0.13532754519697737,-0.9633256990360382,-0.16900154203331327,-0.11505692860914286,-0.6218217302069255,-0.16268201824375897,-0.07412380314058266,-0.5714358585371823,-0.1278911929009329,0.06650753092895885,-0.8131156884196318,-0.10066910934105983,0.002891125307192793,-0.9242993085970329,-0.1471134500901823,-0.004977620693874979,-0.6921938635748867,-0.137553810238709,0.02221058153333868,-0.6455836951225105,-0.11518380021332918
A,0.0,0.0,0.0,-0.22776653736452934,-0.11753235294997293,-0.08050884478164844,-0.39574261248139475,-0.48074898537201033,-0.1251504980395738,-0.47299565486996514,-0.8019219860489275,-0.17320683182551447,-0.5629991516104945,-1.0,-0.20302519011206674,-0.2985274310945222,-0.8412203150904667,-0.014583890202824976,-0.3990434557865448,-0.9954669482003874,-0.06953324950082752,-0.3577540034314415,-0.7084535883087739,-0.07304319159649914,-0.3044335704038673,-0.6184587524188073,-0.07516613585950188,-0.17700211449370287,-0.8806337898286971,-0.03720983754566356,-0.28478552743209146,-0.9823286248214245,-0.14055023803959374,-0.2384454284167616,-0.6272190469924044,-0.1628725367016107,-0.18201743236062634,-0.6015911540190833,-0.1514028601463712,-0.05613639331776125,-0.8691780391734633,-0.07552015591479175,-0.15028033740181462,-0.9433635204475828,-0.17090796792972182,-0.1274079656895732,-0.614572211305812,-0.15911142215108268,-0.07074344741231231,-0.5689525829024092,-0.12622629718061681,0.07536971239496071,-0.8426511623733771,-0.1265132501637876,-0.019651906084976526,-0.9086954441184475,-0.16453823945922552,-0.026823090350990005,-0.6788479349042995,-0.14871611164650528,0.014606555628331623,-0.6319622023035121,-0.12573762893779997
A,0.0,0.0,0.0,-0.23937994309548397,-0.11972728896868431,-0.10054152925829742,-0.4178725481349221,-0.46684639707452225,-0.15069225035569483,-0.5017518383705784,-0.7809704037744946,-0.197940542401051,-0.5926621467945116,-1.0,-0.22510796616494066,-0.30885639918354163,-0.8855062517732276,-0.03784116753936599,-0.4349198481610053,-0.9654833360162002,-0.09484113067703555,-0.3732938332116725,-0.6782575182900872,-0.09834594514444053,-0.30171485901686407,-0.6168889545374994,-0.10128582976989715,-0.1816801889223691,-0.9295067417106566,-0.05037428675045231,-0.3139432707588231,-0.9459594334929444,-0.15375666724563758,-0.2521518629194602,-0.6015139170575461,-0.17039747393645613,-0.1864126100116269,-0.6133070022304635,-0.15731388213339015,-0.058769086820605144,-0.9092492333025345,-0.0809490543487369,-0.16972496150584504,-0.9076038861087916,-0.18211421767811659,-0.1374996131730756,-0.5903171304645641,-0.17078547109357078,-0.0771888097667102,-0.5843960129911434,-0.13868915717058405,0.06824758171409967,-0.8671835281164012,-0.12464519438814514,-0.03137471917665547,-0.8635508657251582,-0.17120904657579117,-0.026739037324962443,-0.6390562827323841,-0.16007646024967437,0.02352752868435417,-0.6275609567718636,-0.13966742295851864
A,0.0,0.0,0.0,-0.23349696267875977,-0.1331718707325496,-0.11503882980675263,-0.4176364186439549,-0.46900899787525274,-0.16748285256078135,-0.5048517692540005,-0.772318205443237,-0.2134199288251103,-0.5630201691826316,-1.0,-0.2391125548313425,-0.29380977105534106,-0.918630981184899,-0.04593763995631953,-0.4334907031942363,-0.9663039108135805,-0.10400853637602814,-0.369862106765941,-0.673406580002231,-0.10934818262687777,-0.29691664212360236,-0.6387006808125667,-0.11261226807205152,-0.15618403633497016,-0.9561167335013764,-0.0492235642146843,-0.31109049582874904,-0.958435150269091,-0.1534134740660697,-0.25203199185090014,-0.6056257250903947,-0.1673824065591341,-0.18416486840236287,-0.6322392342884933,-0.15044991576846758,-0.028613468003200363,-0.9277692935904216,-0.07316258576764101,-0.15966366773158153,-0.9155937936943451,-0.17953329651605868,-0.13337717647493116,-0.5953992253754152,-0.16803497119566804,-0.0688519222636222,-0.606863712029472,-0.13262054985157481,0.09541581033440895,-0.8798944019610911,-0.11069806788303649,-0.018113048965486434,-0.8638861715414409,-0.16211195068408626,-0.02010725653480822,-0.6377114682583948,-0.15291022421660494,0.03353853207597944,-0.6409779026821356,-0.1319150705021225
A,0.0,0.0,0.0,-0.23253988797917238,-0.13450328840143425,-0.11114502481901266,-0.4158952984487949,-0.46697111277288833,-0.16082984973054432,-0.5007703029760725,-0.7658452054531858,-0.2050835393286712,-0.5477631120613068,-1.0,-0.23046741918430963,-0.279491086056624,-0.9252157647264353,-0.04113346811059916,-0.4217818246313731,-0.9550625083887792,-0.09903716196303548,-0.35987742795237093,-0.6656006259360813,-0.10660499755947501,-0.2866950500344073,-0.635476919405936,-0.11175937806011735,-0.14482521512558136,-0.9645274480854409,-0.04632757880147238,-0.3008272135191967,-0.9438612245593627,-0.14910202020864616,-0.24229856810197348,-0.5962419334564752,-0.16420227211170063,-0.17402682172326298,-0.622674310841818,-0.14962854925672478,-0.019668358270643855,-0.9310990951836158,-0.07265116420696732,-0.15478309546483957,-0.9011226583322148,-0.1802788181237549,-0.12808494025058748,-0.5888883030058993,-0.17236024334271535,-0.06377988802178207,-0.6025084846509309,-0.14035683443580257,0.10127773090713861,-0.8740218417178516,-0.11191117501650849,-0.015467044614457035,-0.8308734237084476,-0.167168837367348,-0.01784386537900238,-0.6115358762785564,-0.1620652971960145,0.03542887700079041,-0.6234167843758854,-0.14432452724989445
A,0.0,0.0,0.0,-0.22088227779312528,-0.12606199264098403,-0.11621843408064872,-0.39957245336414937,-0.46471083373215205,-0.165530544746034,-0.47622495710266954,-0.7695738281538779,-0.2078996025092511,-0.5125538405269854,-1.0,-0.2313254682701129,-0.26522521260604365,-0.8950220939085143,-0.04889214800376685,-0.396417635180091,-0.9544454344659785,-0.10593025675352528,-0.3424052594785915,-0.6657465951257219,-0.1106112212333684,-0.2711449793586995,-0.6179762835802118,-0.11329954310795905,-0.134882954812218,-0.9303515959882079,-0.04962976403407448,-0.27873044653429774,-0.9381658489261725,-0.15354271876847417,-0.22710916738324338,-0.5929374717098104,-0.1692134086405539,-0.15939467748859637,-0.6067613715213604,-0.15353080284335094,-0.013593298289164972,-0.8989174179373745,-0.07099523664398308,-0.13384978736153208,-0.8879930274815279,-0.17764876498994242,-0.1102792768606028,-0.581559919432134,-0.17186853615230122,-0.04752453545725377,-0.5871262614668488,-0.14040924549192227,0.10642817955791431,-0.8452666378739007,-0.10559507069648708,0.00017885236184984443,-0.8174536040890915,-0.16051971179206478,-0.0013439218081857055,-0.6069398347917777,-0.1576538426331378,0.05076527799934373,-0.6155001057031725,-0.1407790120500324
A,0.0,0.0,0.0,-0.21231767177036528,-0.12602808912973326,-0.11286488405425041,-0.3866508922078937,-0.46920846455428555,-0.16012462750820686,-0.4657091245175381,-0.7741094236355321,-0.2016942192596077,-0.5232001523964391,-1.0,-0.22376940644695706,-0.2706714755292539,-0.8621833704737316,-0.03663246603891739,-0.38281686297037376,-0.9712582585688819,-0.0914005046583109,-0.33023415862488265,-0.6826266769605629,-0.09268662368488251,-0.2677165374641676,-0.6195534330341723,-0.09238105050995755,-0.1416991532298733,-0.8996017520947417,-0.037172462720399806,-0.264140973412909,-0.9591044619809834,-0.14001041917133747,-0.21291005230953605,-0.6077249104980459,-0.1551728395198218,-0.15374860933090276,-0.6103312301008247,-0.13658904430679308,-0.020194720758288362,-0.8800711217776007,-0.058470549465391916,-0.12375052589411027,-0.9054752573753505,-0.16317410398723003,-0.09800860570413578,-0.5914707520330919,-0.15742405968443987,-0.040685954222771714,-0.5833445756231217,-0.12385308842024846,0.10253161748906489,-0.843526414393983,-0.09302004732196231,0.0074348723189718345,-0.845270925426603,-0.14327081755853535,0.00762098273003724,-0.6295048586038082,-0.13873261900929373,0.05436397315160634,-0.6226080684989492,-0.11978940370753562
A,0.0,0.0,0.0,-0.2301385427731024,-0.11632537380504943,-0.11914839209007548,-0.4024216898847945,-0.46282452610507396,-0.16254179796729176,-0.48061543784214394,-0.7851210781109568,-0.19994951165407174,-0.5581120674687474,-1.0,-0.21679279312110336,-0.31602931714192334,-0.8062957043059074,-0.009342715979128922,-0.3951698974589427,-0.9591002635019201,-0.06346001327159563,-0.33602865328049675,-0.6758783397336384,-0.06694118051233221,-0.2826050433041915,-0.6268113203693112,-0.06757956466085333,-0.17969222362938148,-0.8405458472914453,-0.007353968270727501,-0.26557099742626034,-0.9743172440558869,-0.11543979246745517,-0.21477972567203202,-0.6183670030231228,-0.14206907756529813,-0.1702744556336302,-0.6299164045265137,-0.12613191109183217,-0.05082893312362121,-0.8275395252880138,-0.02826743640729401,-0.11925453468420623,-0.9297560564588611,-0.13599032508858436,-0.10226772510008987,-0.6040365328049677,-0.13543110162772154,-0.05432544019119209,-0.586031334259335,-0.1003308808937972,0.07808823229021979,-0.803951252144783,-0.06372055494422002,0.018258104216030722,-0.8870621067897704,-0.11303888814775993,0.006171996282376011,-0.6689496690906119,-0.10870920307340746,0.039762873805049434,-0.6482675770079255,-0.0875655756962729
A,0.0,0.0,0.0,-0.21332582207624073,-0.11046591338648992,-0.14055925346864823,-0.37281554134912753,-0.4397177549665372,-0.18982427402422664,-0.45929317308012463,-0.7690227237561378,-0.22690506178077963,-0.5395015492579818,-1.0,-0.2421938240783821,-0.3103558152015308,-0.7750003917213608,-0.020521324512335924,-0.3767978174265082,-0.9824599415943451,-0.07718697721744124,-0.32474753558298913,-0.7118531945856273,-0.07935631787204679,-0.2793699210877319,-0.645843983257829,-0.07867245806520459,-0.17725293644125062,-0.8003489258020985,-0.006161962266232574,-0.24508548829046922,-0.9875224505304887,-0.12237860822522277,-0.19682358045075377,-0.6284850959815265,-0.15278241357789932,-0.1638594934651084,-0.629537112661022,-0.13445825448124793,-0.052408156030452416,-0.793614990784755,-0.016254725289070418,-0.09769873493586542,-0.9526129773369607,-0.1353994721617874,-0.08626757115128866,-0.6260174962345785,-0.14372618295586537,-0.05317850056897527,-0.6082171879498675,-0.10914136414168428,0.07347174807615847,-0.771503299273161,-0.04126774275604831,0.03870917039291611,-0.9256032998607431,-0.1022823078131319,0.021416508509167258,-0.7044347264903529,-0.10592061887220935,0.04207944305056927,-0.6596521612246776,-0.0863055925264996
A,0.0,0.0,0.0,-0.1942188841383731,-0.05786156510949781,-0.1479169064534155,-0.37319277272669443,-0.41687478530287214,-0.19175039599437108,-0.467589170116462,-0.773606748169281,-0.22049088192023597,-0.5425536220276376,-1.0,-0.22848705114792003,-0.32084744705046286,-0.7598171795264819,-0.02385919397217404,-0.3762433955074001,-0.9803133563272569,-0.0766825047488036,-0.31442589003508464,-0.7241459825358465,-0.07594504472715062,-0.2747345328705468,-0.6491680202304522,-0.07301279693076862,-0.18372173192348634,-0.7865831486004019,-0.0014203241041548388,-0.23914924502341903,-0.9837828013287443,-0.10864613603984596,-0.18292116533511532,-0.6227397504272738,-0.13457943619294357,-0.1610663154368068,-0.6042221496551821,-0.11405571606045689,-0.05773845694334298,-0.7836537558593004,-0.003826846744894675,-0.08833762172229051,-0.9545503068313521,-0.11611655100281962,-0.06703433518258116,-0.6227525943894907,-0.12392946657618438,-0.047437962753721266,-0.5830579656496713,-0.08911806531808193,0.07460051945345306,-0.7789051249226787,-0.021963104049898187,0.050551896574600096,-0.9301968216040292,-0.08009980901923928,0.0454470274406406,-0.7040360939572187,-0.08426653122190611,0.052609717426772756,-0.6506347764817358,-0.06404516674479169
A,0.0,0.0,0.0,-0.19852503259847773,-0.04234490705643327,-0.1527376117585895,-0.38645152682172423,-0.4008712739181854,-0.19809102474339707,-0.48094575006822937,-0.7610104011887073,-0.22669784161576267,-0.5465629378051369,-0.9910416350789945,-0.2345214004598055,-0.3373987324498893,-0.7552724626254662,-0.03678135815759485,-0.38188216029353794,-0.9818366740455469,-0.09715359107750873,-0.3209279194590169,-0.7168354914030991,-0.09961495050984036,-0.2898078660884859,-0.6430996148831003,-0.09772813545692469,-0.19506613700457895,-0.7921427661703612,-0.012645502106407656,-0.24627916426600358,-1.0,-0.12808204879046017,-0.18736573975801316,-0.6308906207356643,-0.15414254550028825,-0.1707171665099918,-0.617045941110471,-0.1320973624939505,-0.06459908421020712,-0.7967624708129909,-0.013939383068896664,-0.0916980926100009,-0.9834131667525852,-0.13391506877408513,-0.06701046183703793,-0.6458357036722564,-0.13967826736704386,-0.051732904751796704,-0.6036291961063772,-0.10130210367719943,0.07106759256451466,-0.7991858568092913,-0.031089658260697012,0.04995057161051642,-0.9626699821087424,-0.09492700891418278,0.04665906540922461,-0.735315886830215,-0.09921702165033221,0.050455893501531374,-0.6814237802104497,-0.07761686093225598
A,0.0,0.0,0.0,-0.2195276151617183,-0.11826633907635696,-0.1349263904867267,-0.39215985717858537,-0.42500304279412354,-0.17315219699705622,-0.4932801878851046,-0.7444813786460288,-0.2007409655858587,-0.5399400857758506,-1.0,-0.20631567992422054,-0.3365747736773978,-0.7636204626721667,0.02356358227799063,-0.39479455891377285,-0.9737209373723195,-0.018955749324196105,-0.33714789896734304,-0.7172220691218466,-0.019920112941552274,-0.3013741051970681,-0.6676105092466357,-0.01998202872053002,-0.2010223302864134,-0.7984735912773316,0.042035481361342074,-0.26297313325035576,-0.9981922829887119,-0.0644495373219599,-0.20997955169540364,-0.6496436442128483,-0.10276120492967816,-0.19028348162631673,-0.6578734467036559,-0.08847398203175137,-0.07215990814462853,-0.8062927530776512,0.035310648484458196,-0.11035677322331464,-0.9778959057400021,-0.07716778726695905,-0.09495495633241557,-0.6578734467036559,-0.09820781369163895,-0.07083297080701453,-0.6457637935045234,-0.07034012736433574,0.05679340344076611,-0.7987623988551571,0.014854088450888564,0.02871439005599105,-0.9645208384981957,-0.04204743960209573,0.011760535803584635,-0.7479908761074952,-0.05350009348283835,0.0248656043644407,-0.7040057247001225,-0.039113702951406926
A,0.0,0.0,0.0,-0.23165038167531762,-0.1065355801011447,-0.10424213358355763,-0.4110741356738093,-0.4096285797983759,-0.13886952904657415,-0.5102337804307514,-0.7293897223412601,-0.17084723294210055,-0.5569817955548718,-0.9822395314930739,-0.18285039285411372,-0.346075635481017,-0.7374749254272275,0.03461549811207794,-0.40812722856823225,-0.9593384509721656,-0.0014190944683119403,-0.35101819153148633,-0.7168625071919861,0.0035098894279204907,-0.30781728712738704,-0.6458995186720734,0.008102167878077132,-0.21521608803959547,-0.789161636545831,0.038539021314313006,-0.2743917288685446,-1.0,-0.05619489818372812,-0.22602789430857906,-0.6766852197333361,-0.08841225453244642,-0.20274066782337338,-0.6587436795092367,-0.07383622693992403,-0.08542205641605172,-0.8086523926943037,0.02183137211156897,-0.12239381301804583,-0.9848873895339705,-0.07281881706977492,-0.10702685995394041,-0.6697190117863652,-0.0828050582511261,-0.07922336796481987,-0.6215587074511293,-0.05340418736634933,0.04887434450985641,-0.8081830098863754,-0.007223349897550868,0.017537708185101336,-0.9817729559985902,-0.049355984355758324,0.0006694038908522148,-0.7682305882346335,-0.04999197683019317,0.015662282438471762,-0.7018898413011673,-0.03157892638094582
A,0.0,0.0,0.0,-0.2367734883107058,-0.07577438692855198,-0.11452519949583705,-0.43475642909602075,-0.37828732784648095,-0.1457394016046525,-0.5444051724519006,-0.7106114264026931,-0.17109304095956746,-0.5889977411412257,-0.9724431227948973,-0.17571031769281686,-0.38196231488503946,-0.7126776791031251,0.042257220132174325,-0.44254655541403043,-0.9358918576887397,0.006705229156676658,-0.3726536791233329,-0.6855885820593441,0.010594676077481777,-0.33427099864039056,-0.6115594903327538,0.014269337501263763,-0.2444196336948223,-0.7761079111839716,0.053651665215130706,-0.30428791640012304,-0.9908051123335457,-0.04270717024118466,-0.24273006795521182,-0.6494970455491262,-0.07999710233491372,-0.2285187393079948,-0.6253856068322742,-0.06698700606660904,-0.11170394488814007,-0.8079977935553376,0.04249065139201381,-0.1453736968304618,-0.9893839321066747,-0.05747720450927842,-0.11863665842986265,-0.6577650559536432,-0.07549321848079672,-0.09887022329043164,-0.6057682045893291,-0.048424625300819917,0.022354302977563602,-0.8268780828812353,0.018967277895051617,-0.004571236777277283,-1.0,-0.026986449364012392,-0.009773179509492321,-0.7690466883437962,-0.03268690091869073,0.0012781465359639746,-0.6952872451205935,-0.01605446113413799
A,0.0,0.0,0.0,-0.23471315720746597,-0.061364151197411586,-0.13050556659059642,-0.4336502127638096,-0.36631542964696184,-0.16649503252589085,-0.5458726466509052,-0.7015743138207232,-0.19317491238920195,-0.6002838243199342,-0.9598688911610228,-0.19776325616803725,-0.3783311871443439,-0.7164251816065759,0.02617600004063064,-0.44958976707764947,-0.9373148917435702,-0.017355124797948304,-0.3768529753646164,-0.6815739848650816,-0.015902784008780237,-0.33387674832743897,-0.6184672390204745,-0.013349797511452044,-0.24170285541329142,-0.7788073547867528,0.041775122251219515,-0.31555513744732683,-0.9837514188387675,-0.06432610418765901,-0.24444745938768475,-0.6298017624538211,-0.10131320098964451,-0.22239768457000494,-0.6247015576049627,-0.08563739860983319,-0.11134574099477404,-0.8113200076129734,0.032393998661453656,-0.15799791678832079,-0.984761956645561,-0.07867849104367068,-0.12506249504499686,-0.6492327718837958,-0.0966554762887918,-0.09748295848779961,-0.6204477608433309,-0.0667670061753256,0.020664506060485543,-0.8340802569961598,0.009173227017456063,-0.017740978065185608,-1.0,-0.045406977584032886,-0.019520645491032,-0.7677375623220822,-0.05365509429122869,-0.0006928954545031286,-0.7118784576784208,-0.036936323581926354
A,0.0,0.0,0.0,-0.23541166991067336,-0.05130302086272371,-0.10969282177514134,-0.44884784710840153,-0.3443157431198743,-0.14288824872396563,-0.5630044235769911,-0.6714860287971359,-0.17283979062853344,-0.597823564710682,-0.9348664733698254,-0.1830316425149858,-0.4014195527150773,-0.6866449637785025,0.03219470570505465,-0.4715002680213769,-0.9057434928063666,-0.007446647571935174,-0.39148920060317055,-0.6553333617113287,-0.00494752893000307,-0.34775481713332773,-0.5842378191535648,-0.002382825658437708,-0.2644180621169206,-0.7662115263129939,0.03792052838282741,-0.3305148082281621,-0.9669131094661082,-0.06179908038506909,-0.2544118051456337,-0.6284357308093492,-0.09803477476761978,-0.23348297075421554,-0.6043494049473394,-0.08545125470142623,-0.1287250356828179,-0.812881713860152,0.021998286342572598,-0.17121047343913806,-0.9782378131263799,-0.0791853603557167,-0.13047725133247873,-0.6542253014440005,-0.09539227210529923,-0.10465453118107584,-0.6052261719955143,-0.06866651014670523,0.01174001436730192,-0.8471360889371399,-0.006257406451249838,-0.02728393578185207,-1.0,-0.052910677856514356,-0.02472370066137053,-0.7742549928634365,-0.05848249830931415,-0.010747035660969344,-0.7113916430821667,-0.042968006508357415
A,0.0,0.0,0.0,-0.23214570212175056,-0.019890675468394226,-0.12395591499677315,-0.4534213561192994,-0.3130569313707845,-0.15767811401800597,-0.5645414789952293,-0.6601020838942726,-0.18440553760128248,-0.5826256113162235,-0.9339134797564881,-0.1913712931475301,-0.4043534331965451,-0.6767208343760003,0.026704732136738286,-0.4655721539635567,-0.8899871532413527,-0.014972570529031292,-0.39247085302518747,-0.6369702726790131,-0.016038007052777338,-0.35599614245953953,-0.5725734411190917,-0.016285317036673946,-0.2632663911890701,-0.7593246452573309,0.03877118728838769,-0.3250469639226566,-0.9543304652502101,-0.06411714367754928,-0.2527961899038983,-0.6074597162058647,-0.10510089579275973,-0.23458735082974935,-0.5870613282395395,-0.09510516392529728,-0.12724324925253439,-0.8054944534940931,0.027609735928050886,-0.16749594418923355,-0.972954442463693,-0.08076027112661117,-0.12885028225880607,-0.6347772109205507,-0.1023971575554375,-0.10349276029254324,-0.5831988284384296,-0.07705956981385305,0.012259490059931565,-0.8416470135573908,0.003342037744468802,-0.021990749589872863,-1.0,-0.05111133419743903,-0.016681982074876537,-0.7574095132138532,-0.060255070069775686,-0.000864371745561855,-0.6829985330683668,-0.045291509212570184
A,0.0,0.0,0.0,-0.2488285824344298,-0.05381263794095681,-0.08479925273478293,-0.4612904170720056,-0.3436865906578637,-0.11789886738658202,-0.5613679646395425,-0.6766495486449658,-0.15556203442835925,-0.5794362615597303,-0.9456657164648616,-0.17723533793491447,-0.3973516657750495,-0.6926678235298392,0.04258564537198604,-0.44753954408373287,-0.9311180042282255,0.005953021663270867,-0.3885258672123995,-0.6992786380347803,0.006414066874152458,-0.35502690378617574,-0.5911612291234394,0.007715711298705899,-0.25887540830302974,-0.7706043402411088,0.03474093310958146,-0.3077528406394183,-0.983081041282572,-0.057908577901358234,-0.25063083107162104,-0.6662237946595032,-0.09690308647200525,-0.2313892995809436,-0.5986537865611673,-0.08958563600080632,-0.11895677928940351,-0.8098771946941694,0.009005599821875133,-0.15144857138263504,-0.9826480435041633,-0.08139212073719415,-0.12189173778130265,-0.6670260298618702,-0.09676071312440605,-0.10154216365421934,-0.5743913749309263,-0.0741686933879885,0.027708774415865955,-0.8251750546588116,-0.027491077591916793,-0.0005627209175148042,-1.0,-0.06626919567422117,0.0006470739943868864,-0.779186770266047,-0.06676094327836253,0.012722117839266203,-0.6810860139294901,-0.0503137932891214
A,0.0,0.0,0.0,-0.25338021082683204,-0.05067297237573051,-0.11488902201221515,-0.44729927356588345,-0.38934525675743087,-0.15215323508179937,-0.5419998009151134,-0.7532831513015795,-0.18415397216989174,-0.6418733752404763,-0.9692760330011415,-0.1966177272088047,-0.38594027317967683,-0.7247195487589811,0.023659168662802252,-0.4281749355739186,-0.9697070450092105,-0.025280606973947736,-0.3616101588367845,-0.7450666110493015,-0.030458863140444097,-0.32561710107575814,-0.6473220261243613,-0.031565609770616385,-0.23690627503373948,-0.7886543509415113,0.02871338120420209,-0.28447311688156324,-0.9976003725280012,-0.0741447946839095,-0.22870971098607737,-0.6678882623658914,-0.11512602782969222,-0.21164800076564166,-0.6206862966170692,-0.10741644019949985,-0.09951129400436226,-0.8114119881153997,0.011521338945387673,-0.12703602104701947,-0.9874464790077175,-0.09072614489928006,-0.10238154731392278,-0.652949672830398,-0.10514478176144945,-0.0860351432226155,-0.569094305969093,-0.07860302929303387,0.045313932262834485,-0.8199130482085634,-0.019588645988378228,0.020811819412401632,-1.0,-0.06617664499284094,0.022047861180501147,-0.7774202751930976,-0.0678291186789879,0.03350697959560488,-0.6907412661663361,-0.04940681166887498
A,0.0,0.0,0.0,-0.26237418804386,-0.12555165082381134,-0.09011259851146018,-0.42124853089195363,-0.4493437756057639,-0.10930488977499653,-0.5062821845334319,-0.7781921820414612,-0.1281041512017542,-0.6068501064915232,-0.9685043153116545,-0.1295353516366288,-0.3399978133696794,-0.7294347035304668,0.08762275782337092,-0.37081135257312653,-0.9674194271050448,0.05897641633059408,-0.3221101267140232,-0.7681251461720782,0.05570157695435062,-0.2934687716248491,-0.6700646259795102,0.055033604073381995,-0.20153792999215198,-0.7762471973538928,0.08984702215304997,-0.2400029242623707,-1.0,0.004908908329502511,-0.20595168378742756,-0.6950654276345202,-0.046759991622392715,-0.19359404868831182,-0.6261343691992872,-0.047696200868905955,-0.07139096282542405,-0.7873140858063068,0.0711414011451141,-0.08837970146039108,-0.9816384340005913,-0.016148620646769266,-0.08757728036376423,-0.6710694034056056,-0.0458737832131028,-0.07861844362482896,-0.564623079324885,-0.03194510949632264,0.05974206736375449,-0.7784410507776491,0.040709653560175044,0.05242134286899688,-0.9808516629608135,0.0017758260934538528,0.029077586743723315,-0.7806423461864807,-0.00897793628401058,0.026694400464379868,-0.675625649326878,0.0007773321173030072
A,0.0,0.0,0.0,-0.24696987763747205,-0.12126793616728432,-0.11058313696006498,-0.4043512659204044,-0.46334087851590494,-0.1317705702096531,-0.48274167084420533,-0.808056859544626,-0.1476891377639023,-0.5647106438001157,-1.0,-0.14708229161843467,-0.3303737776282626,-0.7189582331013841,0.0710148113926574,-0.3444574204584116,-0.9627705309151507,0.034651471142314684,-0.2905700323924234,-0.759158176139537,0.026862333961742153,-0.26842872236640913,-0.6442058483147964,0.023854041669056972,-0.18572523547801006,-0.7557321644525993,0.08545028729385877,-0.20354628441730038,-0.9974122069081327,-0.008282423921803287,-0.16632410662836006,-0.6682760987169675,-0.0637271381473123,-0.1619724368823361,-0.5716964904973663,-0.06491831155126726,-0.0528477614431561,-0.7615789985550895,0.07689133649339226,-0.04734631041918333,-0.9709829979318519,-0.021168110339543616,-0.04410403938915093,-0.6435445838627468,-0.05827188168943956,-0.04807431827224555,-0.5218770846796524,-0.04642417434209041,0.08029152620172054,-0.748902800182933,0.05540069049691385,0.08950211554146453,-0.9415272841975519,0.007991609206087501,0.07206156007483785,-0.7262396577174048,-0.009763633158551553,0.061812465850093874,-0.614842453604082,-0.0031600026340768595
A,0.0,0.0,0.0,-0.251093474649004,-0.14887345974737967,-0.09052095725921346,-0.3915159761459077,-0.47860350429090304,-0.09747117142309462,-0.45754971057650634,-0.8080004615038794,-0.10299401547832568,-0.537027839867879,-1.0,-0.09328670657640653,-0.3059056803656844,-0.6980061617840749,0.11803593773693957,-0.3061687022126326,-0.9396031110842932,0.09905529907347957,-0.2665463396973569,-0.7504692950727166,0.09411396952235619,-0.2529476681566081,-0.6373411674058906,0.09123976513581486,-0.16457829530457377,-0.7262726113140505,0.12939360512216425,-0.17233965005716856,-0.9716549754560831,0.05508520200515644,-0.1529436675722133,-0.6688617939548739,-0.004478657333605534,-0.15554581564290385,-0.5727023328711663,-0.011591448336749861,-0.035953760317252975,-0.7249177172621238,0.11899475183110891,-0.02489070779179014,-0.9356455163947706,0.03847585931995977,-0.0367421627778113,-0.635297001396226,-0.006283616266556845,-0.04560246259177307,-0.5124186096576759,-0.0030367644284347455,0.09200172666106585,-0.7075621433318767,0.09759730294410023,0.10360099011148369,-0.8925792253851889,0.061442732906355484,0.07588047668399737,-0.7030155123212474,0.04059704279560119,0.06069792736574337,-0.6021595640821786,0.04238741827918011
A,0.0,0.0,0.0,-0.2512041369153548,-0.11389817357378734,-0.11690947451422756,-0.40667295440330464,-0.46631145152378195,-0.1357950124106549,-0.4759184768212067,-0.8184728665163884,-0.14693526726945588,-0.5567507999410553,-1.0,-0.1398757584596652,-0.3264565908669631,-0.7273172551974904,0.06722040165757037,-0.33348599763469755,-0.9796009783771232,0.030040654935599896,-0.2847416780833494,-0.7376343572888145,0.023258273050489615,-0.2658362700775097,-0.6284422651670658,0.019537187718877788,-0.1817432053891603,-0.7558795087611855,0.08356311788026229,-0.19491652179023305,-0.9992182306362125,-0.013227883096314234,-0.16801777887360259,-0.6498497328153794,-0.07153275878068002,-0.16929587291613782,-0.5840277791586054,-0.07489954791018641,-0.05254126410018313,-0.7517416654902015,0.07619449700007196,-0.04525314547007901,-0.9575641847339675,-0.02624285395339504,-0.05094016686141859,-0.6196202127535007,-0.06757275920266094,-0.05711323957403346,-0.5253189656562764,-0.05735240825040907,0.07576170317685353,-0.740471681876759,0.055979998823758606,0.08240845499529303,-0.9229792029686247,0.005935986928398162,0.06324588165401497,-0.7004427043807143,-0.015137615156933229,0.055611340991292835,-0.6103048182488411,-0.01079718289906577
A,0.0,0.0,0.0,-0.23909868553740388,-0.11866159822516859,-0.09276815071893643,-0.4033670498689045,-0.44971018686589675,-0.12103404276025563,-0.47896531011320687,-0.7775462780276923,-0.14748616385479346,-0.5594423837459115,-0.9726562842536325,-0.15631362638954036,-0.31977832145143326,-0.7376829418006121,0.03681345075073622,-0.3487684037916853,-0.9736710686694903,-0.0015389572102669758,-0.3018633976095897,-0.7451950648462368,-0.0021876309875424583,-0.2698732451178983,-0.6394031866291356,-0.0011736725123990862,-0.18057243574566595,-0.7795800121011233,0.037126878339105114,-0.21246919913362972,-1.0,-0.05434462825622631,-0.1821582967230509,-0.6727718149054271,-0.09246760934712503,-0.16491331912766685,-0.6040394075710941,-0.08569726926610012,-0.0506521891633564,-0.7835863169617412,0.019012159909445086,-0.06298064697165005,-0.9736217434386482,-0.06920035675152178,-0.06479471935039767,-0.653926726821526,-0.0820257868127289,-0.0539819710800691,-0.5559516919650295,-0.058803488684457,0.08470786309946597,-0.7650981243258885,-0.011302612305268741,0.07314274064135953,-0.9525975762677681,-0.04865756272930131,0.05255701996685345,-0.7473960662580346,-0.04945545656934726,0.05627504625610537,-0.654682827804523,-0.033658136820182497
A,0.0,0.0,0.0,-0.22837215269951755,-0.06347095000726187,-0.10816922556782706,-0.4193082050058518,-0.4127110801000988,-0.1438418045469487,-0.5034792951922487,-0.7668237214271308,-0.17444973520810053,-0.5662726873862007,-0.992786538461121,-0.18749543681910766,-0.3610254243745833,-0.7166631677966172,0.008681417167726314,-0.384645945106311,-0.9634522580086313,-0.03666870461791749,-0.32492490093349274,-0.7162428691979091,-0.038453470948395935,-0.292356969846832,-0.6064947856705097,-0.038346042159808955,-0.21585285554471761,-0.7752249172808504,0.015381886736349286,-0.2422272439027938,-1.0,-0.08487817573530607,-0.19941475156900984,-0.6647013654711241,-0.12334549073499454,-0.1868240297039956,-0.6012254222470388,-0.11621718525259443,-0.07811887720355543,-0.7943851928108967,0.0034192378536846714,-0.09157190590434863,-0.989960811931791,-0.09375606097338156,-0.07789917566332172,-0.6644436720637551,-0.10726349945532207,-0.07046774935527801,-0.5752689444274506,-0.08254502054764687,0.0662619411152111,-0.7971866045452601,-0.020955819592053716,0.0466318690109892,-0.97588536789913,-0.06360878170124494,0.041349479804500364,-0.7622384287084785,-0.06524359888112384,0.04591089192095347,-0.6802241910934472,-0.049202265683548116
A,0.0,0.0,0.0,-0.21274282218371032,-0.006421824739565015,-0.13646065700485865,-0.42447374759922324,-0.3559725783862943,-0.1697300673250546,-0.5296202029762171,-0.7336179093151205,-0.18877022557914364,-0.5916908076628744,-0.9629134611900179,-0.1890620891574681,-0.39858777836753573,-0.6711802335867871,0.0026807234004862564,-0.42003947825605015,-0.9396750078338332,-0.036743251213364386,-0.3450105410354302,-0.7047463436782565,-0.03516435079044398,-0.31483376286187514,-0.5958972030550884,-0.033925962316517316,-0.249829147828163,-0.7418273401844735,0.028349967404939284,-0.2747882733378951,-0.9832871829962121,-0.06491227322590279,-0.214580522212914,-0.6489628431165653,-0.10301745016395049,-0.2115921546558549,-0.5822580198201309,-0.09523971946022712,-0.11357949688671744,-0.776648995244277,0.03246612050255417,-0.11946393132659304,-0.9896768197408333,-0.06577429464264352,-0.08808767071894338,-0.6654936167582213,-0.08769076866096297,-0.08972840579895507,-0.5756217505579607,-0.06577923741835714,0.026867596494706034,-0.8048124249923794,0.022602906491290507,0.01587976611478111,-1.0,-0.02620963827347067,0.027567632093349448,-0.7803429407037447,-0.036005958277030535,0.02741990838145545,-0.6863917257668097,-0.022747170594694072
A,0.0,0.0,0.0,-0.1911946672238646,0.008509783884464136,-0.15468312799353465,-0.40389682152307665,-0.35422036634676757,-0.19759153599629017,-0.5315878590702738,-0.7238560437748638,-0.2223233887352391,-0.6509035829895737,-0.8933944700280286,-0.22759777539578965,-0.38828541648642073,-0.6913419927553384,-0.03929590211696814,-0.4310563444658654,-0.9425450832450468,-0.0950947393573528,-0.3449166161978096,-0.7054860599847532,-0.09507193654829159,-0.31213913406868227,-0.6212562582743079,-0.09329644836412569,-0.24766156427882316,-0.7660421587720315,-0.013758415484923651,-0.29560051682286165,-1.0,-0.11734854018262064,-0.22086402955325676,-0.6454662098078809,-0.14206332907452043,-0.2118988016435163,-0.5960162523323141,-0.12442457831748757,-0.11963833010387062,-0.7979428295317088,-0.012729048954866385,-0.14071873637953017,-0.9980664034124022,-0.12183367928077617,-0.09577710340864756,-0.6498072116867917,-0.12804317241157023,-0.08919010135670082,-0.5748850371129746,-0.09405082216736081,0.017932700391290083,-0.8292827654430621,-0.028665157288461585,-0.003564992188890104,-0.9974144573278332,-0.08496623660101862,0.01669104407686067,-0.7623998308817168,-0.08826530442014367,0.022518972753346862,-0.6915599202728093,-0.06824419575266842
A,0.0,0.0,0.0,-0.18835502879658256,-0.045073830028842896,-0.15187746619715364,-0.3730901539584418,-0.4150672167255442,-0.19614754600138504,-0.4924988097906528,-0.7560139379535068,-0.22274495051139853,-0.6192511962298614,-0.8986693737368499,-0.2284327849972744,-0.3622272938622247,-0.7283032708990573,-0.03786005058623816,-0.402849648309347,-0.9700348819330852,-0.09807512940403147,-0.3158093145690886,-0.7413346275895157,-0.10218402614943412,-0.2762043343997362,-0.6665246442802336,-0.10270632891275751,-0.22404371078561228,-0.7792008832557459,-0.013734657631907005,-0.26598094553564977,-1.0,-0.11903279407435738,-0.19167890837888857,-0.6539363974354462,-0.14484000609463818,-0.18058967694846995,-0.6243421430437126,-0.12874103532469777,-0.09798803677515325,-0.7946033963109994,-0.014607161839320204,-0.10998423551510593,-0.9840517504876617,-0.12320617978925176,-0.07089387037555041,-0.656408698438927,-0.12839772707992775,-0.06464828155999859,-0.6025015699648587,-0.09535151245507988,0.03424301759286875,-0.8107609744711672,-0.032844174953389496,0.025191869156627845,-0.9751825142037823,-0.08734661360898088,0.03832048030736114,-0.7551262362894366,-0.08985552397000797,0.04079111409152293,-0.6940811861709715,-0.07058997112934412
A,0.0,0.0,0.0,-0.17190999381860692,-0.060344699402323725,-0.1658395146496961,-0.336485513377795,-0.44876170340217364,-0.21239851925069175,-0.4404858589127121,-0.8003126807774252,-0.2362180802797344,-0.557523597981453,-0.9683297422720195,-0.23858905254984925,-0.307946842851711,-0.7638969824464014,-0.05453364800847249,-0.33841675617767575,-1.0,-0.11248161933615501,-0.2612973278397058,-0.7448745063913339,-0.11529992169407678,-0.2292774638303537,-0.6765743611675398,-0.11588774704033747,-0.17130105933358494,-0.7909927968714928,-0.020045334085220898,-0.20654544386013482,-0.9976240934133822,-0.12022928175349747,-0.14474797546985313,-0.6469826234172129,-0.14439775206404698,-0.13888184759219516,-0.6387811255799924,-0.1292797254259955,-0.0492911223724654,-0.7876585265343202,-0.011001692384617344,-0.056075785436977756,-0.9599753027501888,-0.11611599790081147,-0.027673594122507705,-0.6457112956638908,-0.12431617918273184,-0.026668144158866758,-0.6168063793676003,-0.09497101343218114,0.07694276653097813,-0.791676078008756,-0.01945937570288368,0.0703836216449303,-0.9372167304041696,-0.07304204794106486,0.08167404586692799,-0.7225690945923078,-0.07883111307970721,0.08359395965313392,-0.6764830209947865,-0.06285890204390257
A,0.0,0.0,0.0,-0.15946428559427456,-0.09438041556308414,-0.1602744637390856,-0.2958425545899512,-0.454642842501497,-0.20598072616804022,-0.3705159154464813,-0.7871057429750994,-0.22954092481625385,-0.448555805040065,-1.0,-0.23293278190621006,-0.25491428851774617,-0.7855005218564783,-0.03830382715482948,-0.2595431185175378,-0.9587373828679189,-0.0912985646539642,-0.1993935308614429,-0.6954226499824928,-0.10092312873746931,-0.17468985998923356,-0.6344907816556526,-0.1067873985046736,-0.12075584173467378,-0.7900480323020087,-0.00046392070153584866,-0.1354807296178586,-0.9478086396313872,-0.09941307795979226,-0.09300571185860881,-0.5984568102438445,-0.13303864014001657,-0.09216328160020754,-0.6056270443299101,-0.1248708868884105,-0.0011882063796198412,-0.7744081314177762,0.012782603507733345,0.009592347090675335,-0.9150039282049145,-0.08839665157784708,0.01930667351274264,-0.6029774381920983,-0.10451293971655001,0.01205175956025611,-0.5824909590801347,-0.0822198885312671,0.11752523762447437,-0.7612827521225412,0.010051436293223786,0.12980986681738788,-0.9001819273003185,-0.04059766024274802,0.1266716712915763,-0.6872194559385789,-0.051134354809526494,0.11867580850790715,-0.6411425195754985,-0.04068611258461677
A,0.0,0.0,0.0,-0.15735473225661076,-0.10954051116816423,-0.16077018422992112,-0.3174331493133771,-0.42923173945309895,-0.22388395599781336,-0.39245470817480693,-0.7478463908808293,-0.2701081313599785,-0.3919821801938276,-0.9904623669899312,-0.2975918770532157,-0.25108249711910946,-0.8749269075357101,-0.06379997731039189,-0.26658228927237615,-1.0,-0.13398039569803313,-0.21604256176472625,-0.7264157714319857,-0.15181544654488563,-0.18430340012481733,-0.6648461405903722,-0.16089724215849982,-0.10773637966329923,-0.8910926836128243,-0.03667624331285981,-0.14226116115098636,-0.9999132909333284,-0.15716296865114357,-0.10523128914887037,-0.6236644344546856,-0.18985557708574982,-0.08909065141461471,-0.624684176797601,-0.17680023830286096,0.025786839239568773,-0.8764803842596084,-0.03437713806481177,0.015825497638999552,-0.9767725355224822,-0.1567568159142156,0.021426611886938663,-0.6413876948176032,-0.16773451847734291,0.02845915438257862,-0.6275714429882422,-0.13844832627685988,0.16406339088556554,-0.8501765695342958,-0.047959422851450995,0.15599216120891385,-0.9555940281498435,-0.11397654798319959,0.14628657492264494,-0.712348864821658,-0.12069795794548843,0.15040561991335652,-0.6650909661903861,-0.10487581891660812
A,0.0,0.0,0.0,-0.1551427492939794,-0.10393322005636758,-0.17789363575129744,-0.2989738418606508,-0.43666238580965405,-0.24649197453996102,-0.36619470307212976,-0.7615990373240117,-0.29026177706805484,-0.41109522572164164,-1.0,-0.31588955441216265,-0.23716732020133216,-0.9116076097312684,-0.10441678855793207,-0.23776934913507797,-0.9698397405394308,-0.18481518628412333,-0.19296221404071198,-0.7088888912651625,-0.20995135344855992,-0.1687288563624549,-0.6670213255115909,-0.22334052683681369,-0.08698729964894121,-0.9285834711869095,-0.06823502006318619,-0.10430677027695114,-0.9575015335876184,-0.19155877248386646,-0.07711744696959166,-0.6033876870290745,-0.21798214852953085,-0.06948497476219144,-0.6253761789733285,-0.20517005320151063,0.04963441623688787,-0.8986695124920112,-0.05725648534422392,0.05695963625903712,-0.9362227157742631,-0.18504241745360997,0.04942732398673612,-0.6161771483504086,-0.18889753904812762,0.045263023197539984,-0.6182569818781806,-0.15719209649626634,0.18835450058509798,-0.8505888227928368,-0.063385606159205,0.20114396190643208,-0.9092893171409293,-0.13742067902288446,0.17891629801751052,-0.6758660537306368,-0.143761531391061,0.16720934816555832,-0.6439032718793318,-0.12760652025762478
A,0.0,0.0,0.0,-0.1471344975902156,-0.09799991080461282,-0.17869720207358428,-0.2687205525285383,-0.4539542226471112,-0.24061141723633064,-0.33342677611991345,-0.7837243232132336,-0.2753745439638625,-0.41395914515945686,-1.0,-0.2918681877865622,-0.21617843369546885,-0.8826601149413339,-0.09687385764559663,-0.19110279365988458,-0.951738589110048,-0.1694627026223371,-0.1504253379281253,-0.6919674188699213,-0.19024972323485456,-0.13645418827670824,-0.6530899662901795,-0.20151621557930838,-0.0709515772997069,-0.8972958708236188,-0.05430869660097781,-0.05613743064304174,-0.9416316787141915,-0.1673586261919499,-0.04058188924548415,-0.5906297227867724,-0.19236849091675026,-0.050946661493781305,-0.6147087887970594,-0.18035349921762173,0.060339673471112264,-0.8697227599467108,-0.03648513823818932,0.0994277076416639,-0.9075798307098377,-0.15312336933438386,0.08174690171774891,-0.5875873553131781,-0.15857498678878104,0.05710248449391845,-0.5856230448689683,-0.12935792277231276,0.18930882628594767,-0.8256615799588025,-0.036163701619056646,0.2291335607033291,-0.8697170594896347,-0.09930786898682364,0.20171033831542104,-0.6372711979041096,-0.10660644501264605,0.17268059299507715,-0.6070487157708511,-0.09255618056173587
A,0.0,0.0,0.0,-0.16273351865402652,-0.06703893565610375,-0.22191995576079454,-0.30834363583466534,-0.43222694754574414,-0.2959911539004442,-0.3871552278949464,-0.7757373211416821,-0.33287526720603144,-0.48209128004877383,-1.0,-0.3498106678100078,-0.2815682091144415,-0.8943739865627803,-0.14197501791149567,-0.2115945016855864,-0.9572503273855745,-0.22974113948937544,-0.16983190251200186,-0.675398644071015,-0.2576203693076061,-0.16631254997250028,-0.6592684195499542,-0.2747790355140228,-0.12638473416833892,-0.9348060202324624,-0.08274018462891189,-0.06443104083181367,-0.9603661699990709,-0.2136943296252871,-0.05526424474809791,-0.5954490862026054,-0.24308006714309746,-0.08988166647564937,-0.6383998356120907,-0.23412755093657905,0.01479287733772967,-0.9175537668499303,-0.05265518178738821,0.09143467106481183,-0.9325056745702619,-0.1909736902282055,0.07306479691243699,-0.5952547910869743,-0.2047423220447258,0.028534594364017493,-0.6178676229738885,-0.1777599905236833,0.15257795370961255,-0.8832886533686976,-0.04277590935054091,0.2171873527103999,-0.8894515045494896,-0.12631685126053988,0.19614820953490564,-0.6408771831073791,-0.14619506628521503,0.15267052363381373,-0.6375148264466509,-0.1378671109649536
A,0.0,0.0,0.0,-0.170726884849952,-0.00404313966059359,-0.22551306376569344,-0.3519752858875926,-0.39916668271360073,-0.29053675935627105,-0.44603072208452427,-0.7841091338231775,-0.318601836952367,-0.545526068932127,-0.9980908733291703,-0.32627060227145793,-0.3253200675621773,-0.8279323938082676,-0.12348101901262824,-0.291579554738843,-0.9798413829339481,-0.20249857957375744,-0.2266097596536063,-0.6949843473620216,-0.21855136647918413,-0.21504668282363687,-0.6524498854248907,-0.22732610225495253,-0.1702286275469923,-0.8852739349191372,-0.06199843403379645,-0.13902375954907198,-1.0,-0.18312489398958945,-0.09850399018477815,-0.6041505624221151,-0.20866386895499683,-0.12933611082837942,-0.6173108822971141,-0.1936086282441085,-0.027730477529248974,-0.8937030455246935,-0.032078288771504725,0.028344272757532662,-0.9770612516058396,-0.16368347816515758,0.038957944195182066,-0.6132024086906527,-0.1791292611340421,-0.0023131655465906684,-0.6015743417776885,-0.15071200348171773,0.11271653045112058,-0.8982203720871376,-0.02304502453025191,0.16264370029462172,-0.9495037371017037,-0.1013355730121661,0.16203712618667077,-0.6835663806644531,-0.12197817707194872,0.122321995945169,-0.6581370334812402,-0.11277378463638174
A,0.0,0.0,0.0,-0.16173696448857652,-0.037733846695900596,-0.20310507658045726,-0.32896729158578025,-0.4181705140014949,-0.2636359250295448,-0.42381343139076477,-0.7745882916892931,-0.2933583662141885,-0.5328401726345446,-0.9713269525470518,-0.30232055073278696,-0.30092446405999435,-0.8292482782424244,-0.08738396293939593,-0.27242709449347785,-0.9781506343179894,-0.15664020423917718,-0.21849724874715218,-0.6999529457556973,-0.1724963069885361,-0.2125526094860181,-0.6652412158607743,-0.18275589147441543,-0.15196398407404857,-0.8752200463489205,-0.036825107561644393,-0.13005780063694664,-1.0,-0.14909980036616552,-0.09877864684271245,-0.6225286317402919,-0.1780948967326701,-0.12940700876397546,-0.6392111736360392,-0.16694363676629706,-0.016195999050425104,-0.8777804372550755,-0.015987811968824588,0.025081120406945743,-0.9873368244687295,-0.13688841170431182,0.03179867706061507,-0.6340845141249266,-0.15136758187446794,-0.005929618475305339,-0.6253398044620224,-0.12482125115856095,0.11855187869213364,-0.8768178008067468,-0.014832509962047602,0.1565436910577017,-0.9649578128168447,-0.08258238303028474,0.1533622233114106,-0.7061803676369985,-0.09729889590260839,0.11852053096518672,-0.6694006673800451,-0.08657635079698452
A,0.0,0.0,0.0,-0.15574084199451255,-0.02588662247377517,-0.19592568532443072,-0.31937632820365147,-0.4200339975539472,-0.25136084238832,-0.4114293322791851,-0.780360925779546,-0.27774161674448716,-0.5173540264071135,-0.9506134005405907,-0.2839915500506067,-0.2931329432411585,-0.8046943572756533,-0.09114683187943497,-0.2843470298806104,-0.9834091108539095,-0.162015599903705,-0.22506775700078696,-0.7093193210618717,-0.17322135637794875,-0.21118236981712896,-0.6594904316778333,-0.17825996954659373,-0.14788537794605783,-0.8351378241979573,-0.04487586690698133,-0.14413077129023952,-1.0,-0.1577751930320135,-0.10714373881035956,-0.6177125886351716,-0.1803771916664414,-0.12502518440559307,-0.6218077123449537,-0.16279565949259678,-0.01613936162130713,-0.8299897733395534,-0.027966641399323443,0.013010044934553992,-0.9733840849209396,-0.14895946651148462,0.022085827817185346,-0.6125388954728911,-0.15504279452257994,-0.0018239482235696731,-0.5755716123450652,-0.12127068579984858,0.11503201226625885,-0.8245233438137624,-0.03088292837540618,0.1460859571435875,-0.9429296284398314,-0.09907554969894086,0.14202969506204083,-0.6894349089228369,-0.10869359364666432,0.116882399138546,-0.6378830478410534,-0.09286125282445103
A,0.0,0.0,0.0,-0.15125333412806033,-0.05479682307887169,-0.20816450541006587,-0.29927222876216303,-0.4254398068813423,-0.2664272943057431,-0.38614314026434604,-0.777326141054106,-0.29155425194182766,-0.46956831423505047,-0.9809013694139386,-0.29569242640426935,-0.28278740556408233,-0.7953760300406801,-0.08790221756491844,-0.2694282436036895,-0.9904298976292301,-0.1520201264892058,-0.20563709785572726,-0.7200892577746651,-0.16229711057479787,-0.18824330566690012,-0.6642787107541462,-0.168056621221656,-0.1445275596417768,-0.8057533266774948,-0.031024137221745383,-0.1360440477432237,-1.0,-0.14257931005623853,-0.09566436692544965,-0.6307301554187963,-0.17312958088429437,-0.11329419302925092,-0.6282981418289648,-0.1597924539713617,-0.02109702126391393,-0.7870962166028401,-0.0038251720820100285,0.008672160216960467,-0.9709591858022024,-0.1275928793986516,0.019207557853641092,-0.6422533490291913,-0.1487951026473962,-0.0033593109717027524,-0.6051708414668673,-0.12285726271534535,0.09666542490575035,-0.7611615431611259,0.004926479265983534,0.12778613896794766,-0.9123195100508129,-0.07048357774015573,0.12008583051453606,-0.707233157996692,-0.09332566114178592,0.09272437377996989,-0.6662635414027924,-0.08549178267541031
A,0.0,0.0,0.0,-0.145279301242604,-0.04205543196368884,-0.20196623211915044,-0.30119087458536997,-0.4115573037591386,-0.25470718279588095,-0.39608197406362544,-0.765385453458848,-0.2757295343801591,-0.4826622670659368,-0.9638820349829524,-0.27607233202800263,-0.2917951954649202,-0.7744805818200313,-0.0801659688337954,-0.29508998316337764,-0.9876850771346184,-0.1416915540119035,-0.2238285311679807,-0.7311264237869742,-0.1467797212273643,-0.20239348220999598,-0.6733731389694693,-0.14795983450610145,-0.16112179414931707,-0.7946892969828749,-0.025464825292342227,-0.16890259092093954,-1.0,-0.13181969881321345,-0.1140457195503067,-0.62707748487565,-0.1546879179256986,-0.12280475124511822,-0.6168925710210114,-0.13495996657504084,-0.044414466432815054,-0.788621350547956,-0.0006314808520417935,-0.0226936052624126,-0.9795544566186768,-0.12128417551966264,-0.001622685108923641,-0.6468446216152638,-0.13670520197853314,-0.017207397941342895,-0.60753662817883,-0.10621885196810055,0.07250469177074681,-0.7824159888380072,0.005678727765631704,0.09610572913325206,-0.9293616128478513,-0.06642137080020655,0.09927596166128276,-0.7118397347755145,-0.08397675016751252,0.08131574186620058,-0.6667965681727149,-0.07143418358251473
A,0.0,0.0,0.0,-0.15910308250966884,0.004061091979614775,-0.20053968212446815,-0.3355768044809973,-0.39208566959883306,-0.2437272918925141,-0.43717952652586634,-0.7784094034698429,-0.2567403968870796,-0.5271862841551255,-0.9656164353418799,-0.2502399426145729,-0.33026885172997045,-0.7443230413153462,-0.04862571446814947,-0.33306021007135755,-0.982785634334084,-0.1016429613697446,-0.2530963781539222,-0.7531767227177366,-0.10401766800351295,-0.23311041456636808,-0.6786603969918995,-0.10386044418758915,-0.20103831234144615,-0.7698995388945862,0.006057103855021845,-0.20522810038814387,-1.0,-0.08842370199606739,-0.14110995363467224,-0.6378524520581816,-0.11527869149481576,-0.1560682294721811,-0.5966753564258569,-0.09895520046705968,-0.08589079972228286,-0.7692727065318538,0.029039869344404202,-0.06399451746068328,-0.9769331481113671,-0.08500728466295102,-0.029580986451735066,-0.6478093873719771,-0.10855128192515572,-0.04644639613373273,-0.5797275754703269,-0.08292446041979681,0.029947531380704683,-0.7732947119669102,0.03291828375312322,0.04973893083534605,-0.933226863516156,-0.03671027862350082,0.06694830210945737,-0.7194269391413816,-0.058268754066582995,0.05306563007220298,-0.6614171507125043,-0.04780813614884772
A,0.0,0.0,0.0,-0.1720073523704552,-0.03789657509098212,-0.19647684816939104,-0.3468327081235889,-0.4102828847294953,-0.23297714584680035,-0.44980519837643873,-0.7813983217808673,-0.23975879709894704,-0.5407071559782969,-0.9848139986283229,-0.22608221317731614,-0.34380093687443386,-0.7310615030793459,-0.010728924886394474,-0.34072166165495066,-0.9826640198283835,-0.05098847236265415,-0.2614132176687059,-0.7640531518530861,-0.05311750470395095,-0.24203470815384442,-0.6861106590850707,-0.054689982437525216,-0.21327812316337422,-0.7462823548340167,0.04970783899646413,-0.2140545868688564,-1.0,-0.04096246605961247,-0.1542041084430814,-0.6477357218405018,-0.08140596439902353,-0.17392984936010314,-0.6032384276581688,-0.07314392295548533,-0.09798853203259168,-0.7476513457408237,0.07912690820706265,-0.07398715102431143,-0.9700569467982395,-0.03188664961693315,-0.04284547085695042,-0.6525324917967288,-0.07305542295272839,-0.0654073119072519,-0.5882764442656133,-0.05817749932016765,0.016112328793075392,-0.7558035784344982,0.09111565202818872,0.03549027278448057,-0.9338782905865934,0.024131780014912493,0.05113123777674067,-0.7276160514219169,-0.007467133046353633,0.034422564499010544,-0.6625402069504812,-0.0049172501883521895
A,0.0,0.0,0.0,-0.17065207565930712,0.009991017152154754,-0.2118745435763118,-0.35501005626991483,-0.3841489457865359,-0.254928143353718,-0.46116217712594065,-0.7743601839506452,-0.26376646762887557,-0.5511881087433053,-0.9780728119138551,-0.25149577035649756,-0.36066953289191206,-0.7176669030078416,-0.03960871554417694,-0.3490446543580936,-0.9736589286117828,-0.08788039125489534,-0.2654821359969266,-0.7331885155137737,-0.08990603403697936,-0.2507268197328874,-0.6407718893358342,-0.09149611109738477,-0.2259451763801948,-0.7439604472215318,0.026101374782171616,-0.21662900273440147,-1.0,-0.07085504331078109,-0.14821303473367833,-0.6333308145578631,-0.10760061120755178,-0.1769968475288694,-0.5888349980791394,-0.09689033064892033,-0.10752666606404375,-0.7518135183385686,0.06001251918074453,-0.06899561591828433,-0.9753505570495582,-0.05731122420923536,-0.030061467537456782,-0.6332888663533027,-0.0942319249772971,-0.06540558405459763,-0.565521894985424,-0.07606332073671496,0.0068978667148765,-0.769054512892364,0.07549987663453088,0.04440605862014418,-0.9375480921335111,0.003802579407137718,0.0702159273236763,-0.7000667357799824,-0.025524330004160895,0.04505943368511446,-0.6282730192538022,-0.020313309437535284
A,0.0,0.0,0.0,-0.17168356977564542,0.03129822053097202,-0.19569841734642032,-0.3740916217860141,-0.3628897518407204,-0.2395292599857674,-0.48293282273512755,-0.761906012836032,-0.2546057672749406,-0.5720612365723091,-0.9558114617149857,-0.2494093031293223,-0.36989575876610215,-0.6979654927016046,-0.04741745067424358,-0.36503030151442595,-0.9667891321726195,-0.10571663591276487,-0.2819754650724586,-0.731002394581876,-0.10999957797176434,-0.26813476226680005,-0.6243472958355906,-0.1113183830758274,-0.23003775689844846,-0.7473195620305976,0.003887010972413276,-0.22918399630661213,-1.0,-0.09891157188281645,-0.15869103829444625,-0.6423706570169828,-0.13060276157654277,-0.17894179239141417,-0.5917044373053975,-0.1167402868278048,-0.10824203148629938,-0.7691832389608826,0.024530068323326906,-0.07873992202692545,-0.9836793392591677,-0.09455563748516552,-0.039002466683425156,-0.638904822182349,-0.11924356248781692,-0.06651088446942412,-0.5667037840597727,-0.09360370665179038,0.0113545966763701,-0.7963496634492515,0.026550154001905184,0.03699144828118151,-0.9575845869244959,-0.04343866519270095,0.06301898967564504,-0.7139798615901773,-0.06267097180789233,0.04718096217281651,-0.6395313091894682,-0.050700333067813796
A,0.0,0.0,0.0,-0.18109353031927125,0.02285757766645161,-0.20488655952413345,-0.3922979491433774,-0.353734337109854,-0.25230526802185,-0.5085515156041666,-0.743211413102457,-0.26801900850513083,-0.5977373238065901,-0.9461911158275736,-0.26110291129426344,-0.39033989355061927,-0.7037631857331806,-0.05562536126685911,-0.3956673774124072,-0.9516287252719757,-0.11299984117087934,-0.30811573389674124,-0.7027878354759902,-0.11629086263279746,-0.2929538416008983,-0.6216992999235808,-0.1185092963581587,-0.24451035337607793,-0.7548026154391253,-0.0007859003458155747,-0.25030160836173454,-1.0,-0.10911546547695278,-0.173974884279543,-0.6379169802883231,-0.14035808323493365,-0.19749776221740367,-0.6111619465896942,-0.12477918306922374,-0.11571544218095993,-0.7785160567713092,0.022953303937528823,-0.09302542657281497,-0.9956928661022023,-0.10102031577001587,-0.050004102127804116,-0.6478269454366186,-0.1258164162813075,-0.08053489874363895,-0.5938522376789566,-0.09857226151253878,0.012640838885470263,-0.8081059382696295,0.028099219749429513,0.033669676609907974,-0.9764179471133758,-0.045311736044342917,0.05996902977088329,-0.7381933774473104,-0.066661033697879,0.041141633869146335,-0.6775799090818703,-0.05545537537590537
A,0.0,0.0,0.0,-0.1913390570814841,0.009741011864810405,-0.20349363757304953,-0.38839681851736163,-0.3811148975610963,-0.24909655197466132,-0.4907275207903485,-0.7818893724928879,-0.2638608397587907,-0.5801821314867275,-0.9745880929658135,-0.2557653664579466,-0.36872985558770377,-0.718489452641214,-0.0447705673925861,-0.36921718238884044,-0.9755990739109512,-0.10282635232078585,-0.29395773610881437,-0.723913935541003,-0.10870867232540693,-0.2813074144647193,-0.6374535985745751,-0.11317258972675658,-0.22217850932039526,-0.752014426218326,0.008200035958644306,-0.2202335253698754,-1.0,-0.10298417360971361,-0.1591718854947742,-0.6252183693622516,-0.1417100292867646,-0.18511741417530148,-0.5961410634556418,-0.13101513945708762,-0.09283203281445879,-0.7603886893587065,0.029482658400403768,-0.06472343603583545,-0.9823905457159495,-0.09840277778470403,-0.03462013788538357,-0.6331510601399462,-0.1328139133582275,-0.06784266381620117,-0.5825729510087653,-0.11139978537237513,0.03606554581502405,-0.7757112623529479,0.03239703636941348,0.062067516978679516,-0.9497409109888831,-0.04371975021351175,0.07657083333483446,-0.7161606598054223,-0.07190473573841664,0.051597076087229334,-0.6598331031801016,-0.06594452961046826
A,0.0,0.0,0.0,-0.1920077521058444,-0.017796063316082373,-0.19642379263103266,-0.37117948940040274,-0.4129877005694983,-0.24047241381723478,-0.4624607522574219,-0.8063467659860115,-0.2560147364174383,-0.5489439379831532,-0.996642991706546,-0.2486775739480245,-0.3376037764448583,-0.7439054481280181,-0.03442024950723717,-0.3424466772049111,-0.9855323617938113,-0.09070181687260388,-0.27524717957601613,-0.7266174400727572,-0.09660330368536237,-0.2616669192958143,-0.6535982871743791,-0.10130360656966544,-0.19678179337822915,-0.7641663779476408,0.013567971264021575,-0.20122452956843723,-1.0,-0.09688224686545809,-0.14950239275892682,-0.6246951668435071,-0.1363658683764691,-0.16815768389597455,-0.6083882982178818,-0.12629956675892076,-0.07254910027933566,-0.7588064355470865,0.030060614511515135,-0.05009419458218748,-0.9665298499382863,-0.09635452713223445,-0.02994240055434053,-0.6228245923648253,-0.13047628445667525,-0.05412485654273402,-0.5883053095428856,-0.10954413026988848,0.052473094995777486,-0.7585989367921873,0.028299108156087577,0.07458760096143435,-0.9218358199259435,-0.045929737987348035,0.08072150884562916,-0.6923589246659881,-0.0733436027260934,0.062268465386197784,-0.6480843312184664,-0.06761495485142634
A,0.0,0.0,0.0,-0.1838614819578569,-0.03218892342564518,-0.18313739816620833,-0.3563881004860995,-0.4290919059773557,-0.22410167521963215,-0.44398196869409656,-0.8151634192355355,-0.23946675604944373,-0.5252895637372065,-1.0,-0.23292400250095852,-0.31292809117158893,-0.7518426851221597,-0.029379762487338028,-0.31835177309784607,-0.9794250913102552,-0.0832914657707005,-0.2578500062855756,-0.7342169645169168,-0.08811109840110401,-0.24220637206392243,-0.6680051147594632,-0.09118905608081929,-0.17359529094541784,-0.7661967673655905,0.013264954669483122,-0.17889261361906603,-0.9863535993278645,-0.09007774488981905,-0.13652040998395545,-0.6259557350981908,-0.12427853831232169,-0.14881711844999052,-0.6095297298258808,-0.11207014679236288,-0.05210585218229554,-0.7530870945598206,0.02578249598449928,-0.029980426772396544,-0.9486849394967882,-0.09123657782260784,-0.018216659381245247,-0.6188567965507911,-0.11722601287367795,-0.03654512876361607,-0.5833369415809186,-0.09324914538631725,0.07034782327502555,-0.7413354847623747,0.020326507993411593,0.09150522519924378,-0.9020693370489066,-0.047025886923000214,0.0897256325075321,-0.6811335720440318,-0.06774868601363214,0.07391876764252449,-0.6342613148208391,-0.05822200928838364
A,0.0,0.0,0.0,-0.1803970385066518,-0.07158588451038218,-0.1544744572056846,-0.342812075089999,-0.4433420268735809,-0.19742802513374544,-0.42327011875028775,-0.7990504827286563,-0.2221286545725719,-0.4926815419014253,-1.0,-0.22674478553197422,-0.28878467336458125,-0.7619406635563686,-0.03581240066903883,-0.30252312130631587,-0.9815033266183218,-0.095159977009223,-0.24427539503868423,-0.7393742853172615,-0.10318563215955441,-0.22204723743660162,-0.6670221545202794,-0.1063897384182576,-0.15253044554854486,-0.7863771974991557,-0.006109027630166825,-0.16063027229874025,-0.9922610658196408,-0.11569864587221768,-0.11960763990243449,-0.6511878071832023,-0.14854695470631307,-0.12251243483503452,-0.6329449851148076,-0.1358716485155885,-0.030515120715730617,-0.7778909722547112,-0.0018542899439067922,-0.014466179817882124,-0.958194396120758,-0.11608459139239939,-0.003994906062702482,-0.6383697560876347,-0.13080149816397144,-0.0134056165346406,-0.5899955171827931,-0.10188084616564266,0.09287724528211248,-0.7570761866608103,-0.013349975622890064,0.10894476973144585,-0.9194601887131778,-0.07467958500221292,0.1020372636445197,-0.716649435842867,-0.08609511223777816,0.08956955895332049,-0.6649507389540183,-0.07209866652783516
A,0.0,0.0,0.0,-0.19345225032221722,-0.0847495747823247,-0.13433587806495392,-0.3543494994187204,-0.4468973776931296,-0.1761108044143587,-0.4255327458291197,-0.7943205150409235,-0.20500035099514416,-0.4999887851779282,-1.0,-0.21342903743689928,-0.2922596705410725,-0.7572216197492753,-0.019280103401339222,-0.30880571116793093,-0.9853735630844297,-0.07659374983652552,-0.26308072657621684,-0.7469139228541626,-0.08343435700083532,-0.24327455916293625,-0.6664984150157935,-0.08557011541263355,-0.15566366546300106,-0.7806851385487915,-0.0013086353531479452,-0.17046986937942804,-0.9932843886246344,-0.10940296469079044,-0.13900538865603596,-0.6631072287400618,-0.14099938449738006,-0.13735227990295967,-0.6411191847079436,-0.12737776265467132,-0.03260144378299962,-0.772927164436471,-0.0067731826466793325,-0.03077487911521299,-0.9519296662653666,-0.11493607203299812,-0.024377592767908685,-0.6423852281706127,-0.12353969870414953,-0.024837620371324077,-0.5985070389061089,-0.09213582199963952,0.09580044055339473,-0.7557496633574292,-0.027044299266051702,0.09659541750935426,-0.9211467608559257,-0.08012271349988628,0.09033657924001856,-0.7183994680919841,-0.08350568107022718,0.08909212980729946,-0.6650453259128447,-0.06521762673806457
A,0.0,0.0,0.0,-0.19833309723682777,-0.08806583959380979,-0.12556710281048297,-0.3651736110073974,-0.4349397153152784,-0.17194522671202253,-0.4438155034078502,-0.7680088620608125,-0.2091251515055938,-0.5236098094380262,-0.9766199424373628,-0.22619118986957062,-0.30915444552137217,-0.7475698318702658,-0.025139114077105663,-0.34463615960869454,-0.9725102744348073,-0.0848667715148669,-0.2941162950164487,-0.72930051691471,-0.09033296699688435,-0.26132004363156636,-0.6526620023996048,-0.09118566834658315,-0.1737849921977996,-0.7810574043285377,-0.01617987397272156,-0.20559194732334246,-1.0,-0.1296395292108133,-0.16849558310996315,-0.6690152602231535,-0.15842674753703714,-0.15468009262439814,-0.6435714077959045,-0.14228139021646832,-0.04699441098455251,-0.7796002366091601,-0.02918477439984122,-0.06273265276953276,-0.9646804499997278,-0.13856836222487084,-0.05217908601015823,-0.6488143390252187,-0.13938000883901075,-0.04002196957954252,-0.5987367555315272,-0.10351127231036067,0.08812422290196267,-0.7639685507167812,-0.05671153237452765,0.07328418585779602,-0.9362668445959417,-0.10984753478680054,0.06505934199342518,-0.728496411830941,-0.10716856500306472,0.07225057251548996,-0.6705477161417963,-0.0850454538836777
A,0.0,0.0,0.0,-0.20254966413357892,-0.10248352926309287,-0.10561807297845623,-0.3648321425711329,-0.45127609168107713,-0.15160356959521418,-0.4405708858693192,-0.7767958976308397,-0.1937795932161567,-0.5242710468746512,-0.9780373652801556,-0.21749274360980153,-0.29579577617534814,-0.7504025747744932,-0.021152885747545175,-0.33098927648369764,-0.9818058035243393,-0.08028448000755455,-0.2923909261073392,-0.7407168987190235,-0.08533006985215502,-0.2649182264548903,-0.6449685577744111,-0.08565297658314462,-0.1665174860065045,-0.78061406503747,-0.023622346757567404,-0.19777042126622163,-1.0,-0.135179469139029,-0.1703526940487014,-0.6794397972983629,-0.1631452617016518,-0.15552185205492247,-0.6344135225635834,-0.1485080316405779,-0.04147166369650301,-0.7760543432422308,-0.04489192991945324,-0.059602162604120434,-0.9650641164153958,-0.14775696357982887,-0.055633660744294815,-0.6573137609071844,-0.1441472367358918,-0.042990983824299576,-0.5898302224274017,-0.10882180463186691,0.09406774922492758,-0.7524388487985635,-0.07982125429307163,0.07512151181569406,-0.9394048517065315,-0.12708221790414614,0.05901188481923101,-0.740269663961534,-0.12006331938870912,0.06346047381569118,-0.6709729772796305,-0.09740116862701115
A,0.0,0.0,0.0,-0.19322715045540695,-0.11536890173543451,-0.0984889873603888,-0.34775856617529033,-0.4645911028922293,-0.14696244128757335,-0.4266812835831202,-0.7794084555414155,-0.19320940930460123,-0.5194043881640834,-0.9740249272990373,-0.2213115454499874,-0.2852201411195191,-0.7625563996532886,-0.03332003598659652,-0.3349531418748459,-0.9900549141368468,-0.09530047433963276,-0.3050670799259331,-0.7450843942939208,-0.10006996072648729,-0.2735367284475944,-0.6456590514137089,-0.09971708432145525,-0.15898486075516932,-0.793664643376111,-0.04065688395693586,-0.20568148710341558,-1.0,-0.15327423937726886,-0.18362118937018343,-0.6815537320837025,-0.17678818725608464,-0.15868503174856036,-0.6408927544957694,-0.1603035922584439,-0.03356457014514753,-0.7891002767512588,-0.06489677672869451,-0.06871868831169618,-0.9658021925071822,-0.16720087084077967,-0.06872277688905903,-0.6574558842502548,-0.1556497217536833,-0.04330363713785047,-0.5884345654993122,-0.11654996553889427,0.10515124404809136,-0.7646523255525183,-0.1026027965455747,0.07083861567433361,-0.945530003797834,-0.14849523190516659,0.04848447037174557,-0.7457966396134084,-0.13547201514575485,0.060497164950170844,-0.6732260571395343,-0.10930900038629342
A,0.0,0.0,0.0,-0.21313497761111694,-0.11307423088838221,-0.10882474267492358,-0.370252487093832,-0.4632887490296004,-0.15815456524338034,-0.4459976456229704,-0.7834649789360341,-0.20388394458446643,-0.5422251709458211,-0.9853125007142294,-0.23029209496484507,-0.29752326379238375,-0.7776822316840251,-0.02472858063361206,-0.3675471074524406,-0.9838484430561634,-0.08498193103595954,-0.3267485945178074,-0.7116675609106925,-0.0882872027447404,-0.2853281393073128,-0.6333426578502309,-0.08772484018411401,-0.17074171603016047,-0.8111171696999974,-0.02971681697292354,-0.2406010012439538,-1.0,-0.14340315757954167,-0.20208372825167248,-0.6527249555861878,-0.16758421093228495,-0.163478635347833,-0.640268795417629,-0.1498038474229542,-0.045284046508815685,-0.8061626168505217,-0.054343162035640324,-0.10013893968815205,-0.9718604018010285,-0.16083367855870043,-0.09071055796879471,-0.6459385126257399,-0.15181265864124144,-0.04950528924505973,-0.598839613622863,-0.11255612795299583,0.088982347990001,-0.7856885264601463,-0.09329769923267116,0.03737346712526021,-0.9475429089957855,-0.14072401829224457,0.015509633560337646,-0.7305853411807027,-0.1298579404714749,0.0399057002533272,-0.6753124723182011,-0.10484909095317889
A,0.0,0.0,0.0,-0.21527563760827712,-0.1118820776980567,-0.1053628156854166,-0.3775876318765089,-0.4665982567003623,-0.15119582360734501,-0.4593599299148724,-0.7907062502758923,-0.1928338767076951,-0.5603335155637201,-0.9961165233158686,-0.21572279992984528,-0.3138021521295488,-0.7979278028108754,-0.0196883312219719,-0.3728231335250714,-0.9992667547258225,-0.07727321266469327,-0.32450711207847904,-0.7362706155199169,-0.08182216699051441,-0.2844483003337872,-0.663258075579204,-0.08307925105531598,-0.18204564361848427,-0.8247018156258595,-0.023889147693335132,-0.2427483964291899,-1.0,-0.1332235045162785,-0.2032813693764665,-0.650318608891711,-0.15795331684161748,-0.1728140333243916,-0.633133898587092,-0.14246421501105097,-0.05410293413559978,-0.8127621485981277,-0.04669729390096232,-0.09702192537156323,-0.955104771153722,-0.14867520384293156,-0.0887922879194836,-0.6298511030597727,-0.14124074735920836,-0.05912318887330687,-0.5874927928447974,-0.10492783118631813,0.08360300034974652,-0.7896682841028323,-0.08366715627740502,0.04206262160482718,-0.9208215308031606,-0.1261203564580508,0.02736715574585992,-0.6975491258034832,-0.11494502139749033,0.04715778321827918,-0.6474257637547156,-0.09111881995028677
A,0.0,0.0,0.0,-0.19817661024320515,-0.09680233007604408,-0.15382134551067256,-0.35720134978276463,-0.4601667553935067,-0.20994007890275992,-0.4420949208387786,-0.7963663699317718,-0.24990925075863463,-0.5414158590822028,-1.0,-0.2694356274537889,-0.30337784711379606,-0.7746604939453684,-0.060679157167776436,-0.34166025152463353,-0.9822145595141486,-0.13621742801145592,-0.2886095447383991,-0.7264430239639067,-0.1490623846317619,-0.2569376799981049,-0.6682773673363521,-0.15370694391753284,-0.1669552594022435,-0.7902791129358626,-0.041347916575055606,-0.20766421167798413,-0.9774770710979305,-0.1649092748730436,-0.16810395636596992,-0.6210680214992722,-0.19289647565401002,-0.1550194780592213,-0.6237320962925231,-0.17670419969779214,-0.04056710281121524,-0.773836064857547,-0.047361770905868704,-0.057017668911150746,-0.9300238151065991,-0.17107887548310977,-0.05277140519058397,-0.6006462377904846,-0.17419729411123538,-0.04448158063425719,-0.5787036859725206,-0.13890839214382586,0.09225974282408382,-0.7516415883905859,-0.07052937902743142,0.07889709771740097,-0.8941256874202362,-0.1358518110166418,0.0645830682521465,-0.6702324785059053,-0.13824423521973503,0.06737026838060538,-0.6253316617792434,-0.11874655644437253
A,0.0,0.0,0.0,-0.20043668066382628,-0.1012865249715556,-0.15529058174910296,-0.35106415315051276,-0.4629117398243295,-0.20860398587453216,-0.42489695705760167,-0.8001144494969598,-0.24469743211302483,-0.5259063171514906,-1.0,-0.2593787716936732,-0.2906975628048414,-0.7842100649005758,-0.05297200255945787,-0.3249933768392869,-0.9890701850261535,-0.1253282885708945,-0.2750838613730868,-0.7212817991704091,-0.13672714410792086,-0.248975809785384,-0.667447421062803,-0.14153591474050628,-0.1539267344042163,-0.7930113496017784,-0.03398901308388422,-0.19754344729435885,-0.9807192432574944,-0.1551491596701088,-0.15843864265520274,-0.6187167962075846,-0.1833093912055686,-0.1450880144468093,-0.6312851235491439,-0.16749945464073013,-0.030178095831696207,-0.77080576349365,-0.04122643095829117,-0.04820573136972083,-0.9309204337626336,-0.16432179731346663,-0.04275858163253553,-0.602584920438882,-0.1689631891562923,-0.03254355608057347,-0.5954237479026657,-0.13474365545560288,0.09877356341404417,-0.7485884988654238,-0.06563073844444653,0.08423684550693736,-0.8879346009273705,-0.13084952891931756,0.07132872122444643,-0.665637810376669,-0.1348096870880744,0.07657941585642268,-0.635593537586917,-0.11651269568282528
A,0.0,0.0,0.0,-0.20020656575450485,-0.09256287547702723,-0.1725131945712575,-0.35603742489578805,-0.4549575516885535,-0.22664160571108372,-0.4365612578952662,-0.7972548665274884,-0.25865112961118886,-0.5325074225761505,-1.0,-0.2678318175801251,-0.29575256212516143,-0.7720103578776355,-0.06014177858308922,-0.33313465822156535,-0.9716990121373232,-0.13220463653513984,-0.27436099443938655,-0.7015020930458251,-0.14178585608329133,-0.24857902381829258,-0.6576561867306513,-0.1452068261884993,-0.15686650600049915,-0.7860421399070842,-0.030525671672101486,-0.206383107261135,-0.9763987000870613,-0.1529428814589291,-0.15736125634531847,-0.6132640999885339,-0.17969099347294343,-0.14804659917701302,-0.6369902763680005,-0.16090868785179396,-0.03270900383981925,-0.7699956900886659,-0.029690761200954378,-0.0531184683135213,-0.9288811790733814,-0.15797947387429534,-0.040391812683186645,-0.6009812049469399,-0.16671483809702917,-0.03305756593750435,-0.6048295665201437,-0.1319731351166735,0.09230273084929559,-0.7546897806137124,-0.04661505603200215,0.07970218459841648,-0.8947918411458622,-0.11799958620675347,0.07017159153735612,-0.6756072228266431,-0.1280452176351835,0.07214108187404879,-0.6537606222053607,-0.11180154578094761
A,0.0,0.0,0.0,-0.19954923694092028,-0.09072604874138165,-0.17281985897154772,-0.3591302986849369,-0.4490718932824419,-0.2244060697249473,-0.44622533724431196,-0.7964033960335197,-0.25431922715003763,-0.5392228018203878,-1.0,-0.26119708735595637,-0.30279797476461173,-0.7674864669831862,-0.04869982679473384,-0.3491360311616602,-0.9682162648286909,-0.11532094339187207,-0.2861143667903183,-0.7013704196252448,-0.12198259374712854,-0.2537297529925175,-0.6571073343339776,-0.12393005556957165,-0.165092301580888,-0.7918053024558052,-0.01799756965331502,-0.21821640676852394,-0.9821417925941094,-0.13686198084714446,-0.16444373117049832,-0.6214151439203668,-0.16513567405914636,-0.15091308002056802,-0.6415798736129876,-0.14653395032288874,-0.0411606590474626,-0.7838297032378747,-0.016362498182350894,-0.0642491600473814,-0.9412541311588404,-0.14325633484016745,-0.047906018419248256,-0.6102064391856893,-0.15523084045899768,-0.035980801407437535,-0.6081309003205758,-0.12155148698925954,0.08243979054222719,-0.7693745506421452,-0.032308035288829806,0.07099205912872789,-0.9182725581664705,-0.10354363951439756,0.061649011559390746,-0.6974692506277053,-0.11549600251927518,0.06596492874904261,-0.6671195809027715,-0.09978613728452278
A,0.0,0.0,0.0,-0.20298704121840366,-0.07393435072414761,-0.16289460153005744,-0.3722230736107768,-0.4450963350776619,-0.2143549058394624,-0.4591411923345046,-0.7972128500074542,-0.24664716419803895,-0.5600561735988666,-1.0,-0.256941614384729,-0.322203625860261,-0.7698750180110323,-0.05071783839574637,-0.362091087100103,-0.9884300459833107,-0.12042827018786283,-0.2987640892081226,-0.7230517476739741,-0.12934237776099178,-0.26954394816820515,-0.665446011462096,-0.1326488337062149,-0.18139358332507394,-0.796031826014677,-0.025800746404971348,-0.2274780890065656,-0.9957156647257784,-0.14474633918864824,-0.17480945785335147,-0.6329658735704654,-0.17353645381793745,-0.1644842431576817,-0.6411008218028023,-0.15714791097916556,-0.05375054241317016,-0.7892655080193861,-0.02823050494053491,-0.07443407878879243,-0.95809655245937,-0.151122999431033,-0.056782226005348754,-0.6263003340682112,-0.15949582603039184,-0.049016035440714346,-0.6133475908526443,-0.1260797651451902,0.0784583472493718,-0.7841530816980427,-0.04806569111110209,0.060030041985486234,-0.9318503139541566,-0.11398220760775017,0.05667728311177334,-0.7091752363089086,-0.12141114679750774,0.06167039935768286,-0.6772823830032491,-0.1044095586513073
A,0.0,0.0,0.0,-0.20222331970574756,-0.07671977134523175,-0.16167337186620476,-0.3723468620019787,-0.44935638335973216,-0.21461508848961539,-0.4615872807284466,-0.8024493031727626,-0.24838572173342063,-0.5669194888120411,-1.0,-0.2606180463094458,-0.32164060981067694,-0.7699024059483847,-0.05873329114551354,-0.3580452753244473,-0.9893614351350435,-0.13085962942165177,-0.2982544446736354,-0.7227824833730349,-0.14076979345355012,-0.2713085552191894,-0.6597067062047972,-0.14483138310398128,-0.18070211059725663,-0.7968984900146652,-0.03553127951027326,-0.22306636298567462,-0.9966217733670191,-0.15623172660315968,-0.1723590336567798,-0.6339864916174459,-0.18484200906633638,-0.1615773172057112,-0.6365243355003547,-0.16930116212381838,-0.05265350153195894,-0.7874764443472627,-0.03870328141896107,-0.0683883274907595,-0.9623826929840105,-0.16210669085565582,-0.05295337663785503,-0.632324145170142,-0.16876764240977687,-0.046085547344775046,-0.6150677546474448,-0.1353942575102765,0.08078402691120562,-0.7768036265068482,-0.05924122884172089,0.06886959256731975,-0.9283368510851892,-0.12602037335750177,0.06371376576458189,-0.7074133456270637,-0.13230295340363557,0.06645680435896041,-0.672172958137586,-0.11499211357561136
A,0.0,0.0,0.0,-0.19884496102761492,-0.09935943919136384,-0.1698423881115365,-0.3514953314579901,-0.44999309702963225,-0.21763757774288306,-0.43577994637023526,-0.79471262956135,-0.24327042170570196,-0.531877133224715,-1.0,-0.2460233622186471,-0.29715806669793693,-0.7651666098314848,-0.03408662595501373,-0.3277556461724663,-0.9739792858626731,-0.09367202296617999,-0.26928596284242107,-0.7026230851878805,-0.10068130071078576,-0.24496115827052065,-0.6513982543542064,-0.10419047850386477,-0.1607804145527681,-0.7831338222465531,-0.0005045293002371304,-0.1986454934926983,-0.9792171596084339,-0.11393881460491903,-0.15269980179546913,-0.6192857233071717,-0.1486353253493815,-0.14860657990264417,-0.6341815494272277,-0.13564511101759558,-0.037587871328632345,-0.7747018548303154,0.004870762217819009,-0.049113000971642076,-0.9438308349806825,-0.1168195730323135,-0.03815382779506061,-0.6199369325464382,-0.1372874109610217,-0.03574105455611287,-0.6137923090022137,-0.11042429490358029,0.08414611998625503,-0.7626502920370208,-0.0063502069946065115,0.08120332056828214,-0.9241184993944114,-0.07342088277839307,0.07053703367386535,-0.7096057554658678,-0.08993498046217431,0.06805958591759204,-0.6737568011678867,-0.07892958106545472
A,0.0,0.0,0.0,-0.19599421496057487,-0.09633029787534014,-0.16756249840661253,-0.35114413195878375,-0.44889876100639114,-0.21395120867048809,-0.4373087052397959,-0.7937173287005257,-0.23854369679886112,-0.5293768017255464,-1.0,-0.24064559273451158,-0.2914604537997645,-0.768828961201499,-0.03466846636111293,-0.3235835648761265,-0.9819369641034331,-0.09280391197780435,-0.2670415438344635,-0.7175460355981761,-0.09855173148016559,-0.23858500057347526,-0.6645427989933012,-0.10096404458549342,-0.15514004334990844,-0.7857378135356926,-0.0012548204334561178,-0.19194670801658728,-0.9878238398778975,-0.11386203584915164,-0.15008932781465278,-0.6309353111858217,-0.14802946571438896,-0.14308133371863524,-0.6378074852127765,-0.13424583833577255,-0.032913002940395425,-0.7754869000223076,0.004720218777341452,-0.04270192156121209,-0.9507009888458773,-0.11418937312252989,-0.035273034503923224,-0.6276511750272932,-0.13280643836886075,-0.031162611754486452,-0.6143125650326123,-0.10498272707801098,0.08841576509350747,-0.7588704684116159,-0.0058638003081336884,0.08635079488035262,-0.9280242037562803,-0.07158853447091662,0.07280483827136298,-0.7164057440293418,-0.08696978416021243,0.07047144259627353,-0.6768814150729049,-0.07498707148326317
A,0.0,0.0,0.0,-0.19286309644047903,-0.08985131519465431,-0.17809739426359492,-0.35184416797367674,-0.45117293649582174,-0.22919279148477814,-0.4440990420430086,-0.7985319653706086,-0.25606762381204573,-0.5438994975370396,-1.0,-0.2596400298186632,-0.30917635628512313,-0.7742855628650976,-0.04874746196136883,-0.33599482765975225,-0.9866992264639188,-0.11253293454905837,-0.2711067287544914,-0.7157967308826058,-0.12043604153727594,-0.24545913156717467,-0.6689830327827145,-0.12430574899852011,-0.16954009110115642,-0.7960423888418651,-0.011526667540154245,-0.20297134589778634,-0.995507575252815,-0.1272323175369051,-0.15149495039942393,-0.6297592175495756,-0.15904144330493875,-0.14897623127749965,-0.6468347794757647,-0.14411193077709022,-0.04365043412475451,-0.7914554856877553,-0.0031793987978680723,-0.05034829511717026,-0.9662086931650395,-0.12686973902376253,-0.03475818287000723,-0.6362761124391751,-0.14435644065919082,-0.03614762650617558,-0.6317954387376274,-0.11519424526538918,0.08247706401534874,-0.7836292892932345,-0.012290272518884265,0.08097034494371895,-0.9506290393484939,-0.08139955266040445,0.0745241913488567,-0.7336558525318979,-0.09714492559805188,0.0705699644918654,-0.6982440765035375,-0.08497162082445986
A,0.0,0.0,0.0,-0.19712400548700063,-0.07399755072267054,-0.1762384142340608,-0.3572554532435914,-0.4440014936391876,-0.22681227224002903,-0.4393734645824386,-0.7984909223175057,-0.25387918873032417,-0.5385026795056443,-1.0,-0.2577962668848891,-0.31347605807361134,-0.7706313605337871,-0.04600182721837467,-0.3329093221878975,-0.9808528642220741,-0.1123168057141702,-0.2687893580436846,-0.7102893697164068,-0.12221630064310561,-0.24893939534360446,-0.6601759683402926,-0.1273388146612238,-0.17271804439787347,-0.78863374833869,-0.011520138390741824,-0.20095617778529629,-0.9906983068217852,-0.12733970917888052,-0.15064827014362844,-0.6248909128385515,-0.15969846014833236,-0.15415689100622032,-0.6408519233654699,-0.14593508886907122,-0.04687061356403169,-0.7795651576632829,-0.00657325594901481,-0.05104369973910586,-0.9543160154323946,-0.1306953675221728,-0.033738742421969024,-0.6217147592597828,-0.1474409873478281,-0.03921448093281357,-0.6133877090575749,-0.11819365474082354,0.07930318423649897,-0.7722436039641268,-0.019243389174661903,0.0782966319093277,-0.9255863372604907,-0.08837954254871798,0.07594566353677383,-0.7097449164121642,-0.10358182613204896,0.07020854989947968,-0.6815554682480253,-0.09129692390077584
A,0.0,0.0,0.0,-0.20132799370468762,-0.07008391638252282,-0.17564090677192404,-0.3735056786148248,-0.4382860195592953,-0.22390696255178894,-0.4625503757549765,-0.7932099453359858,-0.24821208389820498,-0.5489767184651938,-1.0,-0.24947621415523777,-0.32780507055127855,-0.7666569925196242,-0.04022221406749004,-0.3388122477986232,-0.9829890252002537,-0.10291106815968944,-0.2783160602493678,-0.7057436513703308,-0.1122941720663634,-0.26340246711865345,-0.6429093624705816,-0.11772587178662648,-0.1837751650020799,-0.7853065504142326,-0.0030850357316572264,-0.20215948546989257,-0.9992150802199512,-0.12106983856777968,-0.15614542565738646,-0.6339488890645929,-0.15808908986622305,-0.16415181857149996,-0.6401197357526678,-0.14624847057847645,-0.05467269513837745,-0.7754969887750958,0.005420700951511799,-0.05102107611082396,-0.9643805257308459,-0.11980119921583647,-0.038887724915120506,-0.6321331681924368,-0.1411173991811597,-0.05058679528198809,-0.6146685564491172,-0.11372994853631954,0.07282685380549428,-0.7649325386611997,-0.002868574660044646,0.07811611744961955,-0.9226734947218808,-0.07188861981764037,0.07229239041916898,-0.6999093664591144,-0.08892076903381158,0.06261879082233926,-0.6610804137469238,-0.07764604482325364
A,0.0,0.0,0.0,-0.19706759384537337,-0.04923578269982589,-0.16385528665593735,-0.37815375398056955,-0.42651592914030106,-0.21477470712665375,-0.4658235360093361,-0.7864716950683766,-0.24573129614352346,-0.55218243348444,-0.989044412484732,-0.25445978485926835,-0.3212592347557614,-0.7623665630736599,-0.05710616336913805,-0.3538027719766009,-0.975640026369129,-0.1266130032464828,-0.2914699748281771,-0.6995169840001098,-0.13533908137804165,-0.2668866302553101,-0.6394589501471077,-0.13855580632464795,-0.17756901428580218,-0.7929843540959464,-0.029729972156039806,-0.2108576734307363,-1.0,-0.1508520040022527,-0.16039784636338383,-0.6314399569916288,-0.17878030772710513,-0.15749781006560576,-0.6308056923623702,-0.16099883312868776,-0.048069474041883,-0.7889404882074813,-0.02924869643525443,-0.05720827967934912,-0.9640376332712911,-0.1521050197465914,-0.03807078492643666,-0.6212585958770078,-0.15774967621202074,-0.03759635829645583,-0.595249013642191,-0.12161622455597601,0.0856577871984788,-0.7869488428486042,-0.04579594268740236,0.07863248712659311,-0.9372415203042767,-0.1110123900766835,0.07825389230965081,-0.7076403273520084,-0.11664974823968466,0.07617777298224343,-0.6686558274970577,-0.09770443472295053
A,0.0,0.0,0.0,-0.20212226258481358,-0.07379924539955164,-0.16811432355619788,-0.3790730848840698,-0.43395877478902245,-0.21755546477971272,-0.4773954996522942,-0.7899875948879943,-0.24698521856660563,-0.5700937957478716,-0.9903186318231771,-0.25332945954745756,-0.31801115816722514,-0.7666644636529049,-0.042377422763756264,-0.3788550450087409,-0.9760574904709907,-0.10403272295167529,-0.31163278996876204,-0.7068302979507878,-0.10626973720907347,-0.27337942506019786,-0.6643099488296441,-0.10559948976773749,-0.17880860625846967,-0.801899777690567,-0.01442853105026581,-0.24411552604166972,-1.0,-0.13061380448326504,-0.1833004148489366,-0.6291731270532624,-0.15617424241120778,-0.16177131664384695,-0.6409300851162636,-0.1344081106479799,-0.052187797370303414,-0.8026735619047842,-0.014751552512396295,-0.08711020547099947,-0.9771700319164056,-0.13743478836480763,-0.06438352559014937,-0.6364523134276419,-0.14517393184475447,-0.04274774693103612,-0.6236618884662871,-0.10821201308215414,0.0755342064676195,-0.7957840165307914,-0.03275401163869274,0.05234805199970288,-0.9584418805003454,-0.09926747258890911,0.04549289703523087,-0.7304511284791777,-0.10723935813669043,0.05683026870724228,-0.6944885859517517,-0.0885685898678089
A,0.0,0.0,0.0,-0.1917127076347923,-0.06216551489661213,-0.14168580723762306,-0.36437818398112426,-0.43979095569478893,-0.1798406106551785,-0.44750990344412533,-0.797379025535495,-0.20183086919242763,-0.5330823996736271,-1.0,-0.2038660051696199,-0.29869014454775605,-0.7651394086936907,-0.022891534010435782,-0.32088785214569454,-0.9805087677610618,-0.07294528320652498,-0.26943709220209144,-0.7083467147849041,-0.07591309173365975,-0.24569362951648122,-0.6271978485784774,-0.07757166781383684,-0.164431276901105,-0.7906922191261102,0.0005525927901262731,-0.19002585501186986,-0.981850598301518,-0.09783140485997749,-0.15229735685473705,-0.6317739247776982,-0.13016877942093427,-0.1427471830508867,-0.6127000183333199,-0.12117868151960215,-0.04646858959441946,-0.7820694749756033,0.0014235384246412165,-0.054399066650333984,-0.9514920479371272,-0.09895138848283572,-0.04292547370923542,-0.6299026859893072,-0.11157089435131153,-0.0376585343709969,-0.5906246888629703,-0.08706721897111158,0.07677133272471859,-0.7763664904351432,-0.013122834887007146,0.0641359665456106,-0.9169788420385013,-0.06107542746062034,0.06436761921542516,-0.6882991651495172,-0.06602459388539716,0.06961888104974694,-0.6282656737892843,-0.05178807487156832
B,0.0,0.0,0.0,-0.0917654527824649,-0.08443477520063786,-0.05616270923635268,-0.14594148251099587,-0.2726762131523894,-0.07739752298766987,-0.09546303126228425,-0.4211739891559381,-0.09830561031648496,-0.014832539352534608,-0.45714806114219914,-0.12031328501722505,-0.12237934838510257,-0.4927484951055302,-0.018760370886010198,-0.1381214463945557,-0.6821433150605624,-0.051755611523333495,-0.1406101221325008,-0.8011254561559347,-0.08199328350852172,-0.13841702442735607,-0.9058990527979399,-0.10506969676381561,-0.06533826594867453,-0.5237290101793537,-0.023746891415017273,-0.0749330256126354,-0.7450392391250822,-0.044545700820424396,-0.07713091647506877,-0.8790571437358884,-0.08190598670486719,-0.07762529641255572,-1.0,-0.11449676724941894,-0.011130395961011773,-0.5038819153205455,-0.04013272221724972,-0.017380673065417525,-0.7095755813286666,-0.06839334877534681,-0.020437223819275603,-0.8473615637744127,-0.11340135962477245,-0.02200047783213256,-0.9703003420887769,-0.1473772057069056,0.04820832065857068,-0.43801925513993367,-0.06427384406598419,0.044555706559030614,-0.6092316323502283,-0.09677309099820659,0.04048791374005898,-0.7164644895803893,-0.12862359265061904,0.038149537719951,-0.8128128854675637,-0.15413099257220528
B,0.0,0.0,0.0,-0.09152965696302097,-0.08300545326970736,-0.05415307881743184,-0.145618222765635,-0.27179940025090665,-0.07382959232278659,-0.09457051239926623,-0.4186736459596573,-0.09328350307566186,-0.014899252041001475,-0.4484155450757432,-0.11372693365972598,-0.12579135948112266,-0.49022633335202975,-0.018509343927248047,-0.14156810307878878,-0.6770778362396564,-0.05175036845937048,-0.14503154781524025,-0.7961462101686237,-0.08173447151615895,-0.1436914768103835,-0.9025124698505509,-0.1044406039709771,-0.06955753422122539,-0.5228904924798183,-0.023950059420892338,-0.07937700620345739,-0.7415729500222266,-0.04499949221392516,-0.08277399166818444,-0.8756148270406047,-0.0813648920790243,-0.08443524429139206,-1.0,-0.11310902714855645,-0.01584492164365925,-0.5041324203280808,-0.040531592214045474,-0.020831887891917058,-0.7069462371419213,-0.06859336083620556,-0.02453046094833141,-0.8425355839269169,-0.11178524869145542,-0.027094413817478433,-0.9664124580425716,-0.14427225232305357,0.04388523423369796,-0.4399102478993857,-0.06478974918729315,0.04082111805234916,-0.61133993407584,-0.09666795581134606,0.03647811923011059,-0.717704675507163,-0.12731701682491067,0.0329617362461821,-0.815004257690326,-0.15180382090681624
B,0.0,0.0,0.0,-0.09239742213859387,-0.08306575195413704,-0.052172757562395825,-0.14758288481629647,-0.2758405757428943,-0.07078345807919312,-0.09433433066143841,-0.42539264895550516,-0.08954910997152812,-0.012416139820620278,-0.4539551698742856,-0.10946205446204751,-0.1299653891248758,-0.49132394217374176,-0.018134728634752382,-0.1468601872174604,-0.6789516356345419,-0.05121943449166255,-0.15022484151075613,-0.7978484535415115,-0.08094975313058982,-0.14868400006850765,-0.9034784756816728,-0.10345787462483445,-0.07258001823580622,-0.5273158269206597,-0.024626439427406156,-0.08299306418150346,-0.7452472966331686,-0.04503745046381361,-0.08698218307739244,-0.877978565815672,-0.0809376917210334,-0.08916188733917758,-1.0,-0.11260792697802852,-0.0179833729622967,-0.510987319989631,-0.04202722526234744,-0.025115947737955936,-0.7129670748193474,-0.0697421926733187,-0.03083169152052428,-0.8472516967979352,-0.11263570015153777,-0.035132578259098816,-0.9691688309954132,-0.14521133215633564,0.04293919859408379,-0.4485638504315546,-0.06692629622901063,0.03816653802130762,-0.6184816209373297,-0.09853872090325823,0.03298898565432494,-0.7235011122332302,-0.12877475151224185,0.02876322509609213,-0.8182129316308215,-0.15317041103040668
B,0.0,0.0,0.0,-0.09114258108600017,-0.08093451433973839,-0.060782206118973454,-0.14640914037635394,-0.2729315552892734,-0.08198348634732087,-0.09197179135595247,-0.42524465165832076,-0.10159982927882569,-0.009911786066567601,-0.45838952668926647,-0.12196715980281403,-0.1349711096990955,-0.49157624960543844,-0.02077235939374949,-0.15023144286930232,-0.678653552216359,-0.05357032763490224,-0.15146152418567127,-0.7977663089660474,-0.08376050279618094,-0.14788173987190203,-0.9040458511959633,-0.1066621688350315,-0.07589938618014969,-0.5283474522502717,-0.0225893492301718,-0.08617952754500585,-0.7446690900485494,-0.04186476835757824,-0.08946115301312403,-0.876506421155943,-0.07876738392670538,-0.09128708247930584,-1.0,-0.11127442352748242,-0.019570137114331827,-0.5125828315206489,-0.03636016106975436,-0.02635900273613564,-0.7126230007950511,-0.06333726015204726,-0.03203094654047113,-0.8453207079887437,-0.10799571802050027,-0.03677977177701146,-0.9684903032052428,-0.14193671531958024,0.04313489844815364,-0.4503671168826108,-0.05834065273603854,0.03808556665851621,-0.6203669020673794,-0.08974764833490878,0.03200946501733958,-0.7245401985620527,-0.12130776948365612,0.02707810552686722,-0.8204753896284623,-0.14674442399350235
B,0.0,0.0,0.0,-0.089615257269308,-0.08202985615023832,-0.06193574804984367,-0.14352104389335252,-0.27596930061717956,-0.08317742291460488,-0.0870341080433431,-0.4267235650158523,-0.1025608894818622,-0.005064278619290017,-0.4556614492643153,-0.1226839338492353,-0.13301982072970583,-0.493660868053157,-0.022077413803405374,-0.14673557036108933,-0.6813642026330771,-0.05464399702021857,-0.14701843439817253,-0.8006258143506751,-0.08462754773208314,-0.14299735834764526,-0.907131419227132,-0.10733343850964362,-0.0736263526856005,-0.5298301862972323,-0.02295760108321805,-0.08214121525536369,-0.7461893747930626,-0.04174082644188965,-0.0841572319103982,-0.8775974362394685,-0.07785844756129282,-0.08505298787793612,-1.0,-0.10986973145435949,-0.01739762703870533,-0.5132085595253124,-0.03584400452355935,-0.022358645396879085,-0.7125677980434145,-0.062230793849997544,-0.026851360010290298,-0.843628710878415,-0.10592112070385867,-0.03100166026302187,-0.9646193066913126,-0.1391783536861627,0.04501254129814941,-0.4499676046239635,-0.05711353033028758,0.04134936269243687,-0.6187699046956621,-0.08761605094660961,0.03650256185492112,-0.7211467367613675,-0.11828965592072904,0.032183138683175606,-0.8145487395578508,-0.14310840706707276
B,0.0,0.0,0.0,-0.0875889920414228,-0.08586308212232188,-0.06625927450721891,-0.13891780675692827,-0.2799790764382366,-0.08876232777295522,-0.07931610230459417,-0.42690584222017863,-0.108557984448454,0.0031140078582364054,-0.4530081607086126,-0.12879160511326823,-0.1255824492902958,-0.5012273774862209,-0.02272613611552169,-0.13662392326207004,-0.6878603410849866,-0.05466960364011319,-0.13600919244874238,-0.8048393982524754,-0.08441292301856572,-0.1315650801243259,-0.9094494444013856,-0.10678759021305355,-0.06507785895588672,-0.5352672505360923,-0.02084103109266471,-0.07076991832646302,-0.7494788289692137,-0.03820047673728542,-0.0727501537884206,-0.8792402818796917,-0.07379658349046224,-0.07387522716375611,-1.0,-0.10547916533813066,-0.0089485136967595,-0.5163513503145875,-0.031595016392044234,-0.01277898258546622,-0.7150143349595468,-0.056749692837699185,-0.016721209729347482,-0.8448485515556236,-0.10058101244836726,-0.019928248783783235,-0.9652516400221898,-0.13406316649751684,0.052139394319793045,-0.45084270859240355,-0.051116767176330444,0.04978413439939029,-0.6180125793883827,-0.08048999682740245,0.04610541509825031,-0.7201813117604058,-0.11112998742279424,0.04369614875615781,-0.814380955620072,-0.1360513911644727
B,0.0,0.0,0.0,-0.08953929437256393,-0.0936266140839151,-0.04836255547773517,-0.1429226256716929,-0.2902930672598275,-0.06418188248194748,-0.09370039241805501,-0.43556426083363287,-0.08143599535376722,-0.011628737500694057,-0.4598353611032863,-0.0999116007701909,-0.10966793198629783,-0.5004365960126754,-0.0063563302558865865,-0.11802002102300911,-0.6889530237446028,-0.03627665068854818,-0.11555582466273602,-0.8078605472457053,-0.06469938820437951,-0.10950727330350696,-0.9135874759496941,-0.08632216428847105,-0.05143596488990842,-0.5295371878739202,-0.014089296436534237,-0.05408524310565318,-0.7490356821916846,-0.03261037629789203,-0.053723093248245715,-0.8814031723284436,-0.06892225970420973,-0.05321949251572862,-1.0,-0.10027151660692021,0.003290386498615734,-0.5097149211529035,-0.033025759051939295,0.0038714544819797372,-0.7134933513318548,-0.059721672123380316,0.0023522568188194285,-0.8476441146863851,-0.10296415549447523,-0.00015137278901120052,-0.9660889653498146,-0.13499622769955,0.06192406390399454,-0.44447083221261285,-0.05925061574547548,0.06217401981189959,-0.6215341275995017,-0.0898433386385682,0.058700459518177865,-0.7285268317490814,-0.11995724570826893,0.05446024056952294,-0.8233664634094762,-0.14395182032942513
B,0.0,0.0,0.0,-0.08965370563858213,-0.09173696823793268,-0.04783570699897945,-0.14477060729154723,-0.287040018244563,-0.06363053462053034,-0.09930794938927479,-0.43375083999941066,-0.0809013148766845,-0.019825971981014892,-0.45854352269968285,-0.09947817810588247,-0.1116106015773091,-0.5004998036531406,-0.007088809992035887,-0.11983513269908706,-0.6906139154510564,-0.03680645067632231,-0.11590063631757071,-0.8098842226169801,-0.06471372146778913,-0.10853554710947315,-0.9149268135499192,-0.08595849569452524,-0.053622999936579645,-0.5300342149616948,-0.01508857921240753,-0.05605436982267284,-0.7509999596415917,-0.033346505916092894,-0.05443542110155393,-0.8827094969740803,-0.06898871389257996,-0.05278059823973279,-1.0,-0.09988850460540553,0.0013301618884660154,-0.5093896079020482,-0.034168732412605096,-8.968535175555873e-07,-0.7147825162250411,-0.06055759816836754,-0.0011628346464763585,-0.8488190040697932,-0.10364427890068688,-0.0028658313543833396,-0.9664128998285088,-0.1356398724671722,0.06044126474283046,-0.44249778829516473,-0.06046515819509377,0.060645747344833134,-0.6172992793781986,-0.09088364686238866,0.05820451207004682,-0.7247332341242514,-0.12100753116059758,0.05536263951677532,-0.8198243063959109,-0.14500417628783227
B,0.0,0.0,0.0,-0.09121192956458302,-0.08856566509648979,-0.048396398881382925,-0.1501025225466516,-0.2763592098090601,-0.06496074664542044,-0.1102328677542235,-0.42081098543831197,-0.08325214641623131,-0.030574364117467084,-0.4454874928358033,-0.10311024889055505,-0.11181158138217923,-0.5002424504273429,-0.0068378839912578366,-0.11864424562271246,-0.6903968321461701,-0.03713563792394974,-0.11426638788614572,-0.8091902429424312,-0.06608797332989047,-0.10654955017479174,-0.9129898168213872,-0.08804689604975352,-0.05253898479707769,-0.529605311818098,-0.014987532961910615,-0.05322453203418222,-0.7519724634182023,-0.0345170649700264,-0.051047072397242044,-0.8839021843998253,-0.0720906374824495,-0.04913731504642595,-1.0,-0.10405820366920052,0.0034375110985992224,-0.5095453655345037,-0.03418738973499676,0.003589739078245247,-0.7165023015032839,-0.061636168375899365,0.0030089789093217154,-0.8502991612147089,-0.10608302803844981,0.0014446018205449775,-0.9673134726649443,-0.13878521152594983,0.06294014397143641,-0.44330560190493506,-0.060671335580674994,0.06325281085771278,-0.618476996859972,-0.09206170536889499,0.0607095088073596,-0.7258442510966638,-0.12290602814825467,0.05739542227787406,-0.8208704820759049,-0.1472486733896152
B,0.0,0.0,0.0,-0.09531340028713775,-0.08272108804681232,-0.048985483246812574,-0.1623584213538365,-0.2705331105102553,-0.06424827613941671,-0.13387428964434137,-0.41490982110652597,-0.08219157383442849,-0.05426629452174962,-0.43184457408777555,-0.10259542919640036,-0.10781912593889492,-0.5017192370799861,-0.0012797680617934527,-0.11238887270168266,-0.6929238441096098,-0.031508722318030556,-0.10742202192925435,-0.8128981303592896,-0.06186329918514474,-0.09821411591166168,-0.9175767399604181,-0.08521386929681743,-0.04734417059037839,-0.5288108435487442,-0.011074438528669118,-0.047788786881002444,-0.7500956574099719,-0.030960781420452173,-0.04430857720645053,-0.8850509812616627,-0.07196196716666403,-0.03877339647187562,-1.0,-0.10653549219430974,0.009030189316318398,-0.5075189158268666,-0.03271851878242883,0.009780649688901657,-0.7152131402872144,-0.06247214358975907,0.010246555635485521,-0.8475818358472761,-0.11210810832240545,0.011366339612981316,-0.9624861333266003,-0.14819231455867793,0.06797099128597506,-0.4404259930342582,-0.0618775910025888,0.06748626216796332,-0.6150253174901079,-0.09699414018562097,0.06466200756392917,-0.7237515904768513,-0.13198512583373165,0.0626157341072556,-0.8213390245949399,-0.1592251919536912
B,0.0,0.0,0.0,-0.09243126183895477,-0.0831882265429155,-0.05065792968846774,-0.1560715879497764,-0.263595557349653,-0.06908644067661479,-0.1240841263190587,-0.40694680554504215,-0.08977125892492276,-0.04641733704034603,-0.4364082988922458,-0.11245600764402072,-0.11136761683861134,-0.4996929938057329,-0.00462750610658771,-0.11831482488701665,-0.690253731628156,-0.03594989280643537,-0.11410450986840867,-0.81099779415173,-0.06729380755284721,-0.10579398397699032,-0.9169630368177617,-0.09131022566503114,-0.05203381703417604,-0.5276700287815873,-0.013670399445533585,-0.055060642325254136,-0.7490736904455699,-0.03472157183233568,-0.052442552707490805,-0.8832990837595216,-0.07577124250018874,-0.04879093832492902,-1.0,-0.11024869056134952,0.004145395121321655,-0.5070142053824048,-0.03443064548512771,0.002563427064248236,-0.7153787705963243,-0.06366442417761241,0.0025213589708066907,-0.8485507087370107,-0.11146758597786194,0.002354904354164527,-0.9652870063215101,-0.14657057782431235,0.0637403027526426,-0.4410542913415424,-0.06280725431379229,0.06228999224726586,-0.6189129319007156,-0.09666316333582727,0.058799119530385045,-0.7291723660926492,-0.13018494993399737,0.05548807492898737,-0.8285645340783367,-0.15657223458009112
B,0.0,0.0,0.0,-0.0913851799549736,-0.08315849437304906,-0.0525190272699991,-0.14934322746822246,-0.2716731852454566,-0.07249506761507003,-0.10508039359271439,-0.4175695829088009,-0.09342060956553354,-0.02451794064508206,-0.4477221499600908,-0.11599047540675264,-0.11609491088399584,-0.49445571285513235,-0.015881273248231995,-0.12537933337011561,-0.6850836937215787,-0.0493336289464363,-0.12120041191877058,-0.8068939679129589,-0.08040005807404936,-0.11330335384427438,-0.9154850999952534,-0.10400713135881252,-0.057154018452845894,-0.5254541225886755,-0.023081639347044842,-0.061402693503775335,-0.7468320079614164,-0.045303568163817615,-0.059098640903138266,-0.8799304185363703,-0.08424187727104926,-0.05638300352705287,-1.0,-0.11751922574018576,-0.0018039591141138702,-0.5065571273951867,-0.041353341050336535,-0.0037214765745124845,-0.7122492523486763,-0.07066422831548096,-0.00519388128618187,-0.8476495959397496,-0.11627832140724759,-0.007433704052947478,-0.9675454999325908,-0.15016896844510574,0.05736777533997012,-0.4410029385791295,-0.06706512161758746,0.05624118405386468,-0.6174088284805874,-0.0999422098338601,0.05257533051548488,-0.7250890530589169,-0.1318304115134831,0.04855441445546364,-0.8203970058877562,-0.1572415563145694
B,0.0,0.0,0.0,-0.0886815447515713,-0.08305747393205003,-0.06198780300183071,-0.14252756939874356,-0.2699417845049469,-0.08678328707018684,-0.09374791642172693,-0.41950924001752876,-0.11099469722832757,-0.01509630394209192,-0.46624832232186075,-0.1363143085923098,-0.11785214954022585,-0.49970607231689834,-0.02057703871478221,-0.12918376155161243,-0.6890694275001286,-0.05474345185291703,-0.1260836515641279,-0.8098076033365754,-0.086977537004912,-0.1191272358226336,-0.9195210416593503,-0.11153633214825963,-0.059750917283405834,-0.5308257611963544,-0.023615446553693555,-0.06548225262104604,-0.7494959967304045,-0.04560378008997695,-0.06305461354490019,-0.8797011569807952,-0.08502510487421368,-0.0604002302560759,-1.0,-0.11892003253492087,-0.004393264551710659,-0.5118040594085106,-0.038849026095995984,-0.0075081345440609045,-0.7146382093772856,-0.06770295084491049,-0.0074707255662116,-0.848643339242425,-0.11374323916888139,-0.008259113412314629,-0.9695892366990725,-0.14845294931801342,0.055508815540147464,-0.4469664754482588,-0.062382032711531955,0.053512143157796156,-0.6210756837063288,-0.09468522586044666,0.050230586903600376,-0.7262643852788802,-0.12686885183632474,0.04714371002392648,-0.8214284987191879,-0.1528003592425389
B,0.0,0.0,0.0,-0.08873431115613122,-0.07739975252807524,-0.06164738516803407,-0.1419802147269509,-0.261449195990825,-0.08876410213493789,-0.09256183865100093,-0.4114326837174507,-0.11536383938635204,-0.016300721572617433,-0.46379281552608004,-0.14369298921520102,-0.1228987414477532,-0.4948088682515287,-0.029514049137779295,-0.13788047809958337,-0.682388668212139,-0.06744265254205341,-0.13665285360290816,-0.802169298354439,-0.1017693895570787,-0.13158259968333377,-0.9115563073514439,-0.12781640872354713,-0.06582955389903075,-0.5278837755618854,-0.03430228664230675,-0.0764776612530207,-0.7457946122810876,-0.06075476449426842,-0.07640914093493666,-0.8767947580583764,-0.102002580175112,-0.0750311212045797,-1.0,-0.13734922777174624,-0.010621772586930317,-0.5093463461197156,-0.0506666492685545,-0.018070642575804815,-0.7126808268667543,-0.0831030164835418,-0.01979550741354895,-0.849991706420516,-0.13053208016899634,-0.02058555042533769,-0.974696594777329,-0.16636892418055768,0.050151006799362276,-0.44488994438746204,-0.07500736118342656,0.04419098721927575,-0.6177956626763462,-0.11027909198419568,0.03985623463753251,-0.7240314858974202,-0.1438952427224054,0.037435308207885404,-0.8216056669423288,-0.1710054189007489
B,0.0,0.0,0.0,-0.09671229832946697,-0.08194950472443252,-0.04259812419449219,-0.1547068638380363,-0.27723842694997103,-0.0577862895011809,-0.10875159660863368,-0.43047438730608234,-0.07559315918229968,-0.033024641000830836,-0.46487691574074846,-0.09540331725072589,-0.12860011697086596,-0.49873330102547614,-0.008382511447786536,-0.1460748774939814,-0.679985355281561,-0.04083223378608499,-0.14939736461811512,-0.798922300169765,-0.07190731484747759,-0.14864122241896696,-0.9053838089094812,-0.09559703242393687,-0.07357187146165102,-0.5327228697580557,-0.02017111236446485,-0.08480818580055721,-0.7459604307425745,-0.04139263575618067,-0.08811113530728394,-0.8778933193908365,-0.07929539357582382,-0.08907648776984589,-1.0,-0.11242959995750137,-0.019025270694599312,-0.5172990736560288,-0.04221984452175092,-0.02764609268585022,-0.7181166562010972,-0.06920669430969192,-0.03258886718649269,-0.8577680565658924,-0.11235841203941836,-0.03557897211138602,-0.9819236992937393,-0.14558278270515418,0.04221326741349311,-0.4575579543677709,-0.07123125716005313,0.03270657829757818,-0.6330472002745945,-0.1019508992066319,0.026435852571566082,-0.7437818043742056,-0.13256508665987737,0.022262568952772177,-0.8433805126343158,-0.15770180902554065
B,0.0,0.0,0.0,-0.10264582124902566,-0.08036747685598537,-0.020583496918895435,-0.16446814408405153,-0.27176828208729753,-0.026646674188924833,-0.13014367228746138,-0.4228183233065603,-0.0399591735853642,-0.057592455632079265,-0.45404502193760765,-0.05532365949484479,-0.1334223565029951,-0.5078974873192268,0.017501477261280658,-0.16283303047208356,-0.6812333585119306,-0.009257920913483417,-0.18303598341355382,-0.7935146359953676,-0.037218658315723026,-0.19681293700289818,-0.8885879641124133,-0.05904359296117765,-0.08593572012112012,-0.5380583764416099,-0.005058310758653615,-0.10620621471170258,-0.7493579114842117,-0.02179140210036276,-0.12209587337095057,-0.8815598898145421,-0.057004286578486094,-0.13326013083308852,-1.0,-0.08844151715830487,-0.03456338180922821,-0.5225435682207512,-0.036682664330929725,-0.04556238508419821,-0.7247578943302329,-0.058413929223163366,-0.05784307972091699,-0.8665208730838129,-0.0971075550171706,-0.06669869276052377,-0.9915115232510413,-0.12805529435188992,0.02463818789983928,-0.46436998012549835,-0.07419945760199864,0.012317951113217231,-0.6453905138725233,-0.10148546957218454,-0.0011074087646318097,-0.763584057039437,-0.1295426534636955,-0.012304122789118115,-0.871389043155971,-0.15328970015937463
B,0.0,0.0,0.0,-0.10517774875438783,-0.07346928255350606,-0.015303342017158092,-0.17254041402000814,-0.26211531440029856,-0.019651075187606278,-0.14995495671928244,-0.417895733696741,-0.032294187775098515,-0.0832641701749102,-0.46026326120555716,-0.04693838918992124,-0.13769658882125269,-0.49770050787931014,0.02075648715377992,-0.17322484228098634,-0.6691917691226847,-0.006322644475472234,-0.1996747699551188,-0.7795402096257108,-0.03361271248272238,-0.21905660551495432,-0.8723210671993524,-0.05516268854855535,-0.09324510612971294,-0.5290982744889354,-0.005334253911172895,-0.11594356556397294,-0.7430478926452719,-0.024076979187791763,-0.13479134223574046,-0.8786593163505984,-0.059325308973488394,-0.14842346266450027,-1.0,-0.09053033041012819,-0.04461839719754709,-0.5139944813539726,-0.04004811504944654,-0.056962360835171304,-0.7197532456598852,-0.0643712158088569,-0.07137103327620198,-0.8647197884744127,-0.10253922696455357,-0.08158388247417946,-0.9938090250437039,-0.13263215799453426,0.011627964561450425,-0.4561331682871893,-0.08012940694408713,-0.0024071480377472147,-0.6397671503248024,-0.11008449000290632,-0.016871983889767544,-0.7598552154536495,-0.1383402289130525,-0.02817557380097308,-0.8698016204776073,-0.16181512780765753
B,0.0,0.0,0.0,-0.10533397059998724,-0.06897998086727505,-0.015354704513736082,-0.17778068886078618,-0.25572640894293763,-0.016451923344886415,-0.1597071677036975,-0.4150598366316074,-0.025631300088810618,-0.08881176217992316,-0.46139538629590116,-0.03654167567288912,-0.1483255127711307,-0.48213436075307337,0.02645433230631011,-0.18332879396945934,-0.6594177867964716,0.0035781089063311004,-0.2102975427004622,-0.7716109825760354,-0.020152380988090603,-0.22933121152761687,-0.8684442226584316,-0.039345518687584034,-0.1048665548788137,-0.5210675473768849,0.0018793770178407582,-0.13301480195092402,-0.7419003787749426,-0.012696036012237582,-0.15563623899629028,-0.8780451896363859,-0.04556420649256458,-0.17123635904165108,-1.0,-0.07497010584758979,-0.056181976442995246,-0.5134571608366,-0.03155164259245188,-0.07224373535219772,-0.7234649544967708,-0.05351303829024499,-0.08799869782839438,-0.868631545752795,-0.09114266572995484,-0.09746215294750836,-0.9990484609800756,-0.12029294268778702,0.0011932042183065324,-0.46415191005274553,-0.07029655039182661,-0.01698197830065133,-0.6467143076161804,-0.09843151635565929,-0.03128060637066163,-0.7647233828325053,-0.12616933753689183,-0.040602528485145464,-0.8738321332478585,-0.14882560563381775
B,0.0,0.0,0.0,-0.10761304466541126,-0.06994818063866061,-0.02063078525140887,-0.18211960353289233,-0.25435524305856316,-0.02623347626098953,-0.16037294344112116,-0.4128204551091735,-0.03927536945122113,-0.08838846628740524,-0.4620439604060339,-0.05442740097911817,-0.15623390804558504,-0.47384586371551163,0.01714319501458339,-0.19405581249634823,-0.6581601114367488,-0.010748267566315447,-0.22084964837267926,-0.7755902003137853,-0.03859037793470057,-0.24008803812348117,-0.8779837112193135,-0.06060975935457335,-0.10869857309762833,-0.514576568318325,-0.006815323305179559,-0.139771263205207,-0.7393448384910569,-0.025985970989933098,-0.16272593530275553,-0.8789276020342163,-0.06261918621329425,-0.17950476395738685,-1.0,-0.09447460603469444,-0.05747747723169618,-0.5090650348558127,-0.03993235457290557,-0.07909318504806927,-0.7197975968893379,-0.06604800870680291,-0.09725661803472009,-0.8672918046383024,-0.10762951945045951,-0.11039430275756847,-0.9964871938450611,-0.13926042631315447,0.0025884672422655745,-0.4625319622448221,-0.07859247223329767,-0.020036095994383604,-0.6418699098270816,-0.10932707499661803,-0.03708194452306886,-0.7578895904081095,-0.139167242174476,-0.049884973431011,-0.8619124454450775,-0.1635044298470471
B,0.0,0.0,0.0,-0.10753297405029581,-0.07008985894036321,-0.024502958966543496,-0.184096571156941,-0.25100574432869244,-0.032691342379006914,-0.16466527687893384,-0.4110546541662133,-0.04774126162623068,-0.09232006735125167,-0.4632612667304289,-0.06441625174690167,-0.1614883710275075,-0.4847638983545906,0.012233130866624704,-0.19686576139559125,-0.6677488875016465,-0.0157910856596314,-0.221140504103501,-0.7838659389371561,-0.042727133469856654,-0.2377591963666978,-0.8865694387968409,-0.06379265131851106,-0.11427772082448012,-0.5243515437525414,-0.00986403680849714,-0.14459580658278304,-0.7432725492105128,-0.028592240538874502,-0.16659418007296387,-0.8784909539709176,-0.06262188640072426,-0.18251444672893985,-1.0,-0.09250301945953633,-0.06329883681639338,-0.5149051298057924,-0.04133748772254984,-0.081245368169661,-0.7189069166757347,-0.06669015829131283,-0.09631578344510816,-0.8599491715681502,-0.10453818987080278,-0.10721288379045514,-0.9860553700596196,-0.13339510855103898,-0.003335605101742771,-0.46201395133070267,-0.0790024510401717,-0.020913365443538917,-0.6360014776039907,-0.10933322242963489,-0.034227951914871685,-0.7504363513490295,-0.1369713111087829,-0.044503255883212016,-0.856435652637065,-0.15923045593115545
B,0.0,0.0,0.0,-0.10533976724804443,-0.07410576880712344,-0.027009333781828668,-0.17651011616351858,-0.2538447423633253,-0.03851978800798754,-0.152041840298367,-0.4092152842683773,-0.05617664950844755,-0.08179052254340133,-0.4558599468956489,-0.07561132576387389,-0.1567262173549329,-0.4919463741370514,0.002629183960139866,-0.1861248237270719,-0.6753213605028016,-0.028238983121983217,-0.20456750127722229,-0.7918695695559202,-0.05691748849705584,-0.21709359646231052,-0.8930962195787886,-0.07883603265580072,-0.10738251020776478,-0.5288521624718455,-0.018600444645651203,-0.13200107483457352,-0.7470899039678613,-0.039493134856280115,-0.14959391558647708,-0.8799254036013692,-0.07416431027286995,-0.1632756494996731,-1.0,-0.10446277713593946,-0.0552730602837886,-0.5166236262640669,-0.04865433490710779,-0.07070061671797324,-0.7201704526489686,-0.0738653653766014,-0.0835585778166938,-0.8587464721469182,-0.11086002667164936,-0.09328317206461058,-0.9822433450783797,-0.13976220558005836,0.005423050093293389,-0.4608954621211079,-0.0850485631394873,-0.006881820499027186,-0.6328775270817272,-0.11388213543137118,-0.016493335369690908,-0.74594483015077,-0.14010398335388882,-0.024672898454893375,-0.8507082582832821,-0.1617590323916199
B,0.0,0.0,0.0,-0.1025013357182748,-0.07639193232032021,-0.035128865747613,-0.1705282259489411,-0.2595483458401489,-0.04952907027598852,-0.13734776304316715,-0.4145465502074516,-0.06834322422892217,-0.06381909884009994,-0.45947499433251593,-0.08867514713845996,-0.15215548124658587,-0.48823423268370836,-0.003742076656222518,-0.17988471087143776,-0.6739363473743318,-0.03638421639846088,-0.19376003843205752,-0.7922956028189614,-0.06639888978173696,-0.20217955411252717,-0.8965775733870212,-0.08935857644823378,-0.09981909837050001,-0.5247622973250766,-0.021149096229602142,-0.1233751695989464,-0.7436367156228497,-0.043315302111129834,-0.13701692989894562,-0.8769840743404851,-0.0798736119223988,-0.14755733492183334,-1.0,-0.11162525836907121,-0.04546901233392452,-0.5116035205436464,-0.04819753804423485,-0.06078102215231967,-0.7153174923974708,-0.07554646143945637,-0.07186005828439418,-0.8521676262745382,-0.11569128194603963,-0.08058874681273728,-0.9762002651126354,-0.14656162141630039,0.017584051635328894,-0.4546377042480831,-0.08193403293751181,0.0036945773770942544,-0.6281123175002633,-0.11288380083188095,-0.0061840439573701885,-0.7395304752151619,-0.14135057381988303,-0.014143293015440797,-0.8435696332741598,-0.16460241767462214
B,0.0,0.0,0.0,-0.10081899923855608,-0.07337880988256602,-0.03484820493794885,-0.17018209680871613,-0.2554188481536357,-0.05055842238468687,-0.13944733322604783,-0.4109724051377371,-0.07073513352527298,-0.06693471522746802,-0.4579394441111197,-0.09279182347667406,-0.15492017113515574,-0.48706645924799696,-0.00915077917223977,-0.18362099484362662,-0.6739324574515252,-0.04355488140194326,-0.19622692527787863,-0.7932533106109922,-0.07380490534644231,-0.2030409720327661,-0.8974919619954328,-0.09671924505925113,-0.1024188399508375,-0.5251145780424548,-0.02751054008457269,-0.12569212585075262,-0.7458329342583493,-0.051283827843395316,-0.13733148339579557,-0.8781257455915713,-0.08709320236705027,-0.1459218785564515,-1.0,-0.11820761092435098,-0.04779422330625053,-0.5116632872908501,-0.05515945819745464,-0.06594282578844086,-0.7177492678412484,-0.08362352938074724,-0.07735592773441015,-0.8562911950869133,-0.12259275897335084,-0.08555648343562931,-0.9807464392921823,-0.1527476245575196,0.01624472712034514,-0.45343846842073177,-0.08938438700867386,0.00104960409106003,-0.6277402583362117,-0.12105754480330612,-0.009686147368167608,-0.7396109052838236,-0.14881140267076626,-0.01754442803688096,-0.8425481443765658,-0.1715714088010301
B,0.0,0.0,0.0,-0.10049837425600286,-0.07325820708558285,-0.040535349051041426,-0.16808771996217506,-0.2573490507230699,-0.05768735507347029,-0.13237538084966158,-0.4142149004834271,-0.07780246726301579,-0.057864871291200846,-0.4604300742051396,-0.09956053844349325,-0.1547847284551731,-0.48695477596959724,-0.014646752277799926,-0.18107236982563923,-0.6752739701737086,-0.04933597816553279,-0.19168748680518516,-0.7950009532398373,-0.07984299257075993,-0.19674763135966275,-0.8995431886669899,-0.10287307662961469,-0.10004162837641478,-0.5258519595921514,-0.029249038839545948,-0.1209323375844736,-0.7469620686708742,-0.05306468482852454,-0.13126505279949047,-0.8785763749800367,-0.08920087575710867,-0.13922514096882013,-1.0,-0.120582980101288,-0.04421390559141213,-0.5135675423382485,-0.05336973496465576,-0.05982775991494387,-0.7196403822384642,-0.08215895777905294,-0.07011227761009801,-0.856750961153751,-0.12196470927835283,-0.07797799384547423,-0.9798410600503016,-0.15256951704641256,0.020825731810910537,-0.457216608698736,-0.08437602881696095,0.007894396734850092,-0.6315407902155941,-0.11608308708788147,-0.001014647047776952,-0.7420332474822449,-0.1442721503684879,-0.00805160395395792,-0.8428030154272526,-0.1672969237746911
B,0.0,0.0,0.0,-0.09905051782026207,-0.0783694051874548,-0.04771262592410218,-0.1637900867905072,-0.27008721155031373,-0.06654946569751159,-0.1197062721731693,-0.4278377814088761,-0.08703671308433786,-0.04094680401045981,-0.4687492393263621,-0.10891757438309925,-0.15276318231341315,-0.4913025585487696,-0.018623546473321855,-0.17465754510200338,-0.6816762564623992,-0.054099735198013886,-0.18009988650375527,-0.801348318880609,-0.08510304705515682,-0.18125009980337164,-0.9074557948065406,-0.10841237494889988,-0.09548444990205664,-0.5300460031493309,-0.029769587020134883,-0.11211637153875179,-0.7477275183448315,-0.05330349866578737,-0.11797413419565839,-0.8784064498067239,-0.08977901817709982,-0.12217942215058906,-1.0,-0.12162267816156071,-0.03795715850186871,-0.5167970793959968,-0.05138537878727028,-0.05032936757347038,-0.7195673877449055,-0.08085915351136891,-0.057974051661634184,-0.8545826448769666,-0.12232803008036014,-0.06407164144684058,-0.9778591116695514,-0.15398419429244697,0.027841118654202593,-0.4582364380898828,-0.08041006824253795,0.017360732954765316,-0.6322676815241666,-0.11271688315466583,0.009416055630803062,-0.7407054876812885,-0.1420704976096509,0.0033795888693179585,-0.8392509331577871,-0.1659810529757171
B,0.0,0.0,0.0,-0.09604843548871016,-0.08297777358380999,-0.050719814681707255,-0.1576840345324855,-0.27616854427378223,-0.07056272009119982,-0.10955426187780068,-0.42534902683816767,-0.09200377296664866,-0.02853091760788982,-0.4551810826243915,-0.11482108493978145,-0.14495030148176108,-0.5014751071881381,-0.018007283725990718,-0.16199890150305354,-0.6906125693214483,-0.054085311261607184,-0.16279869922476117,-0.8101316381638164,-0.08622246398897669,-0.1602878836270724,-0.9170936045217425,-0.11018979519790403,-0.08747556207233627,-0.5354182394045857,-0.027975105735006136,-0.09923359271411013,-0.7492544012465763,-0.05174060476474782,-0.09981127144972561,-0.8779392052108437,-0.0888483465369089,-0.09919149172981814,-1.0,-0.12102696510441081,-0.03100713297136165,-0.5181443144314432,-0.049206923977314236,-0.04073064564520968,-0.71819403714565,-0.0789825237651156,-0.04463321332133213,-0.8501004132671331,-0.12091504363000531,-0.047785826969793756,-0.9734191564317722,-0.1527362499441851,0.03291728366385026,-0.4564490723265875,-0.07830519544760643,0.026187538108649575,-0.6290922640651162,-0.11024142334458968,0.020772359494013917,-0.7343651703880065,-0.13962947555706898,0.016297678154912267,-0.8317558772006233,-0.16365144428619996
B,0.0,0.0,0.0,-0.09304814477512649,-0.09246909758296545,-0.048136857249550066,-0.14917672435150756,-0.2890643815447096,-0.06748000460181913,-0.09576036134420647,-0.4305018415169309,-0.088503516484782,-0.012649811646142187,-0.4469259498974851,-0.1110474206216188,-0.1289590670281063,-0.5121198514149108,-0.022585188919192287,-0.14066823551596813,-0.7003854082328984,-0.05918781386525371,-0.1383671029616129,-0.8174481530930678,-0.09016007800456614,-0.13360057702324205,-0.9211522718253864,-0.11307230403931527,-0.0701759040963578,-0.5411219458947535,-0.034001332007035485,-0.0759022019898515,-0.7544939251569163,-0.05774058540269003,-0.07412976469790415,-0.8798841140463804,-0.09229228322841843,-0.07167313353695835,-1.0,-0.12298561788554677,-0.013650803073170795,-0.517755812022671,-0.05606393864622127,-0.017108178837960147,-0.7181195306681818,-0.08533946693576806,-0.019301449660442258,-0.8500804612730412,-0.12530879483561808,-0.020314658835131554,-0.9742797282945697,-0.15619017790686734,0.048799411919079265,-0.4483495026173439,-0.08572325384886958,0.04861799687805694,-0.6186650901247093,-0.11718650715245908,0.04417357519619512,-0.725876628022589,-0.14577042916423094,0.04077358582193324,-0.8260093386786185,-0.16948776157576195
B,0.0,0.0,0.0,-0.08849868210490733,-0.09755769627484746,-0.04861880768286171,-0.13463331369642786,-0.3000852108023236,-0.06714361934755259,-0.07352645403617135,-0.43475444416711945,-0.08712906296345276,0.007964940435471853,-0.4518177627926607,-0.10830381510236445,-0.11924247387612955,-0.5222851404145351,-0.015819535569723615,-0.12216955781043051,-0.703876531798563,-0.05053886080337675,-0.11440598894043252,-0.8172844583098738,-0.08170647698351438,-0.10579178819795329,-0.9185450172469763,-0.10482454314975774,-0.0568193797928001,-0.5486753945720214,-0.02539022626127687,-0.05355339624769859,-0.7568435271588981,-0.047027805479829723,-0.04805928615071672,-0.8803076691813305,-0.08283570155783249,-0.042919452234898396,-1.0,-0.11464354430988923,0.000547282892359948,-0.5220095922736301,-0.04602685609962237,0.005951716830984798,-0.7186112226083313,-0.07264368786555013,0.00884091289591132,-0.8461193411299516,-0.11288533343658737,0.011302148254494786,-0.9665678916790735,-0.14444283024656407,0.06212835598261143,-0.44902488556448805,-0.07439277274434154,0.06678130617445568,-0.6131230294156251,-0.10371439321097495,0.06624903081477002,-0.7193747615862766,-0.1321986825384911,0.06529260813819134,-0.8224373930636414,-0.15618777759780222
B,0.0,0.0,0.0,-0.08614044602578855,-0.08890917017585435,-0.0673048653214615,-0.1308111744376949,-0.28053824377405123,-0.09866960056162101,-0.06429744455784235,-0.4095664880847505,-0.12859297712995127,0.019762659076974807,-0.43729991456372647,-0.16013838586819665,-0.11365054617001866,-0.5156645436615451,-0.04477906599483611,-0.11652113847277557,-0.7006918960916348,-0.08981175359133184,-0.10947205227047253,-0.8121458656964576,-0.1272221945070909,-0.1012413904789133,-0.9126344054105524,-0.1545184071489049,-0.04767797601040622,-0.5421627297435535,-0.049032543699957964,-0.0440902699054882,-0.7549398930408142,-0.08264838479727506,-0.036953325389675364,-0.8784672571061941,-0.12555756144377547,-0.030240237872822005,-1.0,-0.16144446203043156,0.010869260655669972,-0.5144164806999031,-0.06508653937139257,0.016245239622864626,-0.7111945263795774,-0.10236176456174828,0.02138875024161036,-0.8368626057446039,-0.14893216186654018,0.024879337291864843,-0.957621423751094,-0.1837872467020528,0.07213808667388846,-0.4380636882540084,-0.0896572075528632,0.07634923062237405,-0.6033680365756534,-0.1274884259743295,0.07570798366120314,-0.7045399714959136,-0.16086965791885244,0.07429880754897626,-0.8026306916158948,-0.18764639344110837
B,0.0,0.0,0.0,-0.08758753615318855,-0.08387562181240506,-0.05899987910910673,-0.13375041790729975,-0.27631009731350115,-0.08616380450956851,-0.07193312136925503,-0.4143804987064507,-0.11278878375444086,0.013046112284118625,-0.44887944748728326,-0.14107498658701093,-0.11910178538973643,-0.5113127786516123,-0.03844592194769017,-0.11983214150285075,-0.7001641337931622,-0.08011829861174656,-0.11201609700385709,-0.8151690813668317,-0.11512272590485159,-0.10293612132662289,-0.9174305488553267,-0.1409565701695928,-0.0541375627421899,-0.540482483794172,-0.04494536212019333,-0.04843842907243652,-0.7548186674983677,-0.07532377297299349,-0.0430012587704438,-0.8789746069427585,-0.11546884570569212,-0.03800443374402308,-1.0,-0.14963628040557297,0.0046380417929737724,-0.5172911529305119,-0.062106472957062515,0.012848097147460134,-0.7179472393436444,-0.09652902744207732,0.017220361116782934,-0.8457230974279348,-0.1398266077307643,0.020266204145191653,-0.9648666735476459,-0.17262315923825972,0.06671853578744955,-0.44573925277052906,-0.08710872376651249,0.07447949505579203,-0.6163792735929706,-0.12346499002002123,0.07405048095801181,-0.7231050568466117,-0.1549714420599698,0.07241565003937865,-0.824522407684558,-0.18029265570764422
B,0.0,0.0,0.0,-0.07776781244680477,-0.0837297097199536,-0.07148464429062508,-0.11646153863209656,-0.2703574024127971,-0.10720842622880257,-0.0492437294759003,-0.40488795956774404,-0.13915432630698096,0.038498506930485114,-0.4411558068355362,-0.17265239331384852,-0.10209311928218978,-0.49872502778372124,-0.06332225966475115,-0.10190414865608625,-0.6934954899514492,-0.11032340543145133,-0.09121093082697476,-0.8135165296889987,-0.1478353471152169,-0.07836072668326718,-0.9185937219221145,-0.1752389350576614,-0.03672732304614199,-0.526439812553233,-0.06365481017256813,-0.02844164138575637,-0.7473782215334397,-0.0983616844804947,-0.018380341330335066,-0.8774289150455591,-0.14005125648671873,-0.009112012414211116,-1.0,-0.17543430548896896,0.019840202407193502,-0.5035781965993955,-0.07417734973218292,0.030016195034617908,-0.7088606663638434,-0.11126450434553037,0.03836909984572942,-0.8433480878238717,-0.15614502804511768,0.045588785606223314,-0.9659945090679193,-0.1903767042186026,0.07846846513622968,-0.4333233523247973,-0.09280081437104191,0.09018686120999454,-0.6060821128266508,-0.13062263008749203,0.09356938502508068,-0.7178888262122315,-0.16338505964302205,0.09646179462430472,-0.8210326725677238,-0.1899351932477743
B,0.0,0.0,0.0,-0.06746610850017076,-0.0820463490089081,-0.08928681016245565,-0.10070357859702982,-0.25515955727688305,-0.1344222216797206,-0.037206345616510886,-0.3876347694736207,-0.17221872693755425,0.0458698519035245,-0.44179908985955935,-0.21106748896088995,-0.08987503142169713,-0.49377000387375086,-0.07902419377801759,-0.09068693369315156,-0.6938668094427834,-0.12895570593907393,-0.07823591906840494,-0.8151114868556069,-0.168417632774846,-0.06274273022266809,-0.9222163050529145,-0.19737359817927094,-0.02735053395873653,-0.5192092581881695,-0.0711568908522278,-0.019804073780054998,-0.7455028770431744,-0.10947364486293525,-0.006417380228895125,-0.8769067430771029,-0.15456462786733086,0.005847109853309383,-1.0,-0.19200909550928624,0.02757086786536462,-0.49535770689229675,-0.07476226795461631,0.036168952077805086,-0.705066400062958,-0.11608946409247906,0.04694411102001896,-0.8384363665744964,-0.16658078864785728,0.05619823060507683,-0.9648849641162308,-0.20423730499210613,0.08314639492851898,-0.42438105942119897,-0.08724072284184585,0.09348031301740743,-0.5967790181760669,-0.12817189456934772,0.09877090545679316,-0.7026371877027129,-0.16500614616755646,0.10529907343241068,-0.8011176573510727,-0.1944704697434182
B,0.0,0.0,0.0,-0.0707554149081469,-0.07966247776392701,-0.09348680204066794,-0.10796916724058349,-0.2493668145877629,-0.13950503378697832,-0.04641446502238217,-0.38496149453854367,-0.1772117000309457,0.03333384593509563,-0.45138020390351763,-0.21537599346974565,-0.09960028891812558,-0.4885314030485925,-0.07742043344009678,-0.10169908557365934,-0.6896525813954424,-0.12467307923409285,-0.09127267109444183,-0.810252855408686,-0.16260873651454807,-0.0784452930500901,-0.9170081028143493,-0.19053218125517118,-0.03789672714815429,-0.5137035248626444,-0.06574671692196238,-0.03272175211383166,-0.7402271172798921,-0.10206884383443027,-0.022876107545111518,-0.8737697971729461,-0.1466357067802548,-0.014261558913438834,-1.0,-0.18342647985389934,0.018387419522509094,-0.4903753498802759,-0.06594826996335088,0.025578670214817203,-0.7008512107141024,-0.10501546803243524,0.03372534750259239,-0.832692699423181,-0.1545273568051081,0.0402027726392737,-0.9565072703885182,-0.1911187948257587,0.0760805743726405,-0.42199496877427217,-0.07545213139242622,0.08455884979735274,-0.5986518889098924,-0.11420009291322575,0.08801233461791334,-0.704163028179927,-0.15027292384478325,0.09236115333503833,-0.8021159254405753,-0.17891757560641017
B,0.0,0.0,0.0,-0.07313048181614466,-0.0834673661270447,-0.08027964401282665,-0.11174337471365153,-0.26110823756479085,-0.12007686209259621,-0.05255918494048193,-0.39760079109689433,-0.15454434120130972,0.022538810704656534,-0.45269751241390777,-0.1900183565435447,-0.10388927195888818,-0.4948375165953556,-0.06374878486230616,-0.10839446292230652,-0.6905024362376129,-0.1101398592260148,-0.10061852771748127,-0.8101930015926286,-0.1483249536970823,-0.0914215008244659,-0.9148861418787012,-0.17617882936244486,-0.04330088144469397,-0.5185021558478898,-0.05895494051463642,-0.040650597995832816,-0.7415572477365192,-0.09507665330172152,-0.033500097029107605,-0.8747061444386182,-0.13919796558568162,-0.02812652370419222,-1.0,-0.17532403013762674,0.012521071456588952,-0.49359701728394323,-0.06545835985229359,0.015449117147727098,-0.7026716598808851,-0.10336102947587696,0.020822315118261027,-0.8354371320823272,-0.15023521425307973,0.024392873671855442,-0.9565914856864237,-0.18498088960757378,0.07115602393109395,-0.42321488024881493,-0.08075328259310124,0.07439936730265462,-0.6015115427102613,-0.11765678817781142,0.07515251586904487,-0.7074613225461489,-0.15099534206500015,0.07647376329176785,-0.8032565230022796,-0.17774447940679297
B,0.0,0.0,0.0,-0.08066958323304686,-0.09222862482479365,-0.07124933996823675,-0.12185470968838046,-0.2822892686403043,-0.10313202958044669,-0.06312091480133841,-0.42480534986998153,-0.13165203732020211,0.011865139480775675,-0.4727543146776911,-0.1612764468098974,-0.10914027362867107,-0.49893262165338165,-0.044040459778707124,-0.1152484508690707,-0.6912656859830197,-0.08406672303421817,-0.11052918218157277,-0.8114402552231551,-0.11911332674458142,-0.10355877730741458,-0.917178906334801,-0.14524681156946945,-0.04802225651626057,-0.5245811801239305,-0.04213517326617486,-0.04809465154582738,-0.743456791871369,-0.07084097938058166,-0.04605513159943934,-0.8757066066363683,-0.1126270813282628,-0.04505085113713053,-1.0,-0.14802143130678969,0.009203796255657336,-0.5030375708494381,-0.05152581795476768,0.0117175178037972,-0.7063299401112826,-0.08436787149122241,0.01220106374443705,-0.8395611464276781,-0.13013831341238072,0.011823797860240782,-0.9598016923635986,-0.16481554437329024,0.07016173257257201,-0.43674524406186144,-0.06950717529078161,0.07227949955873955,-0.6123683651654372,-0.10384760300665709,0.07159292661862356,-0.7189325744597509,-0.136192241574236,0.07133638204187963,-0.8145034522140892,-0.16239301271816242
B,0.0,0.0,0.0,-0.08473272933724925,-0.09182391805328645,-0.06570004091407398,-0.1257690409685657,-0.27830826797495223,-0.09614621068137101,-0.06169527742776242,-0.4157974041902827,-0.12484929997281748,0.017462258229885827,-0.4590845195260659,-0.15508964473927606,-0.11011014703839096,-0.5037338360778264,-0.04024167783608951,-0.11524618988985297,-0.6919878689734142,-0.08111775762681492,-0.11041514749354402,-0.8082770540578093,-0.11700379089610742,-0.10463125416225487,-0.9102473637056165,-0.1435613605704574,-0.04878119595057517,-0.5316938401023376,-0.04234112518446365,-0.04687118210434024,-0.7508464409426938,-0.07173166327119186,-0.043345422837184566,-0.8800563910675016,-0.1136746817024949,-0.04188308794994275,-1.0,-0.14943205637969556,0.00806425802866027,-0.5093550241710225,-0.055607555011840865,0.009558597362028737,-0.7154150995826966,-0.08882606201401123,0.012056956415502034,-0.8489770315397109,-0.1351144865137022,0.012713239204488289,-0.9661680904173514,-0.1704474669037923,0.06865624446030826,-0.441317644127807,-0.07704552124427555,0.07338686572026773,-0.6126563690285117,-0.11173345393911699,0.07482821565630675,-0.7215458195390019,-0.1446268858410339,0.074482011872308,-0.8200590740749613,-0.171488785218672
B,0.0,0.0,0.0,-0.08681456686415685,-0.08773476572090838,-0.05323543378392847,-0.13601037904025276,-0.28055453184274565,-0.07669512040956691,-0.08008651319950291,-0.42466004758086867,-0.10087079671498789,0.002471848284138647,-0.45815166916083844,-0.12696975793657,-0.12015018885389883,-0.500086346270005,-0.028232885128202774,-0.1293729442458458,-0.6836029228162716,-0.06796638442059062,-0.1243067333497017,-0.8020406683976328,-0.1033312679589475,-0.11688979741813722,-0.907377031832561,-0.12972502617687176,-0.06179730009422574,-0.5284848296360272,-0.037098421952104776,-0.060836759942166876,-0.7452056457145969,-0.065632936091381,-0.05407929488980119,-0.8762114436331251,-0.10691343960042785,-0.04735253294149946,-1.0,-0.14245058096656096,-0.005128809457827895,-0.5054501487411379,-0.05659753546207667,-0.00366002860257455,-0.7096925128841254,-0.08929241645972684,0.00040997089763058483,-0.8457078352234952,-0.13443223928989922,0.00482803827335679,-0.9659761912829218,-0.1689771065108977,0.056877947411047694,-0.4376913789558938,-0.08360188427358337,0.06088673942871758,-0.6092622620397652,-0.11910355312142902,0.06259846232098178,-0.7224334564868952,-0.1520298128106679,0.0646301334174075,-0.8263951604753874,-0.17874978529909685
B,0.0,0.0,0.0,-0.09022805390763432,-0.08633533362810926,-0.055004435409859324,-0.1385933346216184,-0.28056207280129647,-0.07907006704254416,-0.08107763889148577,-0.42495522812305236,-0.10356318548191748,0.00046034351425555106,-0.4548169577747218,-0.13000660686596138,-0.11820355605005997,-0.5073976860901623,-0.03034013514261873,-0.12466079576757438,-0.6942756066468259,-0.06940019880965985,-0.11790263392834252,-0.8123888860603705,-0.10392701120377709,-0.10916159730290909,-0.9166604211946339,-0.12970981530176665,-0.058944894529903966,-0.5363623466974005,-0.03833611436210754,-0.054158005660132756,-0.7522785786800769,-0.06523069233074441,-0.044708015161709906,-0.8815258989064304,-0.1046090905559565,-0.0356232747153269,-1.0,-0.13897012386554927,-0.0030515885658087935,-0.5121731803184916,-0.05690572844787325,0.0026750474599764513,-0.7135702565881615,-0.08827868536924002,0.009035536312883594,-0.8507650802511648,-0.13197311480354632,0.015303624982461315,-0.9703357602020498,-0.16573848028330396,0.05684921279342691,-0.44198027266444684,-0.08326299080446845,0.0637501184136318,-0.608487630158529,-0.1172040927315561,0.06720507728648631,-0.7183974410535775,-0.14848309565485138,0.07059891944615206,-0.8169335611087628,-0.17409446866719214
B,0.0,0.0,0.0,-0.09441661277684357,-0.09356853936767935,-0.048387535272219694,-0.14153248967697318,-0.2855836829099081,-0.07121769074869425,-0.08474360399439948,-0.42850442188585725,-0.09575346939321143,-0.007059247411508895,-0.4637416858634902,-0.1224649002049756,-0.11974513992280386,-0.5011282639847513,-0.026424929516293775,-0.13261621995151832,-0.6839856602876813,-0.06567151077511989,-0.13058868494412343,-0.8023043854178246,-0.10064361492037437,-0.12575935369446906,-0.9085017880834954,-0.1269103862455493,-0.06211644910875085,-0.5298334243208924,-0.03799839302663213,-0.06598687917417975,-0.7464032718286637,-0.06620390435389878,-0.06196740108319913,-0.8783587961606718,-0.1065136677114109,-0.05623250177822727,-1.0,-0.14158133617209304,-0.006734977607204243,-0.5081322070223413,-0.059461158124863106,-0.0077291421744037124,-0.7107128952825369,-0.09132304147424931,-0.0062167591965424365,-0.8487862880197037,-0.13522092249537612,-0.0027621523148165894,-0.9694374888090778,-0.16934284509444078,0.05376822648729067,-0.4408575572879392,-0.0880736151886827,0.05516671530896254,-0.610359330587097,-0.12199493622947817,0.05485241124332446,-0.7215537024635634,-0.15334500086988748,0.05590593218807648,-0.8213112393272141,-0.17930598281273563
B,0.0,0.0,0.0,-0.09639338080683017,-0.09294017728555284,-0.04837145055973898,-0.1444776818962459,-0.29166797841373365,-0.06859834070894923,-0.08551942834454387,-0.43734015285181643,-0.09005121267147163,-0.007451114906693669,-0.46626734736550285,-0.1136237773445177,-0.12334173634588773,-0.5053237939954093,-0.023243953517043378,-0.13534915574392503,-0.6906654904015356,-0.05982524172412399,-0.13329049598135517,-0.8089211330675381,-0.09242128510340371,-0.12722376368817853,-0.9166665981425661,-0.11695393850145512,-0.06538620574615697,-0.5356850608846422,-0.033518737974485215,-0.06998333102309223,-0.7515054940665961,-0.05713623120821974,-0.0662793880288788,-0.8804191208083808,-0.09392076618017968,-0.05941662104919404,-1.0,-0.12700770887367022,-0.009481229486821053,-0.5143830129146393,-0.053965047188118294,-0.01132997056204642,-0.7132073742896009,-0.08202959057679561,-0.01089674162028564,-0.8508355633033472,-0.12403180018536246,-0.007819265531281056,-0.9735267514172742,-0.1574663876663617,0.051949647707810104,-0.4468218522181839,-0.0818340325830873,0.05048620786061493,-0.6127335007670783,-0.11307064101601552,0.048871701739259144,-0.7217299320319236,-0.14317994968223893,0.049515789127457174,-0.820576788890168,-0.16853080286602526
B,0.0,0.0,0.0,-0.09824911350877698,-0.09164932089996862,-0.047955156666733535,-0.1500386079118931,-0.2955587257165583,-0.06481111153918846,-0.09330765452387196,-0.4465157243860003,-0.08269031504507995,-0.013592423247824894,-0.47143071370565715,-0.10230837875975739,-0.12692319451161244,-0.5042286780984492,-0.016155442410762073,-0.14090447624375338,-0.6905224019376724,-0.048626448418486685,-0.14007401450020188,-0.8095100029360205,-0.07852139330240776,-0.13507450467918797,-0.9168208266944401,-0.10132152244183032,-0.06878417671912593,-0.5354754407694496,-0.024827052541978437,-0.07463000329986472,-0.7520304527485144,-0.04369053632046504,-0.07190925725755469,-0.8813872027405554,-0.07866581765540939,-0.06567728839048972,-1.0,-0.1105907691681169,-0.013000607923010568,-0.5154148025968369,-0.043949601599672504,-0.015231174979243194,-0.7148529033503481,-0.06890964506389373,-0.015125622262009258,-0.8535082413237056,-0.11095611358960211,-0.011957651062298716,-0.9762795692893264,-0.14429113507156985,0.047917080413104655,-0.4496716306132442,-0.07049795763031425,0.045852959442994966,-0.6137081964495881,-0.09959529966002921,0.04405850008262295,-0.7213802429569618,-0.1294610019879751,0.04512874525802365,-0.8180242097885206,-0.154526653440901
B,0.0,0.0,0.0,-0.09979086551823955,-0.08649248268226106,-0.04760403181982195,-0.15372706706318057,-0.2910263948551969,-0.06352795036947072,-0.09747747718850122,-0.44361905058944245,-0.08061354515756658,-0.017102503126848335,-0.4712370048497074,-0.09940212189073017,-0.13179338576499416,-0.5029481761635283,-0.014318012332134037,-0.14237223890325862,-0.6908384819594509,-0.045898187741731294,-0.14097739479660634,-0.8090533285591874,-0.0747210232261204,-0.1362879668556977,-0.9155565827575143,-0.09685650409705647,-0.073502237684698,-0.5366918287543926,-0.023123058529435005,-0.07528152042784957,-0.7531415642216412,-0.04093625573181642,-0.07194230267414164,-0.8817110024010524,-0.0744573145644067,-0.06627086025771584,-1.0,-0.10547254820983737,-0.01813788721247421,-0.5171151459916471,-0.04255570690044879,-0.01699317049846704,-0.7164655177208774,-0.06683448606174537,-0.01564719166142838,-0.8553434121136798,-0.10727817452012699,-0.012758885690314237,-0.9792760412388751,-0.13953758720121726,0.042060098344085,-0.4507176864669854,-0.06952302282571182,0.04310606080511606,-0.6152460937898555,-0.09841604668400909,0.04303794971702334,-0.7233367526510006,-0.127446469989303,0.04418164271728162,-0.8210717279711389,-0.1517935820433379
B,0.0,0.0,0.0,-0.09838295350366248,-0.08070023243538574,-0.04823352999073475,-0.1535871540092789,-0.2806034059655329,-0.06557090856408154,-0.10333829072017928,-0.4351457119838499,-0.08416153058339867,-0.026924426088325445,-0.4715692814875865,-0.10448917187355397,-0.13669349088316185,-0.4977113171029846,-0.015816809691069047,-0.15193273264374416,-0.6866185003750451,-0.04857200128820574,-0.15186553937047978,-0.8075252761906526,-0.07879375483261386,-0.14773037495254057,-0.9165116541805958,-0.10192771540194165,-0.0802029133136396,-0.5324059377517664,-0.02465046675164115,-0.08438497226518007,-0.7493830183262801,-0.044004720041388994,-0.08139742746812116,-0.8795298693361238,-0.07894317096603733,-0.07625599377702871,-1.0,-0.11074734183845715,-0.025285043570059357,-0.515335808939965,-0.043947319613559716,-0.025117393760360044,-0.7149321307194384,-0.06848867181336155,-0.024121792437978646,-0.8547941511478233,-0.10866542457063788,-0.02124396455128858,-0.9798544639632548,-0.1408564846056421,0.03529617453952791,-0.4538475927657959,-0.07092819694138622,0.03394423402817006,-0.6209164436459944,-0.09928521213765984,0.03271378962282497,-0.7288569179623473,-0.12778274424800645,0.03322229527628326,-0.8263098335910805,-0.15190312910914713
B,0.0,0.0,0.0,-0.10201240674706137,-0.07636021144474014,-0.043196791292744764,-0.16170650695637961,-0.2772549318327168,-0.05710943147962357,-0.11235620281809944,-0.4368542913411443,-0.07327524793974917,-0.03452695507830787,-0.473471651582741,-0.09098201912270663,-0.14770368853954907,-0.49327634608762166,-0.006334300521829999,-0.1639654458287907,-0.6794295245032461,-0.03664212733658257,-0.16754813605208993,-0.7985704786706467,-0.06512879242423755,-0.16759542705521463,-0.9043968730807866,-0.08732764851358898,-0.09262490458484689,-0.5306214006071657,-0.01815157199857092,-0.10250523295579878,-0.7484588369904513,-0.03560785484836168,-0.10463253462320338,-0.8792970144777121,-0.06992166814570307,-0.10493492726231113,-1.0,-0.10137042822479647,-0.037950871312928375,-0.5148587379649952,-0.04060259759244594,-0.044045459666963424,-0.7167291130080411,-0.06492829166329675,-0.04765354103287994,-0.8583894715627137,-0.10574382441707725,-0.04971038227952157,-0.9856486088034265,-0.13825570469466592,0.023988916766247554,-0.45375614346630355,-0.07036814560074885,0.016660874312257098,-0.6212823796578861,-0.0997009209240495,0.01220853745431578,-0.7305188045215277,-0.1289791995156663,0.00957412706045155,-0.8300996126263804,-0.15347917253757726
B,0.0,0.0,0.0,-0.10450994929203791,-0.058259608340278275,-0.049082048387499584,-0.1749146359770482,-0.243628311663439,-0.06784859137953818,-0.13307228481169692,-0.40921866876480106,-0.08829391689767829,-0.056678073295797236,-0.46050262461636465,-0.10990840150332916,-0.17260475242966772,-0.4811642062923689,-0.012420954573739283,-0.19796721638310608,-0.6689975113001004,-0.045116778895388246,-0.2091193300983203,-0.787928406439904,-0.07527619618451124,-0.21572738984973897,-0.8934828508703275,-0.09873436305481698,-0.11992672960929113,-0.5225296575804016,-0.023193103323369,-0.14134037817147388,-0.7430139759940418,-0.0430046399829791,-0.15218887969930492,-0.8763878472237315,-0.07923125769805388,-0.1600346001411877,-1.0,-0.11169932935677622,-0.06571764716507712,-0.5088893926114535,-0.04515757388157524,-0.08274964094292643,-0.7120640180266465,-0.07136003049835213,-0.09288329909712724,-0.849265327298285,-0.11337154923412347,-0.10079882417592018,-0.9746361011265768,-0.14612017940253116,-0.0020730373428219247,-0.44983585148426225,-0.0749374759364693,-0.018786647698149896,-0.6177940797818043,-0.1062013595786389,-0.02785390708243164,-0.7270211175063994,-0.13670266238047632,-0.03454114065419099,-0.8303594968343344,-0.16161886621862562
B,0.0,0.0,0.0,-0.1006633000253826,-0.06190254561793135,-0.050467906211700976,-0.17003834383540234,-0.24895733241497373,-0.06728126116015427,-0.12947755816773326,-0.41728481062533934,-0.08445705286435425,-0.05199061845162656,-0.4669778466063725,-0.10232423742894686,-0.1721642998734353,-0.4729252118881128,-0.013106681932264233,-0.20046977402519714,-0.6604725865740412,-0.04407507738403316,-0.2110208376780537,-0.7815565585722004,-0.07316533865066409,-0.2163271508052989,-0.8891063365506396,-0.09557038682753598,-0.11959993887277745,-0.5169341127779841,-0.019987546216333408,-0.14316335118242426,-0.7381297595096586,-0.03816899420224802,-0.15416233283076075,-0.8742665277517155,-0.0736030089110948,-0.1620248436009507,-1.0,-0.1053697358487385,-0.06551209940226807,-0.5078537596507214,-0.03765431898850955,-0.08114717162512643,-0.7098146199423645,-0.06194341026094409,-0.0915283503617347,-0.847809890854819,-0.10270830708263329,-0.0993074425005736,-0.9721022583548157,-0.1344012046131196,-0.001989072855899539,-0.4552509982153812,-0.06325453802772371,-0.016686512696306985,-0.6226432821661328,-0.09191482435912816,-0.024346833422658608,-0.730576106657425,-0.1208054371072888,-0.030245958702552932,-0.829248810000135,-0.14449140862740179
B,0.0,0.0,0.0,-0.09784290044738543,-0.06057057234569053,-0.06271809186959602,-0.16751167180864363,-0.24519908914067615,-0.0827368853027609,-0.12956055574927977,-0.414187825237499,-0.1007401202561288,-0.05307805483052084,-0.46694844953442016,-0.11913189578646464,-0.1704757426853141,-0.4729214220237137,-0.01937163543422522,-0.19314111432217282,-0.65882219172045,-0.051273747239821074,-0.1975874917908234,-0.7807623358187277,-0.0812416198261695,-0.1975017168544948,-0.8919492946299467,-0.1041783145789307,-0.11497556272967843,-0.5184962939623664,-0.019874861292647948,-0.13249922856788032,-0.7350776466539007,-0.03906119608894558,-0.13838299150801014,-0.8705803537615067,-0.07624402654072913,-0.14316632257269132,-1.0,-0.10900601315875445,-0.05869518335319082,-0.5093683584304108,-0.032407452830954996,-0.0690889544839684,-0.7078285130349884,-0.059642006292421085,-0.07606872045668059,-0.8426125274068547,-0.103207177799813,-0.08208598137463691,-0.9681558063304976,-0.13599141596382083,0.006150939664879403,-0.45522367554550236,-0.05366851409197491,-0.0056335785104590285,-0.6196588380994009,-0.08500848061173052,-0.011565335645731617,-0.7226789654729218,-0.1157806401010506,-0.015922322796121924,-0.8189841084079503,-0.1402543466936453
B,0.0,0.0,0.0,-0.09621546632456822,-0.08690148339870288,-0.05272620901970177,-0.15560061275104192,-0.2826191417168957,-0.06901005519514805,-0.10582584586865304,-0.44004594008341896,-0.085225325422674,-0.021576522751550153,-0.47740695195343985,-0.10212169057253971,-0.1560742161165777,-0.5010562088384766,-0.009471868951227936,-0.16858998800443065,-0.6878642386526532,-0.03836764418549428,-0.16680343951891477,-0.8079540673427412,-0.06657598035198507,-0.16175374342291682,-0.9155466895454285,-0.08779656376505295,-0.09774042831771249,-0.537549381064359,-0.01374770404034534,-0.1049661750007136,-0.7505988618017118,-0.027629428167313185,-0.10607360113768774,-0.8794982514873787,-0.060487341239931054,-0.10691656314522019,-1.0,-0.09082723195005994,-0.04012846328842905,-0.5228065037382594,-0.029632472428852336,-0.044535239566767096,-0.7245038918881036,-0.05095893954221801,-0.05011915506077732,-0.8615631927940255,-0.0909169318426823,-0.054366268895226395,-0.9850995488375622,-0.12261504984483171,0.02415544252836619,-0.46452590581168973,-0.05373100910398869,0.02121802486881804,-0.6302641554796592,-0.07918584401000484,0.016704219056873016,-0.7402409464084189,-0.1068630385737771,0.012520134756959182,-0.8425882860213442,-0.13040631022898233
B,0.0,0.0,0.0,-0.09040925563748269,-0.09388880630349852,-0.05939236658949961,-0.13931405220907034,-0.29584222135881116,-0.07770425841321886,-0.0847670480173267,-0.4461869961811627,-0.09425501615638669,-0.009202627354243955,-0.4750311754800624,-0.11094452909198474,-0.12835447620286833,-0.509200537479451,-0.01568295758019476,-0.13319862424451026,-0.6968622983316257,-0.0458179142548187,-0.12662724011861765,-0.8156083480139465,-0.0741108720400748,-0.11782759514291291,-0.9212860471599329,-0.0948912296976123,-0.07072009089319795,-0.5368322259419974,-0.0152431056646337,-0.07081131847111302,-0.7476065481774293,-0.031696550773254485,-0.06678730998949248,-0.8769874254959636,-0.06496847624032333,-0.06260955941441344,-1.0,-0.0944254091000971,-0.017234107047384914,-0.5163763497410918,-0.026632869335231634,-0.012675999260002594,-0.7140808676142462,-0.04960411997264345,-0.011272784632769019,-0.8457001825641928,-0.08806657887025812,-0.009399075584774227,-0.9653580537050572,-0.11735306199624558,0.04036502298317087,-0.4554897557972218,-0.046708987459134675,0.04391499334329446,-0.6250303940486182,-0.07213095987115185,0.04451224321344963,-0.7295614788462873,-0.09857379920593926,0.04538426618680718,-0.8256917212972052,-0.12032162691738825
B,0.0,0.0,0.0,-0.0961456434035673,-0.08692563828653058,-0.05559891121612086,-0.15556660825625646,-0.2892396225820175,-0.07044935000618116,-0.10611766983795341,-0.4467030666066381,-0.08487604286090604,-0.02681016561205224,-0.4799012987046611,-0.09945493958747274,-0.14699182688844684,-0.5054239757119213,-0.0037076112372861963,-0.1562788694400192,-0.6931716039043712,-0.03073559649977659,-0.1534772594689914,-0.8129451227862274,-0.057168864362964374,-0.14728743885839224,-0.9188892350178037,-0.07703482439959178,-0.08882247405489468,-0.5388395015632668,-0.005825280451097979,-0.09255955675033216,-0.7512864021360254,-0.019363845769553995,-0.08964985469520483,-0.8801235670979531,-0.05171811990994222,-0.08521077447839559,-1.0,-0.08041731951996003,-0.03319471841179903,-0.5223808404977858,-0.02032300264621242,-0.032511121510389464,-0.7227398282713597,-0.042219686944649025,-0.03271824406674783,-0.8520729777834243,-0.0805875714873238,-0.03214893443304315,-0.9716357679572714,-0.10960306642747694,0.027929921932364685,-0.46440954860875133,-0.043430492815057065,0.026345434376223144,-0.6342934111078532,-0.06940180918431331,0.02514994887124217,-0.7364059409776536,-0.096139666832494,0.025076161460539502,-0.8310446753182869,-0.11773585149630775
B,0.0,0.0,0.0,-0.09674769722539218,-0.08421692307464002,-0.05023355187220689,-0.159788888212851,-0.2892660726767093,-0.0645547835969246,-0.10993485674345303,-0.4476103009374337,-0.07959949886461334,-0.026868300732643676,-0.47375942516334973,-0.09525023094251961,-0.14973349474149714,-0.5019527395115609,-0.008834171681967365,-0.16413307047002276,-0.686564532596485,-0.040145696216515286,-0.16414772482752377,-0.8062497310276154,-0.06859036062059863,-0.1605682588842506,-0.9136355643077727,-0.09000136818558606,-0.091095845433999,-0.537033416387059,-0.01673267618159711,-0.10051739156888438,-0.7478229931692144,-0.03493651268311597,-0.10187560936157457,-0.8771711636376048,-0.06882399559873209,-0.10129129004349562,-1.0,-0.09907065904267677,-0.03389042769948105,-0.5194255566058875,-0.036382404459201836,-0.035959381830971075,-0.7184887721651795,-0.06300462734251902,-0.04089419034489308,-0.8504091533713927,-0.10362305143146318,-0.04415144592133986,-0.974359511828107,-0.13431019193595892,0.029623041695542553,-0.4568093419859585,-0.0640785691495089,0.024781260527022637,-0.6263318770488275,-0.09461707922428693,0.018522180390317885,-0.7311367811759398,-0.12364821936298022,0.014486388884354488,-0.8288680825867649,-0.14707412572571674
B,0.0,0.0,0.0,-0.0940074472593038,-0.08379793679113388,-0.053286771294110434,-0.15363874266143465,-0.2810012160854183,-0.0733912806454672,-0.09861735775799073,-0.43153696467653324,-0.09410175878856084,-0.015795414539895965,-0.45794651614047766,-0.11590916689046567,-0.1402532546140928,-0.5083308745060515,-0.02220161325815732,-0.15730639377820183,-0.6947360874037266,-0.05980721931542088,-0.158587833446853,-0.8114723825438889,-0.09203258669179243,-0.1566771178315993,-0.9147194133375983,-0.11591332621512003,-0.08067435291479037,-0.5418826987720571,-0.031179190936417703,-0.09177988762010338,-0.7541292212549303,-0.05623680677475831,-0.09087503918037865,-0.8813915032121017,-0.09306132440799687,-0.08821757542165441,-1.0,-0.1250058282166514,-0.024101654813740388,-0.520418009829794,-0.051639362760187345,-0.03171841234211801,-0.7194401778812171,-0.0831346365264765,-0.034684447434868655,-0.8497628955150072,-0.12569088737098028,-0.03661694780024579,-0.9720486029724694,-0.15772841872677304,0.03819473360559675,-0.45144951315219817,-0.08004159266375536,0.031786983749679434,-0.6195974509084793,-0.11378593506303766,0.02693137436036021,-0.7216252710454933,-0.14400416402719576,0.023987767449171214,-0.815740906705199,-0.16838760734134564
B,0.0,0.0,0.0,-0.09291624549464306,-0.07455455044487679,-0.07959001274395895,-0.15278129327227521,-0.26527834926837496,-0.11152326793709019,-0.09267073618884147,-0.42366621731468357,-0.1389484742006475,-0.006418890745151443,-0.4683837349855801,-0.1669450463262229,-0.14916243661800163,-0.49962014330998594,-0.0445127389419738,-0.16535047163629799,-0.6934253176087631,-0.08628124103278934,-0.16359433321633687,-0.8127065499390121,-0.1223171546728978,-0.1569318576504237,-0.9199489369969419,-0.14949784823897774,-0.08401971772386573,-0.5368833056421319,-0.041895954774803866,-0.09366230419510246,-0.7537978795840546,-0.0703123223826048,-0.08921491091008897,-0.8808556810340167,-0.11272155771138476,-0.08161676904621605,-1.0,-0.14888342202419239,-0.02315073025043049,-0.5169029353895387,-0.052682659057516214,-0.027734395404696292,-0.7165187715187211,-0.08759041780223878,-0.02732567143908409,-0.8438507662657934,-0.13749195977296644,-0.02539779563985004,-0.9663172962634748,-0.17491737452240308,0.043076390142604344,-0.4472171488112639,-0.07303764521497025,0.039079417999067084,-0.6139305224243746,-0.11099421783541323,0.03512725886431556,-0.7144340960098093,-0.14718552218722375,0.0349843887606408,-0.8085863191107779,-0.17595321713984935
B,0.0,0.0,0.0,-0.09232666915963804,-0.05923562695456691,-0.08232318110075665,-0.1565680892075066,-0.23539943443996159,-0.11727197593592716,-0.10775127268523668,-0.4019543260789034,-0.14703925822640151,-0.027489738386884052,-0.4689256373497321,-0.17758136127252647,-0.16460389341408926,-0.4727176394655466,-0.05197961082129572,-0.18388180163012302,-0.660598821063915,-0.09572707661664846,-0.1836243308167167,-0.7821590241330721,-0.1342571131267104,-0.17855741029900768,-0.8938924244905537,-0.1636006523170085,-0.10164325930025739,-0.521187308265251,-0.04802840810856922,-0.11564792004743067,-0.7371476962930333,-0.07997411570229429,-0.11331045287714876,-0.8723095394687869,-0.12696077122648822,-0.1096197751596713,-1.0,-0.16664899946823405,-0.04087156497591247,-0.5120963115992353,-0.05681080104581202,-0.04776827977093855,-0.7090425676320654,-0.09453276015349174,-0.04781355610105116,-0.8399032470222274,-0.1472728429294825,-0.04889738562034265,-0.9634486901829181,-0.18664908485396298,0.026243106744421686,-0.4513559691630535,-0.07491625920811847,0.01859622358625316,-0.6195168131068407,-0.11523245022518948,0.014629071257236987,-0.7200843873727205,-0.15321806513817923,0.012691472023694321,-0.8127878922160618,-0.18320933171067347
B,0.0,0.0,0.0,-0.0911045095331904,-0.06146085412350494,-0.07513691439846248,-0.154860607976087,-0.24536849795167315,-0.10416482984086493,-0.10345121982250066,-0.41003583065379057,-0.12950309212111674,-0.023104360210899323,-0.46792048286677373,-0.15551439282206103,-0.16504172654066454,-0.4784097042079423,-0.03659448692607372,-0.18482040144260065,-0.6641514007502274,-0.07548269301376943,-0.1857849698743952,-0.7825969557001609,-0.11101567001311455,-0.18231732794790995,-0.8910866310346629,-0.13797071856294735,-0.10345105242082905,-0.5269289025012488,-0.03410327017790476,-0.11837809207627624,-0.7424192153013163,-0.060120513638191056,-0.11789128801524561,-0.8748322635250506,-0.10365045681704166,-0.115751141344597,-1.0,-0.14090951768361984,-0.04404714633718446,-0.517581360560434,-0.04461374106876289,-0.05177223127679264,-0.7147527410349709,-0.07638734210973344,-0.05285917033053125,-0.8440075893221839,-0.1258152646834471,-0.054632372537019205,-0.9649398961038266,-0.16320703322519103,0.02242044068155247,-0.45755882159936895,-0.06438846110620729,0.013028872101105253,-0.625671113301469,-0.09956546891348646,0.007003332632478335,-0.7275862553853117,-0.13487896662744922,0.0023558437245130956,-0.8230848913964915,-0.16319794122190193
B,0.0,0.0,0.0,-0.08841870340973662,-0.06646596032677983,-0.0851645845743876,-0.14860407711193807,-0.24847726556009672,-0.11767920515530497,-0.0963303347794328,-0.41102021171489744,-0.14408852521977591,-0.01572843830690976,-0.4743329371295467,-0.17078035315181228,-0.15820964698299053,-0.48503035873550326,-0.04153937626905744,-0.17409822246924597,-0.6756682683341145,-0.0783756218722396,-0.17410410867976572,-0.7961951212668221,-0.11273534267072906,-0.16887497664666135,-0.9059242451156749,-0.13886693237411807,-0.09506544458185207,-0.5314024090082565,-0.03210466776911949,-0.1072467556699326,-0.7473898889578481,-0.0542539462809758,-0.10752139173884061,-0.8773106500819594,-0.09647013034423015,-0.10653258900454263,-1.0,-0.13309568438379532,-0.03520074840344603,-0.522618570252366,-0.036403992721564145,-0.04330533459196103,-0.7218971143618941,-0.0654631809470144,-0.046094269516033355,-0.8511195935257168,-0.1159536181932774,-0.049225410980459634,-0.9730289802333794,-0.15459684223365777,0.02980196449453941,-0.46474696108255314,-0.05052278931081962,0.02226342211217069,-0.6318030986786103,-0.0838494600048369,0.017884081485473116,-0.7310292877677208,-0.11970344674731688,0.01559579698766323,-0.823666468927622,-0.1486882459714982
B,0.0,0.0,0.0,-0.08995714776161921,-0.06876175673534098,-0.08042237408809941,-0.14989803815954827,-0.2474973219335941,-0.11307909833729599,-0.10499012775639172,-0.4110059398607755,-0.14124943114163246,-0.03251290124548746,-0.49306092589163814,-0.16979155109995214,-0.15938568189620758,-0.48288530571243554,-0.0325822692814585,-0.17770054374355096,-0.6788732398839277,-0.06687262247419322,-0.17911500425410015,-0.7994413297818451,-0.10029592636017634,-0.17610720141822395,-0.9078215577279326,-0.1257226801721137,-0.09826018578301644,-0.5238473357645804,-0.025057442581652517,-0.11267315330925799,-0.7454614198055277,-0.04537725406816755,-0.11575074625396231,-0.8772202226487085,-0.08728346529257665,-0.11713789413944112,-1.0,-0.12324108205325485,-0.038630532275424324,-0.5165074647627438,-0.030939013431554717,-0.050462377335348536,-0.7212594962980278,-0.05646360936349801,-0.056095447461783764,-0.8567787871098383,-0.1048461183901618,-0.060463720735395604,-0.9798234334065798,-0.14232643384780547,0.027266574714162262,-0.46790774493946286,-0.04652822515902426,0.016223064114481822,-0.6401854622518878,-0.0753744015264896,0.010034928401223733,-0.7437492993200109,-0.10877573224680927,0.006717397221162711,-0.841139609753402,-0.1364169524129272
B,0.0,0.0,0.0,-0.09356306814435895,-0.07915477366149808,-0.06335089932019858,-0.15342798274652877,-0.27818009797071613,-0.0835626605341183,-0.10351651466368154,-0.4428799322236971,-0.10154942864534543,-0.025096335687888462,-0.4962778100053665,-0.11990083860113197,-0.15021766500557596,-0.4827768573603285,-0.014329556012227988,-0.16777605931320988,-0.6756498114136991,-0.04213346795854012,-0.1693539444192627,-0.7962463313692096,-0.06967638610198662,-0.16648640558579475,-0.9041897413828182,-0.09089639808886599,-0.08980352147824922,-0.5211356699668453,-0.012103061704438325,-0.10368095589632631,-0.741830020076765,-0.02520797822575473,-0.10849319799103767,-0.8753154901684469,-0.0603965077230098,-0.11082404664316864,-1.0,-0.09204403257298313,-0.03206995373163598,-0.5113507377752938,-0.022193461055841853,-0.04227090067833406,-0.7164370672261555,-0.0424029461283675,-0.05023899284976137,-0.8540390787920685,-0.08511226358504224,-0.056180440669758996,-0.9774967484122217,-0.11863614256444122,0.031593561331089086,-0.4594063959014121,-0.04091514580698433,0.020531274562111325,-0.6333145398594486,-0.06577056740207946,0.01338227383410547,-0.7381913884306768,-0.09506023937855805,0.009180197362223664,-0.8329528250528574,-0.11958680097028529
B,0.0,0.0,0.0,-0.097601470421089,-0.06973597707624885,-0.06449084606331024,-0.16584537455474335,-0.2630735078303214,-0.08465724408739575,-0.12223823527698406,-0.43539521882680543,-0.10266348489827383,-0.0465408548833838,-0.49800071155168485,-0.12116562522992393,-0.1661211678036937,-0.4690307695715939,-0.012725165998871735,-0.1911782983794659,-0.6645066972559337,-0.04034749323126097,-0.19730834123202193,-0.7881778158050622,-0.06835237144660056,-0.19814414019923873,-0.9011770622848395,-0.09050912844285575,-0.10756472477632406,-0.5149760709173893,-0.010811187267523233,-0.12974894522689098,-0.7370486559076117,-0.024213574879754524,-0.13815183740767611,-0.8744471856991293,-0.06106924620478716,-0.1431813435859594,-1.0,-0.0943264050827466,-0.04993312034973611,-0.5100422376978075,-0.021574359244088716,-0.06688322205434334,-0.7151693983280704,-0.04379261800729589,-0.07693015835745604,-0.8544879780974407,-0.09003808794585301,-0.0853430855685761,-0.9786318061051849,-0.12591536241630638,0.015186572687190203,-0.46055346508959644,-0.040912035442319174,-0.0015870655602563814,-0.6332139859238289,-0.06902367670682315,-0.01053397544487607,-0.7376451449141297,-0.101406607979154,-0.016418330139486497,-0.8304742780699252,-0.1279999379921396
B,0.0,0.0,0.0,-0.09910100909511405,-0.06516257029071999,-0.06859797567252546,-0.17220724251887098,-0.2541897252006059,-0.09042178092280344,-0.12553223470733108,-0.4307837694915459,-0.1092719967415865,-0.042536913953414295,-0.49198373993177397,-0.12843234337698475,-0.18009889727152062,-0.4648050195307921,-0.018463787881415054,-0.21128454804054772,-0.6586948209021954,-0.04831253078447623,-0.2228659643036962,-0.781309376329487,-0.07739590387436221,-0.2289166686356424,-0.8920489286433596,-0.10008979836014396,-0.12133152970585696,-0.5172552426435448,-0.015553519395692062,-0.14857852824418383,-0.7383680035303545,-0.0306293615418485,-0.16181379272302215,-0.8750698834047976,-0.06767659785627508,-0.17184190421235432,-1.0,-0.10102500089965194,-0.06225549377364171,-0.5164268560856363,-0.025877844147078978,-0.08539447008327603,-0.7200919478916246,-0.05028063438297629,-0.10039811089841096,-0.8586425931542987,-0.09776083520844708,-0.11374598403214757,-0.9848190828162163,-0.1341617657105807,0.006002169270459985,-0.4692392595267996,-0.04504643991486732,-0.015360935646301699,-0.6434264766255464,-0.07496879661292746,-0.027533181735150385,-0.7485132024279048,-0.10829350339511731,-0.036165750251278626,-0.8422020951516627,-0.1354570051751247
B,0.0,0.0,0.0,-0.10408252634565444,-0.06799775167117879,-0.05213003199541449,-0.17750664950648978,-0.26361790399140733,-0.06911330254498306,-0.13054195159204887,-0.43821151837080774,-0.08697708671397987,-0.04651817835845281,-0.49490870434350337,-0.10574934433388916,-0.1855251987312217,-0.4729766541573861,-0.008729763905659493,-0.2117640170675282,-0.6635875402892678,-0.03989220108446759,-0.220535887694514,-0.7846358550176972,-0.07027365882235037,-0.225138101554669,-0.8936084081205496,-0.0937002451943073,-0.1270661361365242,-0.5239501612687708,-0.015789111580101964,-0.15010801593824422,-0.7405506823199526,-0.03388486897644895,-0.16157789976729695,-0.8751242484646294,-0.07156597782496885,-0.17092446535752445,-1.0,-0.10506621921267753,-0.0674640132650842,-0.5220546173375343,-0.03460392125940235,-0.08606247894867869,-0.7231416322891444,-0.05993370473744342,-0.09798307107251866,-0.8609339184101633,-0.1038609561647678,-0.10901667448487007,-0.9853093483667479,-0.13777305529490172,0.0020796622722297647,-0.4758047044283952,-0.06135156373248772,-0.017902762710599898,-0.6502707949821329,-0.09087174696095443,-0.029415092426150556,-0.7568390120142803,-0.12129296281127236,-0.039286460446367834,-0.8523101429704981,-0.14642783903706605
B,0.0,0.0,0.0,-0.09745166993416096,-0.08395223341976492,-0.0568487778511695,-0.160280071204575,-0.28625170749522844,-0.0749948538446878,-0.10273620035563316,-0.4533424130656841,-0.09254593070276945,-0.015354199799176339,-0.4989342000710487,-0.11090673249979931,-0.16978047885072042,-0.49549868000406233,-0.013070709408650573,-0.1866681129409708,-0.6808829615973809,-0.04379700862328744,-0.18839584781328103,-0.7983438798309362,-0.0732752844218278,-0.1870697973804032,-0.906064994286737,-0.09520963021831241,-0.10986974113159118,-0.5408664738847353,-0.01635615599587082,-0.12270332235900021,-0.7524952059300835,-0.031189867835675095,-0.1286448003044228,-0.8811882566176212,-0.06496850542393907,-0.13285343997162877,-1.0,-0.09635785595197689,-0.05034463532058877,-0.5332314074919762,-0.03203420604525091,-0.06009640890492369,-0.7347653706814805,-0.05423818275367751,-0.06930128295448973,-0.8706764931046259,-0.09562871263242569,-0.07699675511534092,-0.9927508438829625,-0.12876365415412122,0.017359559952794423,-0.4818248925860642,-0.056288365889398465,0.009394906327680507,-0.6470753099866741,-0.08285170381935403,-2.9878121851981465e-05,-0.7555600795444681,-0.11187054550117125,-0.008806993967263877,-0.8559749261316791,-0.13676167709467307
B,0.0,0.0,0.0,-0.08881000196561804,-0.08606376808174182,-0.05052078203061139,-0.14063581441884077,-0.28628194363958986,-0.07014636978303218,-0.08306063623274956,-0.44131342972995946,-0.09043491786348863,-0.011192134381412672,-0.48705118946707615,-0.11207942618679498,-0.15542925781784575,-0.4967507413079503,-0.0163898239241085,-0.1632668804265114,-0.6837813092160313,-0.05167450440078384,-0.1605405798224615,-0.8020097036636386,-0.08446841457820702,-0.1566201595538378,-0.9086821590262762,-0.10866689113930685,-0.09830950591298847,-0.5373214016116995,-0.02357784535703243,-0.10309331429749803,-0.7497281073815617,-0.04569529979496266,-0.10461539451670333,-0.8794478141817866,-0.0828336733385483,-0.10625671686724641,-1.0,-0.11581687146077971,-0.042019711421527994,-0.5269741522568272,-0.04200789722110248,-0.04435914550051795,-0.7284147384346976,-0.06949024755323294,-0.04656825347194382,-0.8631021224831218,-0.11080279123549609,-0.050043795114129645,-0.9826683707386246,-0.14323800293631347,0.023229868884606063,-0.47415918431231213,-0.06820970192483808,0.022278970988675484,-0.6384179018372674,-0.09747127066859719,0.020145126791302405,-0.743521080694833,-0.1257575333046653,0.015630015443375587,-0.8394022572517584,-0.14980847677897877
B,0.0,0.0,0.0,-0.09206426980776647,-0.08483800546019238,-0.05329086214205925,-0.14692940545031533,-0.2915649068419487,-0.07229634980002264,-0.08253723500667669,-0.45044571265387656,-0.09145750325047848,0.002732825143822362,-0.4903449245414018,-0.11196950984609087,-0.1573547055447811,-0.497394951421577,-0.01771934277482042,-0.16527746881446323,-0.6878012245598971,-0.05143179124274727,-0.1620351219616973,-0.8046884360139592,-0.08278065797509071,-0.15701719582949264,-0.9103961003102818,-0.10606372805113955,-0.09594483925725679,-0.5390758167070479,-0.023015824185420884,-0.10076399206209545,-0.754255162098416,-0.04246257124407301,-0.10161700957413122,-0.8829365950938904,-0.07832930845120917,-0.10148478745823053,-1.0,-0.11057114212899197,-0.03747273359013063,-0.5285463762909373,-0.0397422684677519,-0.0386750569316564,-0.7295408063242665,-0.06514706280030003,-0.04036700704324852,-0.8615189891469587,-0.10618936987199126,-0.04281989455154211,-0.9777018229309946,-0.13843796540814798,0.028268067223413913,-0.47326062994947127,-0.06446215091947388,0.02599423416501514,-0.6378075319597668,-0.09308807945632525,0.023510359849266787,-0.7426042545414819,-0.12154018586819115,0.019707081357007373,-0.8381713100368294,-0.14545844698362995
B,0.0,0.0,0.0,-0.08776819602454082,-0.08879512002226651,-0.05121741592725567,-0.14217822307084332,-0.2923946723431298,-0.07063278688740192,-0.083847228739645,-0.4467037182500383,-0.09061534838917719,-0.001994792735330598,-0.4884822110289389,-0.1119927443843917,-0.15942068131986492,-0.49525301404122696,-0.016109598554305427,-0.16716748994508698,-0.6877181332699384,-0.050443589646356306,-0.16449389725961783,-0.8090269907704346,-0.08315048878550844,-0.15960338353086367,-0.9176593934185933,-0.10740472109313132,-0.10116904249445392,-0.5323560750330634,-0.022245308485772802,-0.1051787604401563,-0.7492684781308473,-0.04260357919592405,-0.10618756521034493,-0.8808350833207645,-0.07955600313753047,-0.10623303104981295,-1.0,-0.11243322616123026,-0.0433775984943593,-0.522268530643053,-0.03967879194165978,-0.04492645690752768,-0.7254003804031159,-0.06464641640523418,-0.044769423602206454,-0.8614737240163147,-0.10589729153875863,-0.04604901016169901,-0.9801762648521043,-0.13852394913350835,0.023325821123965883,-0.4720320495581006,-0.06504360811790215,0.021798101809590742,-0.6398676860186169,-0.09260414332465176,0.019751467951029097,-0.7483447330677077,-0.12114972802960783,0.016004478804614163,-0.847904687494495,-0.14556979111471838
B,0.0,0.0,0.0,-0.0852655729728678,-0.08987268392563287,-0.055638048923867,-0.13748023984861701,-0.29605508415380394,-0.07654643177205758,-0.07578698710994926,-0.45106045797593897,-0.0969232516765786,0.005875851040857481,-0.489420965343055,-0.11893030769543646,-0.15184772858877751,-0.49806145698043597,-0.021348033764320925,-0.16070638813379856,-0.6906722854220347,-0.05746021649424803,-0.15751874133152613,-0.8136940370767665,-0.09182147294562984,-0.15211463909843456,-0.9241808626676591,-0.11710413129472627,-0.09292210068757309,-0.533278524101068,-0.02532906837598503,-0.09764022540329928,-0.7469521648857579,-0.046949088239888526,-0.0972388251019546,-0.8805544831077837,-0.08517015694909172,-0.096295168326906,-1.0,-0.11928077695140829,-0.03489158590879626,-0.5212509985767558,-0.040935986984474065,-0.03707796019094208,-0.7228903097677907,-0.06762535682778033,-0.037279933617748735,-0.8604123687794443,-0.11073176224630242,-0.039494479134366406,-0.9791117458569485,-0.14482556107718825,0.031199562597815957,-0.4702532653663838,-0.06476415614191422,0.02837495865334178,-0.6369121398483742,-0.0936690364064087,0.023843050572260032,-0.7436668737199347,-0.12355625915600156,0.01735029724432406,-0.8394500656712062,-0.14926608175322306
B,0.0,0.0,0.0,-0.08378531038284572,-0.09363169797058712,-0.052282036645055,-0.13297311712062396,-0.29566720246470873,-0.07228451289577378,-0.07226759500608312,-0.4487666366612219,-0.09239436563900884,0.007411325989826061,-0.4937970956766322,-0.1141718497117001,-0.14545839964800653,-0.49935430772384654,-0.018924452368134354,-0.1518739446937983,-0.6895737020287717,-0.05322278560434132,-0.1485065454680557,-0.8101740146059188,-0.08517122904596396,-0.1429245897731411,-0.9183926963994032,-0.10921403932838289,-0.08663852453930515,-0.5341494210797396,-0.025540527987890117,-0.09058181707768091,-0.7490539609544485,-0.045842846516714296,-0.0925362634941991,-0.8809798861679049,-0.08230165428403198,-0.09398995279658855,-1.0,-0.11563230957012946,-0.029398018358202396,-0.5196588469573329,-0.043467560064672374,-0.031625097527125126,-0.7256112784261984,-0.07028239912440622,-0.034148044337146535,-0.861699794299569,-0.11301423550477266,-0.03771806989741004,-0.9820543677535956,-0.14723346497777634,0.03451497452743311,-0.4642718512152394,-0.06914822254566437,0.034855048807410874,-0.6300972904385604,-0.09974410597215413,0.031490516223779894,-0.7388364186512034,-0.1304216085460027,0.026490639753423514,-0.8391480339644284,-0.15665232684164818
B,0.0,0.0,0.0,-0.07570164283678879,-0.09086581437409058,-0.0693427652107268,-0.11542528191521749,-0.27914025548872595,-0.09985157447368508,-0.05483499211045793,-0.4216952685744573,-0.12727625043339927,0.014527008330359775,-0.4754225649256192,-0.15507867112042442,-0.12774699324616243,-0.5071847207082911,-0.034457497596315105,-0.12832792571599733,-0.6970753867578178,-0.07258716233494046,-0.11901637156844551,-0.8141560987299424,-0.10669552518556016,-0.11078066568306714,-0.9163450845503064,-0.13124801720067109,-0.0690490703463227,-0.5344034898032383,-0.0317801240985013,-0.06653994253730502,-0.7491702856169559,-0.05753522567833265,-0.06374930560193565,-0.8791077184364201,-0.09637786026395388,-0.06544945011350825,-1.0,-0.12896963268344555,-0.014014604849869087,-0.5122058909410185,-0.04122548616277929,-0.015458831973849224,-0.7142576446166943,-0.06993336122774943,-0.012416542940680588,-0.8447740905255864,-0.11089483627727921,-0.01331068985766337,-0.962587223843368,-0.14190461271247015,0.046396684959902186,-0.44914006248436283,-0.05967810282743001,0.04656260473285797,-0.6194043885353417,-0.08810446876604844,0.046605541983442925,-0.7208466287451599,-0.1156010859469414,0.043658511088989264,-0.8143544347053265,-0.13836085888992633
B,0.0,0.0,0.0,-0.07614981994816822,-0.08859421475603194,-0.08853192668621541,-0.11725091849007531,-0.27974020513513237,-0.12420363044502125,-0.05413562954835345,-0.4294283739235595,-0.15232288102229175,0.02106646984933009,-0.4911982355918161,-0.18007663402509952,-0.12247816722157318,-0.5108043659743058,-0.04774076718055461,-0.12327185806126263,-0.7088079442581836,-0.0840899531450171,-0.11334562652159068,-0.8283705644772604,-0.1162205795270049,-0.10393861722231605,-0.9323393990845926,-0.13929954695661148,-0.06101686740173626,-0.5364590694035913,-0.03279796973113159,-0.05659766456219208,-0.7534893004976825,-0.05500620903588195,-0.05102661232896583,-0.8820387576362597,-0.09135823909507429,-0.0498657192523573,-1.0,-0.12215784708730706,-0.005842219170497612,-0.5136968372302874,-0.031163808525186614,-0.005435396989329244,-0.7141645678982129,-0.0573715807165363,-0.0016959058744965055,-0.8437702697823924,-0.09821793539815309,-0.0017224627211853368,-0.9618907455633737,-0.12903883372727526,0.052313399213931695,-0.45068734502375296,-0.03988103513339568,0.05440665293510217,-0.6225118298191328,-0.06678837388111977,0.05390221639853702,-0.7251565902932429,-0.09473845016745627,0.05110298120701155,-0.8187083582363583,-0.11759150496205449
B,0.0,0.0,0.0,-0.07200274989094463,-0.08932712156281064,-0.1000281400581347,-0.10686597063538673,-0.27889460902025004,-0.13971997412837628,-0.03890232492181154,-0.42528314209832446,-0.1685691296474663,0.03520497528848935,-0.4876734582308198,-0.19651593132479406,-0.11426419314475324,-0.5084607370932058,-0.059887143003932636,-0.108700112075819,-0.7097679996048096,-0.09752195841867739,-0.0949575570363451,-0.8290417667946558,-0.12974683004602577,-0.0827266199264479,-0.9334521106536033,-0.1526816629742229,-0.05169389802986873,-0.5306180435682727,-0.037738630873004234,-0.04251408911734182,-0.7513318407996352,-0.06107274170526537,-0.03293630057899356,-0.880700065392853,-0.09758813849616377,-0.02843300917298263,-1.0,-0.12823685446136382,0.0030662487807194654,-0.5056450789510983,-0.029346048799982535,0.007806037854453816,-0.7088362487065846,-0.05695408931331019,0.015201617931778717,-0.8388676503413545,-0.09909499454299883,0.01797455675588031,-0.9600207372194554,-0.13032177004263318,0.05988162051255401,-0.4413828933206878,-0.03179480112431347,0.06534059150694449,-0.6159217687441835,-0.05982010046598823,0.06783313893107605,-0.7185853182218517,-0.08907455276212588,0.06798052791828543,-0.8135501419463113,-0.11251343877736993
B,0.0,0.0,0.0,-0.06771999712864736,-0.0877023562927064,-0.11330090924315857,-0.0993476221942588,-0.26990412659658186,-0.1600971492599386,-0.032867996342710384,-0.4156586592581445,-0.19368397871323628,0.03838119977436003,-0.48800863882112994,-0.22592112134001394,-0.10267473573753597,-0.5085146366021698,-0.06767122993698821,-0.09615744328157283,-0.712324883233379,-0.1037016663486877,-0.08107591411235922,-0.8329058486711666,-0.13535825552076972,-0.066942461954946,-0.9374486218760222,-0.15828785070574128,-0.042180583023142246,-0.5271461481644495,-0.03785538849800423,-0.032007622350502835,-0.7469625643714369,-0.05784245294748943,-0.019650340589886087,-0.8790300458753122,-0.09287983230608998,-0.012676108031842534,-1.0,-0.12283369314778249,0.010394355522099023,-0.5007885901761711,-0.02267236289049131,0.016615373911874533,-0.7003949878682403,-0.04561864652294107,0.025918379590166,-0.833545048913964,-0.08598263469025604,0.03006975411758307,-0.9579570149075971,-0.11699715853140065,0.06448206060529234,-0.43658113583222574,-0.019558597076126026,0.07298335750448207,-0.6115496180201847,-0.043227596888780584,0.07574578152160759,-0.7124325958074419,-0.07056979630952794,0.07641409327090844,-0.8044307049598195,-0.0931422688522183
B,0.0,0.0,0.0,-0.07162738325796748,-0.08293763583160875,-0.1135855523488874,-0.10548120453453284,-0.2478429428056035,-0.16561146973692933,-0.04160386592983776,-0.3859327738426804,-0.20590349116350587,0.03359816013264319,-0.4740955401081627,-0.24632676586653138,-0.09069586521300439,-0.5065707555422979,-0.07919210636666069,-0.08089383481261753,-0.7077149879745882,-0.12413088627444782,-0.06402987217426447,-0.8287021227352811,-0.16321304677034412,-0.04783437860372184,-0.9349494550254585,-0.19109901073916194,-0.029741813867451825,-0.5259190063859109,-0.054464266248330354,-0.013857935218546565,-0.746786052583381,-0.0876235668395021,0.002790694663546103,-0.8794026443145214,-0.1326938046419413,0.015154842592982883,-1.0,-0.16888800242120877,0.023812350375264205,-0.5010302154492026,-0.043661215695989554,0.034910841710371565,-0.7024181295597074,-0.07813427676086956,0.048038550367086916,-0.8326623406410182,-0.1260783028189605,0.0572125889005637,-0.9524993350838482,-0.1612647280455724,0.07787054505713294,-0.43659319025411686,-0.044481395210143354,0.09022293674071998,-0.6116764298692129,-0.0770536926808131,0.09386767058061606,-0.7159934684381444,-0.11037298145472557,0.09526100893366796,-0.8130621117811386,-0.1369853645242583
B,0.0,0.0,0.0,-0.07530659726004281,-0.09534893095667894,-0.0931017185078197,-0.1092373621409257,-0.2711432958172335,-0.13653800998771473,-0.04529767095606188,-0.40863930502894497,-0.17278580609294558,0.03041639395185291,-0.48232106123552626,-0.20996174901684725,-0.08944125060438908,-0.5117548185789333,-0.062399358723645444,-0.08089989395181538,-0.7021321412777713,-0.10768385060105413,-0.06411865265732639,-0.8185703005178998,-0.14699006561620692,-0.046457167140481676,-0.9234592141624585,-0.17535548715192306,-0.02554539897486004,-0.5320849619590516,-0.05109818852280248,-0.010714267215451823,-0.7493736160794481,-0.0860655449443177,0.00611186458261628,-0.8791079971681449,-0.1327067218622213,0.02024336508222957,-1.0,-0.17040490161235536,0.030943519564114712,-0.5057319843261578,-0.05280582459263739,0.04348463509913407,-0.7091138907357636,-0.0907455019275047,0.055946028703048045,-0.8395052646126283,-0.14087310581129894,0.06573140780597814,-0.9599805664656078,-0.17761177919782878,0.08737793892984792,-0.4359763455571876,-0.06443284035828734,0.10147430773100799,-0.609352328372082,-0.10139334358383517,0.10540725633220714,-0.7158260719690859,-0.1368255569341358,0.10788434134408624,-0.8161913290314018,-0.16496478062719347
B,0.0,0.0,0.0,-0.07321586900024186,-0.09281017788548186,-0.10994596872517401,-0.10154862146267372,-0.2778061540892632,-0.1588120354556836,-0.018837439388123132,-0.406552979127473,-0.19649414679224414,0.07027329333859668,-0.46040326188092495,-0.23411328009055904,-0.08103413451217646,-0.5183364099096425,-0.08127220009972606,-0.06907393466841487,-0.7100692044606656,-0.12941136619269775,-0.050649223317442094,-0.8220870230721318,-0.16861917951816324,-0.031711170139881874,-0.9248917306493321,-0.1963830146318017,-0.013663231748152505,-0.5366728953551629,-0.0611345049924417,0.008413790373737927,-0.7556372048039005,-0.09604259897901535,0.02785627214428682,-0.8800071789298409,-0.14061408281033408,0.045186468623680406,-1.0,-0.17704909680184475,0.04272052435193616,-0.5066183780906071,-0.05530720943067307,0.06244958924344927,-0.7075256093063828,-0.09330622682220469,0.07754165765901322,-0.8357381690798114,-0.14282279909168466,0.09105427086652192,-0.9599803365002505,-0.1789913508317216,0.09878325297071278,-0.43347472138969095,-0.06078233784544239,0.11812240166021817,-0.6069875823548794,-0.0974864861701095,0.1257229727718842,-0.7078714125556643,-0.13257733921339715,0.13294571342201547,-0.8064358380879392,-0.16023639662232617
B,0.0,0.0,0.0,-0.0719951801470403,-0.10218366014298715,-0.09809539545809004,-0.09833864319857309,-0.28847500578751656,-0.14430868669401212,-0.014170831618442957,-0.4068203727298018,-0.1823070616875455,0.07943204356790592,-0.44247422170682676,-0.22083139680222838,-0.0731235360482547,-0.5224034499550352,-0.07503439282063061,-0.06183646713812227,-0.7130817102725711,-0.12506710163628879,-0.044120638551162945,-0.8232050648743602,-0.16537811789367846,-0.025854824209811323,-0.9236879505354655,-0.19428691578871635,-0.005408905404739308,-0.5369025333375452,-0.063629146217487,0.016893444227797264,-0.75561862180956,-0.1013118926806162,0.03634545148504547,-0.8793212376144475,-0.14733204414950088,0.053668629310059356,-1.0,-0.185059641958531,0.05121475280322581,-0.501528407969788,-0.0658888242652268,0.07374768747318934,-0.7040789745359953,-0.10714834753409551,0.09064204732654885,-0.8325113304848222,-0.15816259741472083,0.10499737749578546,-0.958297223350222,-0.19548642342633066,0.10624033919654162,-0.4201071678678911,-0.07836756076909676,0.12712850514818103,-0.5942521300121153,-0.11857864508035636,0.13613261432310014,-0.6971011447303384,-0.15526950677099485,0.14456064241510283,-0.7970862352940997,-0.18427241380585288
B,0.0,0.0,0.0,-0.07358940258088854,-0.1009048226141134,-0.09768956479544973,-0.0998626435780843,-0.28953336973251537,-0.14309944255601972,-0.014115050861343244,-0.4050171362138021,-0.1801884804127878,0.0784622062483104,-0.4350123130523905,-0.21789788266375576,-0.07424076447840673,-0.5280093709778885,-0.07599628922442696,-0.06157690167418508,-0.719783572097938,-0.1252609623459744,-0.04366452657668314,-0.8291209489625964,-0.16493368112822213,-0.025083985215549526,-0.9276709248776229,-0.192952032421029,-0.004316872069208705,-0.5430457327740409,-0.06349348432134459,0.020207018998723406,-0.7607421332248604,-0.0996990740624795,0.04091076889302163,-0.8836873465975282,-0.14415820434094867,0.05990833603706334,-1.0,-0.18067611536707182,0.05267243765599443,-0.5086680080867543,-0.06422566905312879,0.07512877501798183,-0.7112338497900881,-0.10307457402127797,0.09286385634456165,-0.8388670188029295,-0.15178063204922085,0.1091822833572256,-0.9601012702019507,-0.18771916823013882,0.1077519080471253,-0.4291435808978758,-0.07535973713809938,0.12754313461091224,-0.6005476527499536,-0.1128089463269426,0.1378699571773876,-0.7030120438741957,-0.14724266308503506,0.1485018791983454,-0.8011353584752859,-0.17478913351678932
B,0.0,0.0,0.0,-0.07649071023007538,-0.0985709365789799,-0.09366171499666406,-0.11039973460572317,-0.2851603756223186,-0.13725845129595232,-0.028547737089214997,-0.40687088023547685,-0.17417631109974901,0.06913399826273552,-0.4387759418597765,-0.211977065601272,-0.08867034533312562,-0.512700729065835,-0.06826701455370121,-0.08852473242269379,-0.6984511086412802,-0.11798005097641115,-0.07553165206307337,-0.8091162996188993,-0.15913861513065744,-0.05972985700362007,-0.9129646951563449,-0.18895514829683088,-0.018195404298204373,-0.5391675055320875,-0.06005212948350314,-0.0044498870762565345,-0.7579928176199073,-0.09689571292563866,0.011345853715065806,-0.8810301383796124,-0.14472307283084435,0.026591432294692588,-1.0,-0.1842652444176517,0.041924254430462965,-0.5122381208855717,-0.06564001036779575,0.05882326916041971,-0.7149780187376494,-0.10661247369348441,0.07063794056152406,-0.8418348064997692,-0.16043158947072864,0.08078830917719158,-0.9656563878389003,-0.20021267179224242,0.10081970909552106,-0.4359605519412351,-0.08110940282121262,0.1171547454634321,-0.607378460761318,-0.12224393424763778,0.1238361736777032,-0.7108892144222292,-0.16117093785916395,0.13108049359050933,-0.8115870619669091,-0.19216220279215213
B,0.0,0.0,0.0,-0.08417421852596423,-0.08927308861510017,-0.08036724889503971,-0.12717879939879817,-0.2774814912327716,-0.12001301935315457,-0.05367149283469432,-0.41252484415170365,-0.1543629033535246,0.03699956966496558,-0.4492304173892029,-0.19021852203598377,-0.11130478134052979,-0.49208978907321727,-0.0702736728287939,-0.122585030676932,-0.681611186892053,-0.12115454769775715,-0.11785887411146027,-0.7968652407293288,-0.16160103725443603,-0.10937874693564259,-0.9016376957687101,-0.19144355684556333,-0.042074287917768065,-0.5237242221077412,-0.06933471428430282,-0.042754564641159995,-0.7469708267434476,-0.10805060177222785,-0.03410298924445676,-0.877048890100125,-0.15453532994740976,-0.024585973045805225,-1.0,-0.1938070637488514,0.02004020982578699,-0.49959102145048323,-0.08006632931387131,0.024820186224075818,-0.7106806054567198,-0.12248580586158099,0.031215801204744285,-0.8475450366522752,-0.17566566160504793,0.0374261030214469,-0.9764441325908979,-0.21591844262564044,0.08403959440121672,-0.4245945007312267,-0.099197462901927,0.08883522476749944,-0.6004262799112853,-0.1429777724315633,0.08851230577059677,-0.7101395745057688,-0.18248598364593177,0.0907931634500123,-0.8129391823216907,-0.2143121218813524
B,0.0,0.0,0.0,-0.08584793464129535,-0.08645848485812734,-0.07321329131307298,-0.12951804319365778,-0.26935165760548396,-0.11138977523562942,-0.06286025019773986,-0.4023912317147455,-0.14619491091755918,0.02198889929359141,-0.4389269373960161,-0.18252368759255214,-0.10287742742719991,-0.5023757193639595,-0.06482611873447708,-0.11317083814424554,-0.6943548396261581,-0.1154266532216149,-0.11130566263307665,-0.8103409137399653,-0.1555499185231568,-0.10702456633603957,-0.9118810401571009,-0.1854936386633021,-0.038910430663769514,-0.5263732692080405,-0.06871609017726207,-0.03949526901711927,-0.7485601356449956,-0.10908199343360565,-0.03417021424090624,-0.8782650515260062,-0.15553045705742716,-0.02958412694444192,-1.0,-0.19419355308967468,0.01803722736901439,-0.49467139386142756,-0.0835987755384896,0.02228820811324357,-0.7011521471820934,-0.1280344690314846,0.028778535906830435,-0.8371049748620367,-0.18038395625737627,0.03376649536788705,-0.9651315879192313,-0.21922678673863416,0.0759897788950206,-0.40967024606111296,-0.10634359118869006,0.08125843803696599,-0.5827801257807315,-0.15161888001388804,0.08285726137117816,-0.6891930054639841,-0.19010456773947057,0.08578102697444383,-0.787194270317202,-0.22054595804385357
B,0.0,0.0,0.0,-0.08714044637657475,-0.0867900592542017,-0.06369939637551945,-0.13004888108096505,-0.2769343481172232,-0.09630854871566918,-0.06492230200184611,-0.4141566091944074,-0.12714992964256083,0.015791379784324953,-0.4487400951584948,-0.15974062347138496,-0.10590388451905212,-0.5005829860045966,-0.0563076086948814,-0.11807367408596395,-0.6906210507874362,-0.10413954509615636,-0.11858942177122768,-0.8080131318999776,-0.14136730261164854,-0.11677654926851495,-0.911847447263622,-0.16916608899807012,-0.04572551946968286,-0.5262659465957398,-0.06379884295775622,-0.048221716107489904,-0.7488261685168168,-0.10068284802798252,-0.04487683477169786,-0.8775478718137104,-0.14246350880546801,-0.04144040960670084,-1.0,-0.1781566520895648,0.008896786063733063,-0.4957666172477715,-0.08166813176884286,0.012440266266514417,-0.7013981554126154,-0.12249846269078339,0.018194232184788352,-0.8386319114033004,-0.17003793663922384,0.023255179462605868,-0.9674794355305006,-0.20599357596761622,0.06666011133446943,-0.4135554113690234,-0.10701506522368065,0.07233970654732269,-0.5848796184796661,-0.1496935843464387,0.0754490114028157,-0.6935638871365686,-0.18542046797151895,0.07977096038617369,-0.7953068899542073,-0.21389918541615813
B,0.0,0.0,0.0,-0.09013879561611272,-0.08767485997633209,-0.055263616084739405,-0.13458568280538558,-0.28011837388766847,-0.08307298208367796,-0.06981228841869867,-0.4149065907736383,-0.11140853392549802,0.009220247224860577,-0.4460940910956798,-0.14191934335762282,-0.11246948334229324,-0.5049270812042809,-0.04112831912807503,-0.12222560771388283,-0.6927658989768525,-0.08658545067389167,-0.12140269278266232,-0.8089507972031335,-0.12382633603912115,-0.11938449700544293,-0.9125743228968969,-0.15169603544982804,-0.05166680120847167,-0.5295058422631879,-0.05263082332320302,-0.05157048072645704,-0.751257301755513,-0.08792528094511078,-0.04789271464713692,-0.8799439390061884,-0.13019685901743014,-0.04421398673704062,-1.0,-0.16609268415659503,0.004166238709223099,-0.4974432133392188,-0.07462646760383089,0.0069735479361000855,-0.7052251800426984,-0.11361317029335019,0.010983008228805801,-0.8416145016600168,-0.16024236563602817,0.01441303418106121,-0.9658699158226315,-0.19558370392049992,0.06341419009554758,-0.4149827128093531,-0.10392160022483693,0.06750774187897077,-0.5854018133945241,-0.14502788596071475,0.06842683988780932,-0.696348031596141,-0.17989050732744194,0.06993141803054843,-0.7999337710808402,-0.20785438027646663
B,0.0,0.0,0.0,-0.09074450079953401,-0.08371286013375023,-0.055546266581331945,-0.14075549095784726,-0.2730603744346937,-0.08233743485576718,-0.08075348525395508,-0.41266698171787164,-0.1100538928925952,0.001639731620333991,-0.44789607156791095,-0.13999379733316866,-0.12252268093921893,-0.5057679098367412,-0.03554427075141014,-0.13442200009891142,-0.6921354427110522,-0.07954911148684406,-0.13408817404014706,-0.807171078299383,-0.11690162871391721,-0.13248786961276177,-0.908617383133404,-0.14474421598951193,-0.06150628362301559,-0.5346931822552904,-0.04664040037826679,-0.06279501706222078,-0.7533868920381798,-0.08052149150179068,-0.05965952489545612,-0.8802614009154802,-0.12340631704676515,-0.057111594067512546,-1.0,-0.1596329612431373,-0.004079958896807908,-0.5082639121666548,-0.0686040600460343,-0.004286299119138811,-0.714371143141317,-0.10668845742130974,-0.0018319220138366093,-0.8515401333106203,-0.15359970777162105,9.891142481907452e-05,-0.9740205021403333,-0.18899648339654893,0.057917584802809084,-0.43310482962507074,-0.09811710416190354,0.061433061693253695,-0.6042950912457894,-0.13836600892393913,0.062275869458899555,-0.7166605304949418,-0.17291073818138908,0.06272330627922695,-0.8202189376912974,-0.20056333309514382
B,0.0,0.0,0.0,-0.09177924621689523,-0.09451437036899789,-0.04328192444415587,-0.13837948934812466,-0.28849129347421665,-0.06669256523649719,-0.07569329389137895,-0.42249316729856357,-0.09320568026988447,0.007590664338441505,-0.4439154454815071,-0.12197381923424572,-0.12176329677554802,-0.5194259073041412,-0.02851627646455241,-0.1270715575017074,-0.7006345580675059,-0.07198119484610985,-0.12460904659070643,-0.810781887745197,-0.10963228845299557,-0.12108523775457697,-0.9043675202508314,-0.13761833327083037,-0.06143647968431904,-0.5435172339660567,-0.045674115001220116,-0.05382837681771111,-0.7574321167825534,-0.07830747222851593,-0.04769028738013226,-0.8833854967848395,-0.12052959745649403,-0.04334645900467693,-1.0,-0.15714995313707414,-0.0031649566237047636,-0.5118111287509695,-0.07255486111545964,0.003893560128658191,-0.7154806037926892,-0.10784378346755197,0.007386034109488617,-0.8557326913411849,-0.152953415611337,0.010180966963662058,-0.9766652057358044,-0.1883707257210921,0.06093675686154994,-0.4323673251572976,-0.10624763021613158,0.06980193237965474,-0.6036871043037879,-0.14318933846165352,0.071830251187012,-0.7192285249634575,-0.1756784233735256,0.07323241784239358,-0.8234166463557767,-0.202909775013408
B,0.0,0.0,0.0,-0.09457086664949312,-0.10328785779430395,-0.04302790323637556,-0.1394595107274433,-0.3084779295996077,-0.06133949299599038,-0.07853636829847299,-0.4525346785783365,-0.08256195490316785,-9.49814579233159e-05,-0.48555077610366926,-0.10522491238560018,-0.12143895009124665,-0.5302666896159961,-0.00977716016759657,-0.12769524303685845,-0.7099964388737668,-0.045355941172512605,-0.12668084106623742,-0.8178270562688474,-0.07881853211471442,-0.12377115194665515,-0.9110457261770052,-0.10412820728559115,-0.06167023943943572,-0.5540343068955386,-0.02354867334060889,-0.05635670530761136,-0.7620104562373272,-0.04815482000459889,-0.05285704564652827,-0.8844494253927093,-0.08833585228886429,-0.050516295459906664,-1.0,-0.12358508261679658,-0.00428787007404958,-0.5244313002167816,-0.04826699565055252,0.0007774910770008574,-0.7223817496113731,-0.07925190197746418,0.0020552630616635227,-0.8589410693650266,-0.12490972625484695,0.0019886403533201685,-0.978998174931286,-0.16025397196265181,0.056986296685845914,-0.44872470092543826,-0.07986715285164978,0.06294258391221705,-0.6140932537452037,-0.11445494757148127,0.06401790970370602,-0.7264974318709875,-0.14745620424401348,0.06403541342952332,-0.8312956305340692,-0.17468514938197713
B,0.0,0.0,0.0,-0.10173977337656379,-0.0869498926649442,-0.037550172449137005,-0.15667498354094073,-0.2830114692121773,-0.05416366871819724,-0.11002025308834106,-0.4327034137521362,-0.07486939419558626,-0.0404349367542742,-0.47807651917411903,-0.09748595558508534,-0.14149768803196267,-0.5084344398089549,-0.0054074297618601054,-0.15555311075353184,-0.6931163569995795,-0.04022091971158497,-0.15627390344097175,-0.807638668311405,-0.0736456559417636,-0.15406074872123635,-0.9069818805717756,-0.09932823954133334,-0.08362076135435774,-0.5378403674842657,-0.021930224319018633,-0.08496176455266286,-0.7509298822224333,-0.047606855361328144,-0.08237583147643605,-0.8813401541460008,-0.08813224670750126,-0.08021185797269478,-1.0,-0.12339187497103739,-0.027238624554689755,-0.5151595722357954,-0.04863265482835359,-0.02865052084572546,-0.716628169127612,-0.08052704624826386,-0.030360001645385673,-0.856622881973475,-0.12544044776891375,-0.0325522075255862,-0.9753590315476344,-0.15993677870452985,0.0337019658543627,-0.447320015651974,-0.08186865640797934,0.035433921567960984,-0.6140783277110209,-0.11712372379006043,0.0329852658210041,-0.7253695233091564,-0.1493206594604056,0.029425072972369105,-0.8239905555417207,-0.17568584920382602
B,0.0,0.0,0.0,-0.09830495242742132,-0.07320614784093682,-0.046951608237976894,-0.15306841389886036,-0.2647349527759384,-0.07063583871230861,-0.09858746035618443,-0.4096182344125745,-0.09672464521563695,-0.02120733279894051,-0.4434837765308612,-0.12521337940167535,-0.13026961279754645,-0.5113937197225804,-0.030639705073441992,-0.14474784790715506,-0.6948786115080333,-0.07219378838644516,-0.1480383368765901,-0.8113187188512878,-0.1078612813289747,-0.14919680758373122,-0.912821803227268,-0.13499947705615553,-0.07165733802669641,-0.5399750461785104,-0.04604235336745098,-0.07414818945387376,-0.7541489561914055,-0.07605605880083195,-0.07391503154079392,-0.8812344474262015,-0.11585177552616566,-0.07334276652842156,-1.0,-0.15093393842303948,-0.015608545638308996,-0.5103924999128707,-0.07118809013251563,-0.014788624403164535,-0.7149285191510124,-0.10483400986903674,-0.013824207994981354,-0.8533226919457707,-0.14832786725585584,-0.01237089185515631,-0.976186108109992,-0.1827648727972771,0.044407974070330744,-0.43135872860976543,-0.10351509062043951,0.04737685149688077,-0.5963862963092044,-0.1404561825243882,0.04700575053148852,-0.7089684592060781,-0.17256787352916292,0.04724218450493152,-0.8136850102812533,-0.19926743439766742
B,0.0,0.0,0.0,-0.09921061154572242,-0.07165343464878797,-0.041846384773051054,-0.15311790349315588,-0.24949240053390748,-0.06907101693828692,-0.10486273294565324,-0.38965777520256906,-0.10023892207233137,-0.03255173237483921,-0.4317492571616716,-0.13421357047832916,-0.1301668487783988,-0.5179427130828315,-0.036485655594447594,-0.13830437837491774,-0.7015220990031468,-0.08261524917459209,-0.14264331816721892,-0.8153100553113949,-0.12012018697146515,-0.14612919764852597,-0.9114216066827743,-0.14815917313904345,-0.07466258219910273,-0.5416402376006658,-0.057189764749314656,-0.07690831306432444,-0.7557306016035517,-0.0941567903536324,-0.08122727974567841,-0.881821994255276,-0.13459525360230126,-0.08652284412795919,-1.0,-0.169336689576174,-0.020401086967632532,-0.5063006086351627,-0.08672529677919066,-0.019449976839261245,-0.7127121520979971,-0.12545299918817648,-0.019616486680019734,-0.8495055007427038,-0.16658381317919949,-0.02022280845880751,-0.9692182080528355,-0.1988199771260261,0.037517975799852485,-0.4209158955835349,-0.12306078203029235,0.04176727196625257,-0.5817934535539764,-0.1635862829855047,0.040830351489092934,-0.6918691012073174,-0.1943257581647785,0.03943842067971523,-0.7951282018174589,-0.21945707632554146
B,0.0,0.0,0.0,-0.10175665349119198,-0.06286588676114928,-0.0348802134664112,-0.16312709784781756,-0.2374180745843214,-0.05774603091139965,-0.12297275871570487,-0.3781312707137864,-0.08528172277866518,-0.046915626052977,-0.40537096685820645,-0.11584577402140635,-0.14497853879018385,-0.506945380056374,-0.037026504016199856,-0.16321285798571142,-0.6953140819469881,-0.08231820048274983,-0.17315001618590256,-0.8147528083136513,-0.11834184235582536,-0.1790173066075804,-0.9166598067379411,-0.1455379636153665,-0.09481944579363728,-0.5323117201022028,-0.060863723763848,-0.10658595508339247,-0.7496448497993239,-0.09559405676728715,-0.11391487353423616,-0.877972190951829,-0.1329653272269694,-0.1196789010738281,-1.0,-0.16619259139386924,-0.043551856693750814,-0.501449584553011,-0.09240326348865854,-0.05071163709485945,-0.7044965046126513,-0.12766326129436364,-0.057115590107832785,-0.8396947150844406,-0.16596892683670786,-0.061672920892360705,-0.9662281076734412,-0.19719244938672734,0.013784949572244843,-0.4220072424965835,-0.13046075566900153,0.010876185389066482,-0.5847498093557428,-0.168240445550814,0.0034178326560311743,-0.6931138314956224,-0.19758518582067786,-0.0022228154259195192,-0.7974162905616998,-0.22230581026035845
B,0.0,0.0,0.0,-0.10178433315507393,-0.06176242804030324,-0.03634657252363475,-0.16726002166749296,-0.23555075375833112,-0.05836663603710306,-0.13002397397421311,-0.37904888513400514,-0.08506230009772142,-0.052716043100980096,-0.41524553112800494,-0.11415597500551705,-0.15116973209561643,-0.49547905137758014,-0.02895254297174686,-0.17579703714015954,-0.6830738498878464,-0.071529947953049,-0.1901153008169412,-0.8007321592835805,-0.10709378866791872,-0.19983974733569776,-0.9024386196394166,-0.1342912996569588,-0.10206347420905837,-0.523523590486191,-0.05101224509602126,-0.12246149848703353,-0.7437151937321566,-0.08321392689665734,-0.13503614757192484,-0.8772129338067001,-0.1224065205993953,-0.1445132543249429,-1.0,-0.15692581006627915,-0.051260351238610134,-0.4966353914180043,-0.08155191408755043,-0.06448952572107565,-0.699790931551101,-0.11573135755402902,-0.0734678203894234,-0.8366716829835794,-0.15686742160963665,-0.08028052804214998,-0.961140181757438,-0.18958224625313616,0.006392736934448796,-0.42159894423597294,-0.11873586901069333,-0.0012277557252973082,-0.5799200273471707,-0.1554936866713402,-0.008810990835159297,-0.6890288590395146,-0.1862545723653063,-0.014440432280561103,-0.793188312571343,-0.21189843706706446
B,0.0,0.0,0.0,-0.10038770573684966,-0.055674936769379575,-0.04767022444797874,-0.16650555817982213,-0.23805494972816957,-0.0700208192594626,-0.12439884231114837,-0.3921357059502056,-0.09425463977436449,-0.04595700928658706,-0.43367814327958143,-0.12036423538114702,-0.1511191519114908,-0.49564342709805287,-0.029149308908646407,-0.1760967189978519,-0.686657427541012,-0.06748969735054933,-0.18722992418748896,-0.806731719229911,-0.10026719275990206,-0.19310615420355554,-0.9132027449863406,-0.12520566086316104,-0.09810458331709129,-0.5301630037943725,-0.0418309090043417,-0.11804586761769163,-0.7476068147693429,-0.06739150513890933,-0.127612783445193,-0.8782569602487322,-0.10340920971262918,-0.13312376425329933,-1.0,-0.1355556583977289,-0.04608871941045755,-0.5094475800949005,-0.06417618644858468,-0.05985710317452571,-0.7104388034713033,-0.09324909453569964,-0.06707722986688115,-0.845278609262002,-0.13317804348891116,-0.07133008458856786,-0.9685219416219671,-0.16493307726848036,0.013101363141531108,-0.44179032818837843,-0.09412940022913502,0.0017105627992800056,-0.6021465695951823,-0.12676310237810393,-0.004769335993942908,-0.7098763826650459,-0.15621864049755793,-0.008508858143442054,-0.8125822558534177,-0.18075115457271954
B,0.0,0.0,0.0,-0.10117956056453935,-0.06659200779099296,-0.05222204126510201,-0.16453683777401026,-0.2626614451119066,-0.06982507661226217,-0.11481067377572342,-0.42460503059339505,-0.08769935149424123,-0.029734825998112818,-0.46136409192487227,-0.10674218669368593,-0.149130513312417,-0.49475875705590067,-0.01829740434385651,-0.16649738433562414,-0.682856162253389,-0.04902677592886789,-0.17147304709637942,-0.8018204019417877,-0.07726578313245996,-0.17171405209986199,-0.9080983209083467,-0.09890716570443941,-0.09301221885153034,-0.5336593440241575,-0.023976464031380394,-0.10716367694682291,-0.7507103368614239,-0.04067211231080536,-0.11418088221651058,-0.8803322131697968,-0.07372134670081935,-0.11688081722747748,-1.0,-0.10402679455553232,-0.040105611985669726,-0.519181739043075,-0.04022787762997505,-0.04760735087492447,-0.7174312171359545,-0.06327259159891586,-0.05317293812438382,-0.8506536877671124,-0.10206603769286829,-0.055624808025184214,-0.9707553557068014,-0.13271612390428164,0.01841750502679596,-0.4581270780748056,-0.0645957532312558,0.010590160025880249,-0.619777864408458,-0.0925795150459688,0.007531541552363039,-0.7268994511022419,-0.12037114431910588,0.006829136044830896,-0.8259312370845112,-0.14339074984480804
B,0.0,0.0,0.0,-0.09830379856199432,-0.08221905162676621,-0.04811301365891566,-0.15820805436641444,-0.2893068529873162,-0.0616277959476593,-0.10635677536546013,-0.4520716833837873,-0.07613992619408264,-0.020425166579614587,-0.48521245490183756,-0.09162587919079379,-0.14439979228336947,-0.5002282889146202,-0.007844372405414066,-0.15959754449700464,-0.6896779395331935,-0.035503177750824524,-0.16089393069285096,-0.8108192693123449,-0.06228813303707079,-0.15741857408393672,-0.9201240741339325,-0.08285648241185159,-0.08837768659378863,-0.53534593307694,-0.01418158654204726,-0.09777266508351713,-0.7508863150205768,-0.027178465921398668,-0.10014303930272947,-0.8802545948543914,-0.05873023051586337,-0.09840656935563437,-1.0,-0.08796009301385825,-0.035563709282510625,-0.5215276416277903,-0.031341494928923415,-0.03768667233184877,-0.7181606142563814,-0.05118821517516248,-0.04079553415286143,-0.8521783813388539,-0.08863135063292903,-0.04079051946980904,-0.9730573767347103,-0.11836778674601799,0.02299105302000224,-0.46359935219961823,-0.056481005450544096,0.01979259150059557,-0.630930504649306,-0.08147191633751164,0.018117808196831748,-0.740608873149363,-0.10797928928100069,0.018668819153914218,-0.8413895626320319,-0.13020985504298027
B,0.0,0.0,0.0,-0.09744762470794924,-0.0783039534976397,-0.05109630898333787,-0.15969775004536552,-0.27384853517961766,-0.06626312435388552,-0.11448581966643087,-0.434904214925554,-0.08170575041152985,-0.03383229676389941,-0.4722428337982884,-0.09776998453755585,-0.15026989994825418,-0.49194110917587697,-0.008857389330857755,-0.16855152141681498,-0.6798448719190152,-0.0368508986829434,-0.17222572143170942,-0.7994958673965299,-0.06411513766558767,-0.17073050811587193,-0.905965892715259,-0.08489985597962466,-0.09499358992506562,-0.5301584273356442,-0.013420477651105567,-0.10724146426800214,-0.7459731391743906,-0.028004182330908064,-0.11169422587157815,-0.8779903890650115,-0.06127273871495381,-0.11299866064325789,-1.0,-0.09120517251603118,-0.04153412396433968,-0.5177997163085782,-0.02901244716218175,-0.04787026770485297,-0.7146185592180748,-0.050407764633847926,-0.05230529784323473,-0.8493639002154884,-0.0892884762618603,-0.054177319821115365,-0.9703477609156552,-0.11939684226166158,0.018613530454332432,-0.46252370681869803,-0.05265055455427332,0.01112424040957641,-0.6311869665195676,-0.07832976959853796,0.008741912874071556,-0.7383810066315079,-0.10525375979610316,0.008464700950424566,-0.8351146844120766,-0.1274365214940466
B,0.0,0.0,0.0,-0.10267673629718595,-0.07274851986246124,-0.044844821393093884,-0.17228967386003496,-0.267972600429622,-0.05734283809629258,-0.13368010917142525,-0.43442861287992257,-0.07158835114924612,-0.05510153806540862,-0.4784110226817563,-0.08679413398685877,-0.16742237439038674,-0.485303992513372,-0.00292532278689338,-0.19147997110398515,-0.6739612419901733,-0.03086161903740538,-0.19921129494947543,-0.7950982265028051,-0.05755465235899446,-0.20169692495835154,-0.9028772902068185,-0.07805439588422261,-0.11317675165568952,-0.5287826311600908,-0.011949223322256548,-0.1318605242279476,-0.7442823228274235,-0.02692381689250163,-0.14105494440405272,-0.8762596267528734,-0.05986007235654933,-0.14752105797694365,-1.0,-0.08958259727862787,-0.05778217823720848,-0.5211446209319394,-0.03188251207870605,-0.07162685958742042,-0.7215806800549578,-0.05485808003433258,-0.08234978741016347,-0.8570393161782316,-0.09431155548624277,-0.09054896431675036,-0.9810258232127321,-0.12463662249765788,0.005892035961171256,-0.47135216877367797,-0.05931954557945727,-0.007764121287387707,-0.6415290999586483,-0.08677209820558393,-0.016444980027214534,-0.7486893567038767,-0.11453787863968255,-0.022605269692263317,-0.8467375540132871,-0.13727221177284543
B,0.0,0.0,0.0,-0.10204093027189087,-0.06730224953324364,-0.05076728166455953,-0.17305514835986133,-0.2589092107195529,-0.0661775736980552,-0.13199087672531729,-0.42597119545023193,-0.08234476667129935,-0.052104257070227346,-0.4704806908314126,-0.0993041954886092,-0.1706585855285672,-0.48313030427414644,-0.010039350327634177,-0.19637825542998516,-0.6740296890986378,-0.040722774427601,-0.20534827104258638,-0.7957872136767065,-0.0689624205478285,-0.20992207877265268,-0.9041844117521037,-0.09046734055293003,-0.11642626698608291,-0.5271694204053129,-0.01756766694832626,-0.13711787253575505,-0.7453241397966127,-0.035170716813231806,-0.14680449820075858,-0.8773511512842678,-0.06919187785702206,-0.15399393575879142,-1.0,-0.09955003420373235,-0.06059504794411709,-0.5191749179079052,-0.03656724931265513,-0.07647194734813817,-0.7217585659618443,-0.06233871786264553,-0.08783363254296696,-0.857250499660327,-0.10329234247102093,-0.09679254424422482,-0.9817692282260925,-0.13425949659939557,0.0044394943165853105,-0.46862395374650045,-0.06350787111537952,-0.009936808707022295,-0.6417892002103596,-0.09352057897730634,-0.019606621670104803,-0.7495382309863241,-0.12260499279335745,-0.02683608349614365,-0.8481664964380597,-0.14598859892846294
B,0.0,0.0,0.0,-0.09750574925404076,-0.06279213096304632,-0.05741708957488435,-0.16637815505586365,-0.25107588423008864,-0.07750121082380151,-0.12315022101124677,-0.41684655081777866,-0.09694795710881346,-0.04221351833615922,-0.46449524289024957,-0.11740101905859912,-0.16586881483181673,-0.4867876885259253,-0.022804953206872862,-0.1903763188485203,-0.6751046119901378,-0.05749504324026518,-0.19799278844374024,-0.7962168205477524,-0.08896509751203867,-0.20087551550780758,-0.9039453284071641,-0.11275257132016982,-0.10986543857960478,-0.5310848875693205,-0.027965502884425966,-0.12949141499026365,-0.7461154885570224,-0.04980804625371836,-0.1380852207521046,-0.8780071819400123,-0.0871096692240799,-0.14431884852029825,-1.0,-0.11995469480511366,-0.05359901081733439,-0.5202997164244304,-0.04447511890977748,-0.06717047852451855,-0.7203197370077224,-0.07359419843680601,-0.07608342896913246,-0.8547482396842908,-0.11715124303147063,-0.08248308542066178,-0.9760627272121486,-0.15016601413489797,0.01144709427591977,-0.4641127194378836,-0.0692172724552125,-0.0004569786985140048,-0.6317112415871347,-0.1021939792765747,-0.008255884378169863,-0.7387538371550633,-0.13325615858814502,-0.013570993847224587,-0.835639244489527,-0.15825046486456829
B,0.0,0.0,0.0,-0.09240354820771549,-0.06930017327667895,-0.06482300097158847,-0.1509298379816575,-0.2624023507450241,-0.08926212092946403,-0.09924198971275659,-0.4222542153147276,-0.11153559680277794,-0.019878427463560774,-0.4667393528342958,-0.1346934726898709,-0.14608902670341803,-0.4936284595872745,-0.030243624095085152,-0.1618309040515248,-0.6847055581406412,-0.06607169756899003,-0.16384357091029583,-0.8067544550806592,-0.09876536118695678,-0.16119985761676492,-0.9134444986978276,-0.12376159519413173,-0.08750537901334542,-0.5305939688342564,-0.0320396985225859,-0.09698862738515157,-0.7474293100591787,-0.05514235237877117,-0.09764176399924106,-0.8789947546759824,-0.09473714317000968,-0.09610053656170733,-1.0,-0.1291440943042365,-0.0310496608009221,-0.5131983900414847,-0.04546812511128808,-0.03480034360071017,-0.7123835686247277,-0.07474649458812811,-0.03536118263383833,-0.8465028894938779,-0.12051640295215896,-0.03439692443463631,-0.967612516383094,-0.15540417773293852,0.03286034468334767,-0.44931063877252964,-0.06743438550638516,0.027743187448841276,-0.6215788244853234,-0.10082588554438682,0.024336925539145272,-0.7290092718606657,-0.1335751436916441,0.023470815537707225,-0.8258944472178676,-0.1599319810122366
B,0.0,0.0,0.0,-0.09028516287448375,-0.07391048836940883,-0.072588383447179,-0.1441738770174224,-0.26138499234788953,-0.10262983715139666,-0.08836080369039952,-0.41658680727792896,-0.128939173803043,-0.007557150491701819,-0.462469073148459,-0.1562844553540117,-0.13464116726770461,-0.48938122214282787,-0.044480387219342,-0.14731666090543463,-0.680688585193154,-0.08512693157167525,-0.14718963968951412,-0.8032843232128507,-0.12093870947808955,-0.14243322134907985,-0.9117689096900202,-0.14810170701823436,-0.07425968657918797,-0.5250807429081779,-0.04363453054861359,-0.08066703808747068,-0.7426697010786965,-0.07265043783888736,-0.07840885050547591,-0.876436061729472,-0.11579583092378384,-0.07357675786838919,-1.0,-0.15240082450713213,-0.017737937659064094,-0.5080000849745013,-0.0544043113006947,-0.01886306662598072,-0.7057565036086263,-0.08890038558642185,-0.017124026256337722,-0.8390207021576181,-0.1376772177781306,-0.01428736594611618,-0.962254287369862,-0.17421349998119048,0.04462659139962108,-0.4431074176572119,-0.07384771681438465,0.04209683784231728,-0.6132755134716401,-0.11093042886957422,0.040926088924249246,-0.7178501960238395,-0.14578317824012169,0.04247217452196214,-0.8121951919116805,-0.17346854135290604
B,0.0,0.0,0.0,-0.08948949592498988,-0.07021564972420401,-0.0713085389322182,-0.14338308473071662,-0.2593150612286706,-0.10046203835033334,-0.08834988060826945,-0.41353697729341454,-0.1262084568708348,-0.008387023895054415,-0.4558506215852403,-0.15300125564618874,-0.1350548123185242,-0.49203599586215213,-0.04258194690324164,-0.14844229569194536,-0.6828722991571023,-0.08231365308081023,-0.14945968613087252,-0.8055764510254176,-0.1172623971793282,-0.14583593643870485,-0.9126563860954945,-0.1436962511821657,-0.07541946924255445,-0.5279836400275759,-0.04210396113835363,-0.08150828404988954,-0.7445716172403548,-0.06938231662895666,-0.08054646688377776,-0.8772810013504668,-0.11089220862611479,-0.07697588410539018,-1.0,-0.14641565255631475,-0.01956923812311986,-0.5105309989895108,-0.053220579381206654,-0.020091917466788612,-0.7088681504125135,-0.08573134692982963,-0.01899262001465972,-0.8420560821496469,-0.13257318571321808,-0.016348621673866977,-0.9642324695382188,-0.16800894509838155,0.04207723086735713,-0.44648838663887763,-0.07314497112628733,0.0411254023613919,-0.616579604899456,-0.10855968622064202,0.04035019152801801,-0.7219727276887838,-0.14202288954036416,0.04217139669073873,-0.8175865889706304,-0.1688077200891012
B,0.0,0.0,0.0,-0.09002970376470446,-0.07206691820979669,-0.0725299724944672,-0.1426298568190136,-0.2608335363652723,-0.1027445763810746,-0.08548927415261312,-0.41136557082490743,-0.12954792421888398,-0.0055201783021949025,-0.45138426582428837,-0.15737556906165973,-0.1300314299726258,-0.49612468416575034,-0.04338791668557852,-0.14213244078886864,-0.6870567296027271,-0.08379675771921674,-0.14164927016389967,-0.8083562708797313,-0.11919039387774212,-0.13694409663077314,-0.9152419341154201,-0.1458624221238667,-0.06955863754431002,-0.5298378181569839,-0.042609038683018956,-0.0736304771226125,-0.7457845436934858,-0.07050326508314851,-0.07036174321023138,-0.8777727057617846,-0.1120938986454488,-0.06470606596586256,-1.0,-0.1475819158505464,-0.013702739035280213,-0.5100181440373867,-0.05361451499385286,-0.012321102326211818,-0.7076442729595604,-0.08661481833718661,-0.009702713058364891,-0.8392840091765549,-0.13329356496778166,-0.00619633226904794,-0.9605688022693768,-0.16850061250490825,0.0470275181424662,-0.44290975808159644,-0.07361037649415798,0.047590798222424825,-0.6126270433514913,-0.10921023060444969,0.04724446728364634,-0.7168113587833084,-0.14253182544459633,0.04887992359435036,-0.8114078461596796,-0.16916596719769036
B,0.0,0.0,0.0,-0.09000855576335379,-0.07874190207798924,-0.06795980635107675,-0.14079090878923897,-0.2713600595804201,-0.09677304363216598,-0.0818589015940079,-0.41588233618358483,-0.12288354954919792,-1.5652695488079221e-07,-0.44557847353661384,-0.15027017081469957,-0.12358092662705074,-0.4997728011249905,-0.04444467876439055,-0.13304337236698183,-0.6877892226808809,-0.08646143916200659,-0.13165176947461416,-0.8057662104010284,-0.12224707181891391,-0.12664220254713182,-0.9104456854597103,-0.14903906674869277,-0.06284901597764544,-0.5302428860064277,-0.04650468110290326,-0.06429156839382683,-0.7459864923499016,-0.07643575074080633,-0.060105959356837005,-0.8769211335807294,-0.11816987726404839,-0.05402825248924816,-1.0,-0.15387549529820757,-0.006989085062382253,-0.5068455498447566,-0.05980529006319488,-0.0013364271407722038,-0.7042217354581763,-0.09432729039628424,0.0027069771577084203,-0.834223984750518,-0.14049509183119813,0.007005911710031938,-0.9557200114702953,-0.17541846640834058,0.05296073865696116,-0.4355734271075885,-0.08169776629770732,0.056689915093518596,-0.6026787475213957,-0.11843104248826698,0.05713554733406421,-0.7072378533517742,-0.15184221993724076,0.05911209145682141,-0.8049470265826597,-0.17868942975035385
B,0.0,0.0,0.0,-0.08649791330886332,-0.07844117930060883,-0.0734030852299349,-0.13633476233389272,-0.26181640832327435,-0.10655890192766314,-0.0777693938177985,-0.4020055506167997,-0.13680200444587343,0.00633625627658263,-0.4398996161220227,-0.16838078986538377,-0.12245333305808193,-0.5023932602188945,-0.046576369835948275,-0.13181532178395602,-0.6894327736932527,-0.08944357154601025,-0.12993008418587962,-0.8059335994279463,-0.12700847897688744,-0.12489173216301437,-0.9094268409305265,-0.15507735923575827,-0.061516188790722404,-0.5322632778213006,-0.046755395662546065,-0.06103129276244783,-0.7488956025732411,-0.07722475464774727,-0.05605362116498832,-0.8791626742504687,-0.12114570205060356,-0.05076738647648358,-1.0,-0.15837642728686135,-0.005506357623449575,-0.5088924778441183,-0.0588202144773252,0.0005390079540230047,-0.7075525273729516,-0.09346759864857819,0.006225295550228554,-0.8369894267095606,-0.1413749118010565,0.010511319773056773,-0.9565308031159868,-0.17764344958304695,0.0538004693896773,-0.438216359888409,-0.07989057339148496,0.059293690013812225,-0.6030591926993316,-0.11608847536577656,0.06221862727193358,-0.706455666126603,-0.15001672123191281,0.0650778013370572,-0.8036341944675482,-0.17748338150211193
B,0.0,0.0,0.0,-0.08375585855985365,-0.07575471683027726,-0.07790021560411954,-0.1330401987952674,-0.251882014880862,-0.11443950973060846,-0.07481239016449541,-0.3916455457355441,-0.14715805739941734,0.010705153933610184,-0.4389879862544714,-0.18125424611740212,-0.12219360791343323,-0.4945374076342372,-0.05359041032178132,-0.1310176264497487,-0.6865677674069787,-0.09758221833211765,-0.12683232405931238,-0.8059940402995361,-0.13582210387132904,-0.1193299294654179,-0.9132868379687448,-0.16438330273535606,-0.05999549064789156,-0.5257228155627016,-0.05175606744791686,-0.059980299568093615,-0.7465133273741659,-0.08315722868603784,-0.05334547553676481,-0.8786054428839386,-0.1273579440259902,-0.04691948887613193,-1.0,-0.1649679494308165,-0.0026416488238106585,-0.5050001838920186,-0.06175990819263156,0.0017711999513885445,-0.7074668954389982,-0.09687903124357605,0.007797421354180825,-0.8400924976853592,-0.14521020118058903,0.012587408673626847,-0.96152679146805,-0.18207454443822815,0.05799746388920426,-0.43721254879134974,-0.08100311358242668,0.06236593872078316,-0.6050996854646952,-0.11762145129452213,0.06433486256869966,-0.7102816426194538,-0.15198583252986073,0.06626237073590388,-0.8081475357669976,-0.17994631413506215
B,0.0,0.0,0.0,-0.08554725082648106,-0.08289829561128984,-0.06846275825697537,-0.1353964256670611,-0.2745165121387026,-0.09682324272602413,-0.07402913047718836,-0.41815424333884127,-0.12217407788970845,0.015835428847513766,-0.4513729179879517,-0.1489005830505203,-0.1311779050970054,-0.5014829481663672,-0.043600757610713275,-0.13686343894747108,-0.6915622980430957,-0.08286115106688716,-0.1305470341789502,-0.809347830705764,-0.11659447338939553,-0.12192571716606293,-0.914688552026608,-0.1415860417017079,-0.06840700157977038,-0.5331834171455357,-0.0435739929622034,-0.06529321612172145,-0.7520205519041477,-0.0691974202809719,-0.05897003588988015,-0.8800266618664042,-0.10757316355348052,-0.05340470377758011,-1.0,-0.1413260332967875,-0.010048513990327985,-0.5118623724393558,-0.054870091416209965,-0.0038258782882536384,-0.7153439651784682,-0.08509875305643086,9.786780351691716e-06,-0.8464613093440666,-0.12840589392634347,0.0034556535887956255,-0.9666282918923133,-0.1619526348364739,0.052660071993898404,-0.44377779090117175,-0.07490468162029529,0.05799838426111732,-0.6122800504763652,-0.10769649162425851,0.057420880572672195,-0.7185988642985112,-0.13883699156311205,0.05682213036961742,-0.8183484063692031,-0.16447823061300137
B,0.0,0.0,0.0,-0.08198915965483944,-0.08624094482247331,-0.09480641806110461,-0.12506577486267925,-0.2681702538386652,-0.13597167769356025,-0.058655376661157235,-0.41289508577847456,-0.16937757164649228,0.027914628495784587,-0.46505123633106216,-0.2030462477200768,-0.11236802023769203,-0.49899574882760767,-0.06107257442892981,-0.11375700675724827,-0.6938643772447819,-0.1039155526411789,-0.10450444993043688,-0.8121524633960865,-0.1408857744754657,-0.09205513191870363,-0.9203475714007965,-0.1685515505461877,-0.047482294514339246,-0.5281617082494524,-0.04897918038298725,-0.04035317917015693,-0.749021419735584,-0.07826947300682717,-0.029914989683052482,-0.8777962359314452,-0.12198196295184109,-0.019847354171953678,-1.0,-0.15907304377103762,0.010124098377747432,-0.5070756725843544,-0.05049379130962868,0.020719858655499215,-0.7068902292716281,-0.08523063320756186,0.027921018866738617,-0.8337722701145023,-0.13513027155633553,0.03315315697018332,-0.9577620553253806,-0.17245521369065114,0.06948618003495796,-0.4387423855009661,-0.06234135303732937,0.07937716118187547,-0.6098166427494632,-0.09839701868331666,0.08319588929321359,-0.7085693211246318,-0.13367443781733035,0.08686711363664018,-0.801719394959678,-0.16188175405674235
B,0.0,0.0,0.0,-0.08285175474417565,-0.08176803901534961,-0.09266933080780382,-0.1301340612071283,-0.26875150574487594,-0.13149392798811424,-0.06666786408793585,-0.418081318461757,-0.16263936237172952,0.020437902895765418,-0.4696033868615277,-0.19407054501276286,-0.12352914486259021,-0.4942123731518953,-0.059740443826212394,-0.12854000651258626,-0.6898065852924902,-0.10187399964239675,-0.12209263518131555,-0.8080870665786513,-0.13743336014422908,-0.11201193146178368,-0.916274424610629,-0.16364621058230466,-0.06009560468710269,-0.5260341897418899,-0.04733894471415964,-0.057460387250986476,-0.7478726104085498,-0.0752364295703679,-0.050469525208117504,-0.8773750566362942,-0.11666583240796932,-0.04309311330865953,-1.0,-0.15200329268834303,-0.0021600094249918742,-0.5075479350742355,-0.04848692596828227,0.004704282220911656,-0.709710943000422,-0.08173329348942776,0.008953148517792863,-0.8401303318831176,-0.1297465464688667,0.012327303525559526,-0.964840346882056,-0.16568665106114056,0.05784920280194598,-0.44420009463586446,-0.059888958699743186,0.061622663166831904,-0.6162185169126105,-0.09472392881393907,0.06205413066547875,-0.7175328253001457,-0.12914554737420625,0.06427094338043009,-0.813419549643923,-0.15664817390786415
B,0.0,0.0,0.0,-0.08423344754512807,-0.07750098044688039,-0.09767320560569,-0.13398209610966388,-0.25655083508819215,-0.14003434267487375,-0.07320584367014052,-0.41026523832919,-0.17458761509338744,0.011628024571767231,-0.4770726848197545,-0.2092678888373971,-0.13209154756171704,-0.49172426844470757,-0.05923657292542731,-0.1401046439518119,-0.6858011232996252,-0.10301127721152928,-0.13442193528005747,-0.8053295410614618,-0.14099725912593708,-0.12502540166194617,-0.9158081226203665,-0.16914548537335075,-0.06940049731104167,-0.5261618539980917,-0.0465024271523784,-0.070122164323847,-0.7479360049651763,-0.07632770087431791,-0.06279933382692318,-0.876803126881029,-0.12063394034942529,-0.05517165544970622,-1.0,-0.15780726464013015,-0.011107056530005306,-0.5112024611772928,-0.04829252494339903,-0.007803457598515006,-0.7130699226387043,-0.08302834081460884,-0.003480607378112112,-0.8407952618504165,-0.13302626370318107,-0.000599303219212613,-0.9663264338592127,-0.17036711184965736,0.05087707741174986,-0.45139064775201787,-0.060969221893149024,0.053384473576712124,-0.6242166552097279,-0.09712041739020612,0.05335016701540348,-0.7264623325410976,-0.13301655561681727,0.05437891686363606,-0.8255445985017643,-0.16162678899586103
B,0.0,0.0,0.0,-0.08369880607419176,-0.08782609577379169,-0.08620077405883611,-0.12918243282617334,-0.28268012881776433,-0.1202465466105271,-0.059946732747607756,-0.4291860856192712,-0.14801288989709044,0.027641870391326536,-0.47006096255129637,-0.1759548176946871,-0.11773172054984432,-0.5151361850448787,-0.04849322913528394,-0.11793854926939862,-0.7065403443667638,-0.08746454579127524,-0.10732199322290821,-0.8210954787583973,-0.12047290677812555,-0.09496394668779015,-0.9241295326855958,-0.14414467057752883,-0.05302071939988641,-0.5442879783891476,-0.03858301591967398,-0.04623984044013347,-0.7614864155801032,-0.06237800422035187,-0.03650239807699379,-0.8837175464909547,-0.09937485029617091,-0.027151247746477102,-1.0,-0.13121688299856465,0.004792611144781692,-0.5227849383246043,-0.0424281609483875,0.013281140336034974,-0.72551654342664,-0.07166016074143661,0.019493087608272026,-0.8509168083091148,-0.11448288348454495,0.024870634316683966,-0.9711953441670208,-0.14678358452761897,0.06563360628290187,-0.4578377883767146,-0.05666837326484839,0.07326647785350639,-0.6286593748446189,-0.0872642377349851,0.07594938719203687,-0.7306025386056861,-0.11752902583572448,0.07868030815891043,-0.8290373717384009,-0.14206630460504352
B,0.0,0.0,0.0,-0.08077517288833146,-0.09643519860790199,-0.09302479879382772,-0.11884385227156787,-0.2848007675490843,-0.13377513509457603,-0.04733475095169679,-0.4231570624772356,-0.16744866924192273,0.03844287032991527,-0.47067042903549455,-0.20119959899874437,-0.10193244049758243,-0.5139680903959183,-0.06003242592923988,-0.09774675133611742,-0.7044485111911359,-0.10488721544548636,-0.08354647411177434,-0.8182932800959221,-0.14194170107964985,-0.0684004898401774,-0.9219002923804225,-0.1686540553840975,-0.0357197562859368,-0.5382354500965224,-0.04971674791408865,-0.022108358698903083,-0.7585581372936195,-0.08188631711801221,-0.007009888601470759,-0.8818703409525609,-0.1243097445940189,0.005636553986735335,-1.0,-0.15948528355685312,0.022053710668560773,-0.5127323180644583,-0.053456836060284785,0.03692672399056608,-0.7167218396411428,-0.09075646808117702,0.04771432594077392,-0.842091757004168,-0.1380367813166877,0.055533032311522845,-0.964148200074246,-0.17261460744765292,0.08038684883035717,-0.4418330941472498,-0.06761993394809802,0.09356738842447036,-0.6160112402653148,-0.10452008264188896,0.098955872657706,-0.7164187180541209,-0.1381873410148152,0.10345289407085023,-0.8128637425393997,-0.16472774246516855
B,0.0,0.0,0.0,-0.08222289643704127,-0.1014781517682762,-0.08483039802484348,-0.12042266725731957,-0.3012511531872536,-0.11882107626580588,-0.04787429301051288,-0.44424251928728176,-0.1469014903422771,0.04072887614327215,-0.48342467586977167,-0.17531752744086268,-0.09941930037586143,-0.5206883011102516,-0.045676005545591036,-0.09557627590731635,-0.7093566790998956,-0.0856113463571833,-0.082910391979335,-0.8228116197506942,-0.12020225633707246,-0.06709683123154982,-0.9267204346926129,-0.1457718321437437,-0.0335274766652482,-0.5427293093178112,-0.03793554623662439,-0.0226088318312181,-0.757644080155175,-0.06348949507913301,-0.010218207857035826,-0.8820864442761088,-0.10387527324941918,0.0029023711980082404,-1.0,-0.13867301898236278,0.02407732114628249,-0.5134826847602465,-0.04413231686154519,0.037582071779740274,-0.7113514049563223,-0.07662769138921008,0.0466778646429171,-0.8392913735667997,-0.12422375264174756,0.05537349089602786,-0.9615944022042316,-0.16004923368687166,0.08223627409987777,-0.4379356783067601,-0.06023698264136005,0.09163669961134255,-0.6033052569634552,-0.09563507825835059,0.09395437969776806,-0.7033173186714149,-0.1299468840239924,0.09816194547860806,-0.7981469901240131,-0.15726280829217062
B,0.0,0.0,0.0,-0.09530900501912792,-0.06892478697159486,-0.0596556438050283,-0.15758670882592649,-0.25160797506473614,-0.08419450050214397,-0.11414495175483225,-0.4032029964086057,-0.10846877725972612,-0.03340426456032194,-0.44498008203208994,-0.1342739040630661,-0.13051198188646937,-0.49007689258480014,-0.02742833966669997,-0.14284572561179615,-0.6789436694814993,-0.06513786056757057,-0.14275885858559567,-0.7977853182970429,-0.09852975440079795,-0.13929562749709304,-0.9027607608055367,-0.12389046056712784,-0.07060335103675185,-0.5271002603491795,-0.03343019137323629,-0.07566637046893615,-0.746161038489955,-0.0596698131299303,-0.07532424567857536,-0.8788085141593635,-0.1006277209414209,-0.07435466310669614,-1.0,-0.13557931394757192,-0.014475191487214632,-0.510421027988052,-0.05077761236145481,-0.017023647143391583,-0.7141226014338555,-0.08387107731232724,-0.017859646854241937,-0.8508825972294304,-0.13069920761866785,-0.018590764935918776,-0.9737725700647831,-0.16572724818785908,0.04608990370813046,-0.44570616213157943,-0.07608352570068055,0.042254319936142815,-0.6150706046486988,-0.11277325595719094,0.03923855326555517,-0.720137875832517,-0.1459931952525589,0.03772746394159666,-0.8146446966879007,-0.1722503664576206
B,0.0,0.0,0.0,-0.09512072969540578,-0.07068275525982372,-0.0572850342625888,-0.1548295852962974,-0.2545666334833308,-0.08112864475552259,-0.10932366741807899,-0.4066899045012893,-0.10497851743440774,-0.030317529575891768,-0.4511620742219778,-0.13037083775954345,-0.13124161823284564,-0.48726901345897505,-0.027198242333954025,-0.14681623716570613,-0.6755811196068517,-0.06491944045961802,-0.14775039031792556,-0.7939500834033173,-0.097380254737282,-0.14535351052144735,-0.9006428827594296,-0.12206181695693669,-0.07356171088019936,-0.5239390244579234,-0.034495003745119254,-0.08199773781344866,-0.7445181874129012,-0.06062800567507247,-0.082113382013892,-0.8763844493198666,-0.09948347738566618,-0.08117757894441593,-1.0,-0.1330759614725892,-0.018765858892176558,-0.5058406320923006,-0.0530539948867135,-0.023131389960793468,-0.7106573855321155,-0.08593615678379436,-0.02411939041257081,-0.849509697088691,-0.13131347486129277,-0.024555718530715684,-0.976957255593632,-0.165472489911688,0.041272530182611344,-0.4387785452559554,-0.07939143187674845,0.037815953529930474,-0.6083976888559038,-0.11612448658905464,0.034794355063093585,-0.7152351559569288,-0.14895693066698412,0.03321073448166575,-0.8137798389410771,-0.17491642879815283
B,0.0,0.0,0.0,-0.09402794107526838,-0.0703669930798229,-0.05522466735418017,-0.15223849019949626,-0.25489024338749267,-0.07971636571318223,-0.10598611464411635,-0.4069944590951536,-0.10465101282769061,-0.027414204955473906,-0.45069415821217096,-0.13134393984943124,-0.13351764540692843,-0.4871278393977723,-0.029533228602269604,-0.1504207437871748,-0.6768486375814577,-0.06871971950718178,-0.15421301194341652,-0.7981387568344475,-0.10250221002578085,-0.15386790166081035,-0.9059839668366844,-0.12826412827497005,-0.07730061224200559,-0.5219952283608766,-0.0387211232527534,-0.08726819203853078,-0.7426919391033766,-0.06664756475663355,-0.08903669960020098,-0.8765451976852188,-0.10663008222510205,-0.089117790288959,-1.0,-0.14108521452784822,-0.02298139341271844,-0.5031962150665331,-0.0586397907530226,-0.028292906581042693,-0.7092511618250168,-0.09254703126026166,-0.03061809076283545,-0.8495341084239492,-0.13836600082699924,-0.03184555540473824,-0.9758342442033673,-0.17304281753968792,0.03713895101377241,-0.437128635693725,-0.08612289539843786,0.03266858936829477,-0.6086591851861485,-0.12345179769789218,0.029015125093710882,-0.7162623650515788,-0.1565581215442968,0.027417857689201745,-0.8135043465339721,-0.18295725006047306
B,0.0,0.0,0.0,-0.09435920221415894,-0.07052063380264083,-0.059417693660320486,-0.15320514079760725,-0.256486554927693,-0.0840797408287065,-0.10719369497596078,-0.41060976162931695,-0.10798777851284025,-0.030387038498120758,-0.4579470169108568,-0.13316047841022574,-0.13955130350428727,-0.48237262746361437,-0.028572709341803334,-0.15691940742889043,-0.6705421353461445,-0.06655241565286352,-0.1612962930553229,-0.7911388638970155,-0.10013502729748515,-0.1620830638199385,-0.8967164428589338,-0.12566923528884452,-0.08253021020437538,-0.520138195634758,-0.03397724016705186,-0.0926035047515911,-0.7412046364756899,-0.0604640857406091,-0.09603289378987563,-0.8760863190536178,-0.10157131790263217,-0.09817947645527411,-1.0,-0.13680279344784094,-0.027784565963485237,-0.5056230107947035,-0.050559781003019014,-0.033289961172212716,-0.7110553293289983,-0.0829340693001432,-0.0374269724362356,-0.850226248384259,-0.12987316207073138,-0.040773641250675494,-0.9760366369157214,-0.1653804252706968,0.033319963325938756,-0.44484264763291936,-0.07502812676641131,0.027986723332639237,-0.6162168069922163,-0.11045562531184261,0.02371427377465311,-0.7234174310370137,-0.14380725162501723,0.02119880748582309,-0.821412037078376,-0.17060221083458907
B,0.0,0.0,0.0,-0.09400897597623173,-0.07653885922109514,-0.06183712756983861,-0.1508418692939192,-0.26251515381876234,-0.08891992564924034,-0.1027907604144816,-0.4168974867380866,-0.11489788280873024,-0.02775570872431281,-0.4637365759028418,-0.14208777930550456,-0.14089864931677068,-0.4809630598339353,-0.03320355923204606,-0.15907165748625796,-0.6683725012988988,-0.0740314326775829,-0.16294234718577652,-0.7881983402674617,-0.10943994490837936,-0.16307638096228821,-0.8938969763237479,-0.13622917793795994,-0.08315438347606453,-0.5185886843484558,-0.03893639229883603,-0.09618395264178002,-0.7391568389519874,-0.06860169831309448,-0.09989403043852765,-0.8743335463393919,-0.11152601524096031,-0.10219446729147173,-1.0,-0.14797402156712594,-0.02737261218398465,-0.5040914596192526,-0.05615164125585892,-0.0353304747081979,-0.7088893544030238,-0.09155280342015289,-0.039782453749773516,-0.8476921898604163,-0.1400090769010701,-0.04359341411178474,-0.9756793712015428,-0.17637671476009628,0.03511813548442779,-0.44229574424183465,-0.08132544041038872,0.02717670567268666,-0.6162660133210712,-0.11893452504257317,0.022479521982396708,-0.7229103162568395,-0.15336961339912475,0.020109496164462014,-0.8203158624544814,-0.18091634088873784
B,0.0,0.0,0.0,-0.09266272599066265,-0.07820274259442474,-0.0631487510027374,-0.15024810111889358,-0.26528697515454874,-0.08784109189616,-0.10010109073701712,-0.4193060466396488,-0.11079166646993621,-0.02045690369861083,-0.4593632332256823,-0.13456050569917571,-0.1431770648002111,-0.4865318895520849,-0.028017612186207245,-0.16208751150864242,-0.6724734821772448,-0.06459132673782882,-0.16577401213864587,-0.7907682479410861,-0.09702449113647828,-0.16533514301602642,-0.8945943391198454,-0.1213649107097251,-0.08575675043200955,-0.5248884044169627,-0.030629029366432192,-0.0977115166009608,-0.7433454583797642,-0.05444769029700999,-0.10101977094623199,-0.8765297390215561,-0.09370297554541926,-0.10316843394689296,-1.0,-0.12757771906556334,-0.030074386520583824,-0.5119327867988168,-0.04517873941113364,-0.037419662169898234,-0.7140120495791381,-0.0754634742501448,-0.04256154187723645,-0.8504746322872925,-0.12141980526405602,-0.0472211683457421,-0.9766405265395148,-0.15608626401258516,0.03263864636960423,-0.45366755958456406,-0.06805378234632481,0.02630169228220994,-0.6276638673376935,-0.10108946251373578,0.02121799326052176,-0.7325123583677401,-0.13326574302393873,0.01762055935916776,-0.8287243934950833,-0.1592383103996867
B,0.0,0.0,0.0,-0.09263204702577019,-0.07699437587843061,-0.06453379593170197,-0.15048376396736263,-0.26697519568203754,-0.08808057752795342,-0.09963148324205234,-0.4241591068395411,-0.10939140354689685,-0.019863811221245045,-0.4659637777984715,-0.13123664202885324,-0.14811673860142657,-0.4838207066714888,-0.024867372626861017,-0.16563417005767053,-0.6713306956051579,-0.05953551669922746,-0.1672953468713613,-0.7917836283272083,-0.09145560089862931,-0.16451916323235036,-0.8989390615491564,-0.11545391929277693,-0.09023556919416466,-0.5247912520401968,-0.02497636434552067,-0.10254843234198355,-0.7426603805864939,-0.04605725990982053,-0.10511974809479363,-0.875890630289984,-0.08486678475059313,-0.10628167674042055,-1.0,-0.11864595658768347,-0.03394367793440041,-0.514926408538905,-0.03723392290936647,-0.04087540235460913,-0.7155335047062585,-0.06473823069340771,-0.045549537531320315,-0.8502301695754586,-0.11016708440055635,-0.04972745641143362,-0.9740446536917006,-0.14476981539487305,0.02956839865933531,-0.4602505047705054,-0.05809610413876147,0.023121918048514274,-0.6320633401261692,-0.08889297470600296,0.017892084144539418,-0.7358417738469324,-0.12048223300196127,0.014036409888809723,-0.8307550875886011,-0.14619322490758632
B,0.0,0.0,0.0,-0.09184738505102129,-0.07961105259825843,-0.06826177558997508,-0.14741656163129996,-0.2690164373154687,-0.0924306113089062,-0.09432060822671524,-0.42659020667506947,-0.11331019437605401,-0.013047694689526967,-0.4668778165305523,-0.13442838218504505,-0.14523240154013503,-0.4864528837244102,-0.026284290118668445,-0.161054324867195,-0.6745448227636099,-0.060497822972436194,-0.16171345776427187,-0.7954102422432101,-0.09215608950759283,-0.1577514661786119,-0.9019779022854545,-0.11610974660884692,-0.08667835005266157,-0.5239889986244683,-0.024743197369561966,-0.09707440532716359,-0.7419764490564084,-0.04523156641132288,-0.09849554822706057,-0.8756982693624785,-0.08410792539630714,-0.09821425488198629,-1.0,-0.11801230760130164,-0.030266444509671888,-0.5115892138750281,-0.035776303833697426,-0.03548468785791161,-0.7125526615674155,-0.06361408651192661,-0.03980451911068138,-0.8484489297903322,-0.11019591373882028,-0.042625941721198726,-0.9744043199751369,-0.14547717650853095,0.03319261471876421,-0.4551412653740122,-0.05562272962764969,0.028179550045755133,-0.6280519968230399,-0.08712708068174434,0.023191233431750034,-0.7323855690039194,-0.11968417747543186,0.020838872869796434,-0.8274206335503105,-0.1459770297467857
B,0.0,0.0,0.0,-0.0899983799992346,-0.07771629959597814,-0.07335759844679637,-0.1440056950364385,-0.2684564270149371,-0.09809684720237394,-0.08666255959545445,-0.4256572153193948,-0.11788142127021889,-0.003909294919844491,-0.4631310269855296,-0.13747405186371753,-0.14422610721872917,-0.4848296855500823,-0.02927581166148504,-0.15780778503884693,-0.6734592080642084,-0.06188647607544904,-0.15754190924715428,-0.7924268273277728,-0.0919202346038323,-0.15290778627614768,-0.8965817264489152,-0.11452675361064234,-0.08413472536383117,-0.5233289461909408,-0.023210511171485163,-0.0923509779136059,-0.7421507653856192,-0.041195786015549296,-0.09349763920137127,-0.8755921419316337,-0.07830140179280293,-0.09327693927471731,-1.0,-0.1110719688966588,-0.027201481768373267,-0.5110918977805414,-0.03008271204827101,-0.031464126766354746,-0.7137464402425455,-0.055675437561441506,-0.03597667774386551,-0.8497780915470201,-0.10153399858209378,-0.03907223160428704,-0.9761215340112399,-0.1364614794492517,0.03637290173213474,-0.4550697967114848,-0.04606144878289618,0.032510365271327106,-0.629715590593867,-0.07557450241384159,0.028422668846234303,-0.7337876912744687,-0.10752045711654844,0.026865252479852858,-0.8286829048484062,-0.1334947451434767
B,0.0,0.0,0.0,-0.09078132271232559,-0.07974725547135576,-0.074165014822695,-0.1454180896981772,-0.27448444595253857,-0.09944450595052044,-0.08648681153888141,-0.43092982512052536,-0.12021851876454576,-0.0023066053129361837,-0.46645781998326324,-0.1410444103695263,-0.14258281823474248,-0.49179327278812845,-0.03001861300080127,-0.15453664344294624,-0.6788201717429528,-0.06456777197674061,-0.15310235169912234,-0.7970237797380118,-0.09603160975554675,-0.14806372777702229,-0.902869059373708,-0.11938349194980835,-0.08122625166325784,-0.5308842842666445,-0.024305172731063283,-0.08848913818909203,-0.7467767011376417,-0.04401782218271996,-0.0886516604890407,-0.8766181748385196,-0.08190614881302989,-0.08849908853398684,-1.0,-0.1149655478295032,-0.023828768696734108,-0.5182852008231964,-0.03180473821464355,-0.026434172772308855,-0.7170605008369105,-0.05893534049315717,-0.028842733068442653,-0.8475399502742329,-0.1045337288184896,-0.031713768090339906,-0.9706746031002103,-0.138913495340136,0.03921603972523781,-0.4597246090632068,-0.048662123129891856,0.03632971866625577,-0.6301592358019754,-0.07924604487951435,0.03314142627090059,-0.731747858837197,-0.11106718476218393,0.0310718987406757,-0.8257403308965564,-0.13664400553469697
B,0.0,0.0,0.0,-0.08935911405612494,-0.0813450226216549,-0.07399629275449743,-0.1404466344154698,-0.27096743328660566,-0.10127002814812636,-0.08228347839434308,-0.42430703070020825,-0.12411291861214092,-0.0011384900849321987,-0.4638144577689844,-0.14709535613429972,-0.13481561071241555,-0.4895188668923412,-0.033264443682264944,-0.1449075152052816,-0.6787151206428039,-0.06925309294551285,-0.1420574598561921,-0.7970848467793537,-0.10144734360671731,-0.13560823222133622,-0.9034913936827025,-0.12537960987840294,-0.07371177686114656,-0.525984153640227,-0.02841672811313481,-0.0787049743937291,-0.7453168628780689,-0.050359091546718,-0.07743640419245325,-0.8767350700185133,-0.08901004944946808,-0.07585708704657866,-1.0,-0.12245473136239159,-0.017041217908331963,-0.5115529209995993,-0.03646965162400293,-0.017785709774205488,-0.7142249689361455,-0.06542669147317937,-0.01918681716068927,-0.847424551003185,-0.11120972987152891,-0.02078044311936166,-0.971634874363565,-0.1456233370177258,0.04415309389052718,-0.45199870266763964,-0.05372179353765199,0.04231159304348882,-0.6253943414860323,-0.08573219311775337,0.0400944497271425,-0.7281272813703737,-0.11778241618347289,0.03913330220082549,-0.8221614748078897,-0.14345685268002223
B,0.0,0.0,0.0,-0.09119509937643347,-0.08078850438711506,-0.06939143642231624,-0.1441760193995927,-0.26823517530385027,-0.09521439975342508,-0.09097073707320236,-0.4221827181349582,-0.11732992934027137,-0.012575334951113692,-0.4648366602265313,-0.13987238746743716,-0.13539217784643176,-0.48276147245938383,-0.03225872658618106,-0.1482957359112237,-0.6730760071772984,-0.06828673629745374,-0.14866226128510826,-0.7932421041396853,-0.10035551883644314,-0.1452185007663321,-0.8993466810732896,-0.12455081990942286,-0.07527039674255774,-0.5181709078410321,-0.030216986142236342,-0.08229262123454353,-0.7400779931566629,-0.05362055699238011,-0.08298980844279363,-0.8752171178682483,-0.093018726273451,-0.08273187786657271,-1.0,-0.12701333605518836,-0.01882075517711711,-0.5031683285352699,-0.04036706044073116,-0.021936292582215012,-0.7096729560795011,-0.07109429107398946,-0.024416758429509782,-0.8479335715437446,-0.11803600174043731,-0.025829351524085668,-0.9741497041688352,-0.15319971808107094,0.043078996761952745,-0.44321668406287423,-0.05906318085213474,0.040009221233281135,-0.6173173842913107,-0.09303030123083077,0.03628773346446956,-0.7227467225028504,-0.1262308115546527,0.034745314356834756,-0.8177025443603293,-0.15265633166204823
B,0.0,0.0,0.0,-0.089711351354986,-0.08096946470036212,-0.07243936122277611,-0.14174091359325175,-0.265401899097048,-0.09885389473809855,-0.08913279365612342,-0.4199765214876458,-0.12098971759586313,-0.011201043006193815,-0.46451473437241475,-0.14318948188081254,-0.13630627677161655,-0.48406859685666054,-0.0298954954008075,-0.14863725269215672,-0.6718406139349856,-0.0648112052917478,-0.14800103951539068,-0.7917131481171373,-0.09655983620662936,-0.14321420419238304,-0.8977567369460236,-0.12055357286172892,-0.07694288051774906,-0.5193573975089829,-0.026120496725953565,-0.08363062982314719,-0.7387355610046102,-0.04811766879987189,-0.08331059184778725,-0.8739861559612152,-0.08741418237455373,-0.08206391732061404,-1.0,-0.12132899790814122,-0.02071205087473589,-0.5046619031987416,-0.03518691451314061,-0.02266518383835407,-0.7081463971299303,-0.0649163138746813,-0.02444391971124191,-0.844428138133655,-0.11209188038445975,-0.025553966493011133,-0.9715568216552258,-0.1473367688078764,0.04113811341118635,-0.4454528748373254,-0.053163837532562284,0.039301865126097034,-0.6189567348572644,-0.08633037026588761,0.0357638503157925,-0.7227491848652797,-0.11963949926687197,0.034233047304459766,-0.8177581876322418,-0.14611047220163093
B,0.0,0.0,0.0,-0.0892128925907068,-0.08211913059796619,-0.07056372165177657,-0.14094208743576614,-0.2705011181653814,-0.09537991825191826,-0.08619628665743773,-0.4247831769753122,-0.11616303804140571,-0.0060740077615263795,-0.4648095325549095,-0.1370288231970535,-0.134272602750903,-0.48833072788322124,-0.027257572937426994,-0.14630052088485007,-0.6775204741714032,-0.06054434378058653,-0.1459475290355836,-0.7966003993417117,-0.09092839723065242,-0.14161600699227325,-0.9003586746458666,-0.11396384406809024,-0.0748752110829707,-0.5227350512747143,-0.023932096899432705,-0.08131466417749679,-0.7427118849321006,-0.0437468800470636,-0.08210352795742684,-0.8766226209372835,-0.08162740733615348,-0.081875214088984,-1.0,-0.11470602517695701,-0.018979968070412856,-0.50675172062055,-0.03339391968936519,-0.022048821377965093,-0.7117742821819133,-0.06145108622550886,-0.024865169567063944,-0.8490363651745055,-0.10823641353813152,-0.026486126461262437,-0.9749626288130384,-0.14339187345315868,0.04241527730401259,-0.4464470855054762,-0.0516335227839557,0.04049357593483078,-0.6203476755000038,-0.0837226433489946,0.03719669504581809,-0.7254003258232147,-0.11673699870872349,0.036213871835330015,-0.820717644167325,-0.14310554173844423
B,0.0,0.0,0.0,-0.08465994449894566,-0.08414605900739393,-0.072484673451263,-0.12930534549028172,-0.26393116208422496,-0.10748186037995305,-0.06897435633228087,-0.4022093015405855,-0.1388244973891395,0.013634716040957952,-0.4355244512594788,-0.17149770900646413,-0.11290039885006192,-0.49334474127992306,-0.05590086430601994,-0.11978110427210714,-0.6845651162813126,-0.10154165829666616,-0.11282568140206073,-0.8041258243854705,-0.1392254945625155,-0.10231772813071817,-0.9087571031700248,-0.1674045684285805,-0.050702894747835466,-0.5196098023403718,-0.05690185984495177,-0.04897535831762296,-0.739349654662757,-0.09148237137217387,-0.03968430456963689,-0.8748236056579585,-0.13510364969329716,-0.029729828915824957,-1.0,-0.17201085849054573,0.006253728575774279,-0.494498039606034,-0.0688642590506322,0.012873532039445737,-0.6950577402936223,-0.1074255304289209,0.018696620106495712,-0.8268424665346287,-0.1552030112093548,0.023915572938416427,-0.9499538777111913,-0.1910685537100554,0.06521005881613351,-0.4221131769346223,-0.08933921279256271,0.07110360056377157,-0.5873792383053615,-0.12868185761865608,0.07275611499116766,-0.6870388120088197,-0.16289987277705986,0.0760311959557963,-0.7778155876940972,-0.1902375758967214
B,0.0,0.0,0.0,-0.08591474271807593,-0.0814238031878167,-0.07147191459273392,-0.1318337338005722,-0.25855988569219096,-0.10708896464788954,-0.07344329530113024,-0.397922687890618,-0.13929570971840588,0.008546482630444283,-0.4339106194488986,-0.17298467349521,-0.11748392851050557,-0.4892125660608483,-0.05891266823674209,-0.12667426579652366,-0.6819052371042238,-0.10664613053392939,-0.12137508102760056,-0.802246759302131,-0.14563469792533618,-0.11233126357567694,-0.9072452788730381,-0.17461727049276168,-0.054714344200373334,-0.5164976459349733,-0.06120753006132932,-0.052608946584331254,-0.7377291923558683,-0.09897824652402576,-0.04324579103245815,-0.8747057418716523,-0.14401735706435598,-0.03333859301968544,-1.0,-0.18149711539496807,0.0028022552885232426,-0.49268766520288987,-0.07403695091909278,0.009613142961118124,-0.6945557473953383,-0.1150797659844591,0.014887653911825725,-0.8291174611839208,-0.16311409274866756,0.019775405300464153,-0.9541617826721969,-0.19879572119223907,0.0625475199461928,-0.4218252208255961,-0.09522269212262274,0.06640130635175158,-0.5904669098713143,-0.13613857790863515,0.06603668214923375,-0.6916609399039203,-0.17054524010355301,0.06775379712800818,-0.7823655510445453,-0.1978547145654404
B,0.0,0.0,0.0,-0.08602972736973687,-0.08139169936536264,-0.07054680210317811,-0.13138827595966507,-0.25652947236925006,-0.1057016941702671,-0.07238931234105707,-0.39514291472525315,-0.1375281762327912,0.008485773231368407,-0.4318347023056256,-0.17076855536912242,-0.1178315893972293,-0.48864024462141253,-0.056899011237557015,-0.12717428227765437,-0.6794622516364948,-0.10405120440960741,-0.12300149154683306,-0.7988758817558724,-0.14287475511105968,-0.11526072871437738,-0.9027832644396251,-0.1717597406844313,-0.055727856236900894,-0.516789592195571,-0.05936911544439868,-0.05430477751779789,-0.7372395731862588,-0.09653333173934181,-0.04608595871586374,-0.8747673940801838,-0.14145559321571172,-0.03732183665868279,-1.0,-0.17892195812756334,0.001369667486079761,-0.4935049905930102,-0.07237559636341372,0.006731137924793525,-0.6952661268096616,-0.11278366759426185,0.01107433592287947,-0.8294384505737028,-0.16076135044812678,0.01506959788869974,-0.9541164444233738,-0.19649023523277218,0.06085818320622647,-0.42266618091269725,-0.0936520182645423,0.06424720224331248,-0.5903640234956523,-0.13410688155060685,0.06354583645195588,-0.692020097273555,-0.1684639115320106,0.06471915407187402,-0.7836412177232104,-0.19579899214176952
B,0.0,0.0,0.0,-0.08622374219811847,-0.08055449821269384,-0.07194339225221316,-0.13289716309587482,-0.2564508997675732,-0.10839849515885193,-0.0750766687229578,-0.3958928528134856,-0.14157137441864404,0.005854762548691634,-0.4359815337363474,-0.17624973681934777,-0.11770700478958103,-0.4893455164305659,-0.05886175407145597,-0.12743254862708386,-0.680238628715905,-0.10714867184622331,-0.12315504965518706,-0.8002141443317141,-0.14675688510372548,-0.11490806335342034,-0.9051860367445691,-0.17637505079680935,-0.05616516051853913,-0.516349852634727,-0.0616073589206774,-0.05600729184524946,-0.7364827743980926,-0.0999591731219557,-0.04685121375647085,-0.873432425320773,-0.14556501728199142,-0.03656210010266547,-1.0,-0.1836306818061813,0.0008141469442220905,-0.49129935727729096,-0.07509531452186657,0.00631657670371735,-0.6917421011405529,-0.11667778202142857,0.012507915670478573,-0.8246643727762233,-0.1651397670568405,0.018136193090973578,-0.9492845108111833,-0.2013140062947689,0.060409113668036946,-0.41799639850017645,-0.09699768057479548,0.06474882489238272,-0.583621272544508,-0.13875567277803477,0.06521165558748113,-0.6837585511986253,-0.1737186028653388,0.06746380011853874,-0.7749900239298616,-0.2014766018793966
B,0.0,0.0,0.0,-0.08734758358155333,-0.08024776984209896,-0.07128479518369332,-0.13357230399963307,-0.25812715148766374,-0.10555693305216943,-0.0743231047161374,-0.3981657285692082,-0.13634503683827812,0.00576373193769572,-0.4339185804449359,-0.1685161825062553,-0.12135187954981515,-0.48726212286061543,-0.05513108182109169,-0.13041540433316942,-0.6740411913540454,-0.1013605670438272,-0.12644486968131866,-0.7932321428116424,-0.14034965130952495,-0.1184003506080859,-0.899539521124392,-0.1693907025222569,-0.059724660539518575,-0.5181320436935135,-0.05625948056644474,-0.060797786276852984,-0.7361391832564255,-0.09171579979306853,-0.05348465197815834,-0.8722764809751797,-0.1368174532057643,-0.04456065698247724,-1.0,-0.17473319515209784,-0.0026145782638274887,-0.4973825169889492,-0.06802028609871419,0.0033987580931608492,-0.6946313646451494,-0.10624825015119328,0.008746142928851529,-0.8247346870134867,-0.15401745524418342,0.013787866819887836,-0.9470643962075213,-0.18993555920865376,0.05771233319998675,-0.4289889696046231,-0.0882793373165422,0.06241557759879326,-0.593546467037489,-0.12665497846305102,0.06452187605902243,-0.6932122682253778,-0.16051817760895343,0.06787079480508891,-0.7849102968193018,-0.18771949187967077
B,0.0,0.0,0.0,-0.08729287562085933,-0.08267101298672935,-0.07156554007539068,-0.13515435243083046,-0.2628352650673865,-0.10528241379904463,-0.07711981229040057,-0.40477612389278605,-0.13542736648171633,0.004302605494704854,-0.4426210238501257,-0.16674816334918463,-0.12123622463134248,-0.48793132808806594,-0.05300283386273329,-0.13054464608661728,-0.6774734367036922,-0.09792527003680271,-0.12537626550326164,-0.7976489735300908,-0.1354209792785397,-0.11600675354018462,-0.906092351334498,-0.16350780382794053,-0.0599376176288456,-0.5172281413166643,-0.05377550516314416,-0.06163620159620328,-0.7361091980979733,-0.0874164020748181,-0.05347582840222361,-0.8715837348428835,-0.1305935414195879,-0.04397228819184356,-1.0,-0.1672353549979371,-0.0029071046200185866,-0.495489964931164,-0.06555223295568863,0.0023726399413036632,-0.6942745625821773,-0.10286763248194358,0.007456441592272061,-0.8247670808493208,-0.14946186757779129,0.01190286217785703,-0.9490761683250559,-0.18458310184505392,0.05726210063368267,-0.42654917234724254,-0.08591454010207271,0.06182719957506556,-0.5926692008753764,-0.12407395830615807,0.06302737565583441,-0.6917376581978877,-0.15741602167566118,0.0654505981255207,-0.7832410914741242,-0.18413025429080157
B,0.0,0.0,0.0,-0.08720875625250069,-0.08090174207320075,-0.07317321281422819,-0.1330337056801194,-0.2615896505881871,-0.10749387000278858,-0.07111693277938526,-0.3997313840054319,-0.1377371742050235,0.011698470684569435,-0.4317849019770915,-0.16924325571748217,-0.12270520966901727,-0.4917258453521613,-0.05779184259750241,-0.12805146238900247,-0.6775841049009178,-0.10399324025302929,-0.1216572473149779,-0.7951309627102907,-0.1422554321897498,-0.111840474703879,-0.9008085684861139,-0.17049890205299645,-0.06084967393278725,-0.5222893969090955,-0.05759841410037415,-0.059609828233891216,-0.7407124323443117,-0.0917841775561032,-0.05097559492112198,-0.873585080144139,-0.1351388487311492,-0.04123143800171547,-1.0,-0.17208259908543516,-0.003877284859979982,-0.5008057548866637,-0.06826040439924874,0.003877595183448753,-0.698247872318857,-0.10535475214690032,0.00959509821324022,-0.827326867433538,-0.15181661463388224,0.014938661463162743,-0.9497732156090222,-0.1871090820902601,0.05644183938236527,-0.43127928160530743,-0.08765820076126465,0.06270685645222487,-0.5939778420768005,-0.12524134029759174,0.06515044688648326,-0.6939689254491311,-0.15847659589862004,0.06853204172567985,-0.7881015154956921,-0.1853737273926041
B,0.0,0.0,0.0,-0.08823324965220063,-0.08326406175639832,-0.07327508034319014,-0.13427282142091782,-0.26344052782859473,-0.10698587303105865,-0.07170940255814194,-0.40197460565386334,-0.1369940198490027,0.009374700023373485,-0.43492022103265526,-0.16812417267998656,-0.12311152868035484,-0.4970192667345982,-0.0522153397344139,-0.1312875501331349,-0.6831990559205016,-0.09659938755000747,-0.1281964628411245,-0.7990484674671311,-0.13372596303125406,-0.12191850929061314,-0.9031133823290263,-0.16109851320656587,-0.060872284781085265,-0.5287640680028527,-0.05180993750706709,-0.06052130879128119,-0.745732950943551,-0.08363252915456462,-0.05506500423424182,-0.8768025158368973,-0.12551531913713113,-0.04840425514876011,-1.0,-0.16128139550852416,-0.003930888375006793,-0.5077111677954597,-0.06278504119553965,0.0012017751035122905,-0.7051140202148075,-0.09842748982485935,0.004771116565991975,-0.8342792173630502,-0.14401570187927762,0.00846485323021238,-0.9566453892144342,-0.17857639942350279,0.056073833303809495,-0.43884993486069285,-0.08267552697001404,0.06085466657654688,-0.6006881457138699,-0.11900042742982782,0.06322436847545833,-0.6996021382307244,-0.15119138303376758,0.0666152855756129,-0.7929865771704587,-0.17715850767765295
B,0.0,0.0,0.0,-0.08475918256788081,-0.0853995164952576,-0.07440973240891385,-0.12764705635958884,-0.2671685372429575,-0.10787792708073841,-0.06298288852035498,-0.4017937512559384,-0.13759351066262807,0.01930077296532069,-0.4320104885021825,-0.1685731549819414,-0.11814386505429682,-0.506146647209623,-0.050261517095395634,-0.12158869403562564,-0.6911664205537524,-0.09400639936449334,-0.11341579055731929,-0.8056525310965251,-0.13156688578843673,-0.10292256266320486,-0.9088673897649893,-0.15904471065506692,-0.056425748813175115,-0.5344095174973232,-0.04900895178579225,-0.05153560388741336,-0.7512516423190485,-0.08003225523651764,-0.04212939707330234,-0.8802476745471131,-0.12266701481110477,-0.03235684020446436,-1.0,-0.15896009088099247,0.0003675314826372521,-0.5098535920832301,-0.05948671371453561,0.008822474023890836,-0.7074352735923904,-0.09416977204904231,0.01543395941494401,-0.8332329119609587,-0.14012305522109464,0.021990991719586583,-0.9505894090143164,-0.17494336057295232,0.06028515158847816,-0.4382749562952225,-0.07913929040343783,0.06667517294762075,-0.5987271510499619,-0.11461899363304286,0.0703806678869743,-0.6982363536752665,-0.14715839130028122,0.07473455194400204,-0.7932935063244521,-0.1734801218301076
B,0.0,0.0,0.0,-0.08604751659199059,-0.09410962405403947,-0.07116149768136834,-0.1287129207566041,-0.2806590695960919,-0.10295202672864932,-0.061717630490312834,-0.41505602537913366,-0.13154215637345737,0.02316594300043058,-0.44096011593463974,-0.161200318731251,-0.11121158227200183,-0.507343789242692,-0.0469154993395126,-0.11328576152168211,-0.6944585516119884,-0.08982424636137049,-0.1051611433312156,-0.8093845258078263,-0.1258850742410221,-0.09460238180309365,-0.91262854393083,-0.1525385024381794,-0.04874515541854763,-0.5330205428240682,-0.047463137871836196,-0.04292532888082257,-0.7505999586518735,-0.07824810329774078,-0.03191822219932506,-0.8794039252296186,-0.1194122992732046,-0.020636867739512132,-1.0,-0.15452863085053792,0.007686821028564627,-0.5069818821036559,-0.05971015401159553,0.017513996074370666,-0.7053512958596135,-0.09519248701412905,0.025548123601142024,-0.8321524764352319,-0.14078924740395615,0.032348913345918384,-0.9540001536675811,-0.17505099736681612,0.06607272962255734,-0.4325589183045847,-0.08074401484072984,0.07427651326482099,-0.5971547736767434,-0.1173434911718142,0.07882791606996493,-0.6970666812932148,-0.15003078685999513,0.08362902869431188,-0.7917506157251233,-0.17624154638866202
B,0.0,0.0,0.0,-0.08471126129697416,-0.08415447157939042,-0.07735713816562713,-0.12847201185185048,-0.26718638380970017,-0.11211076338959185,-0.06389445370252601,-0.4013588006106809,-0.14268136710096632,0.019533094721966498,-0.43106578140412316,-0.1745267154558981,-0.11439685856086393,-0.5035794334147563,-0.05308351285636199,-0.1174340208566534,-0.6912249297834415,-0.09781797718171134,-0.10908790073742211,-0.8069083056141054,-0.13555304191099907,-0.09855551920874865,-0.9114710775785688,-0.16325803356879343,-0.052406941187172665,-0.5318296466511961,-0.050791275901381265,-0.046651733640446,-0.7510066179686967,-0.0829848478780204,-0.035644474165862694,-0.8796438555625542,-0.1260837022408184,-0.024717957964070645,-1.0,-0.16251441548610962,0.003604234803540575,-0.5075687470250749,-0.06058989490513431,0.013537293255301758,-0.7063361326087316,-0.09698017808908577,0.021699608500291862,-0.8337573134154129,-0.1443794150710004,0.02819938353504448,-0.9553312673883588,-0.17989316342436637,0.06199786316609329,-0.4354571170550182,-0.07965750349096029,0.06929186689138458,-0.5994492747916172,-0.11686347922930114,0.07341526574848752,-0.6994713769479826,-0.15072868744966741,0.07742111361799563,-0.7957382742451687,-0.17784225800424341
B,0.0,0.0,0.0,-0.08432584577925599,-0.08548962196137824,-0.07692902392997719,-0.1290130078102654,-0.2623400982893166,-0.1138842250601796,-0.06877548563845505,-0.3981912435735007,-0.14670558596923258,0.013757505788004588,-0.4356788461927222,-0.18050296122996853,-0.112328242396268,-0.4943463765361584,-0.058115543518437916,-0.11671618245528141,-0.6833530911069005,-0.10521840136317727,-0.10985272946990364,-0.7997141805021775,-0.14341917788576858,-0.10048181194175687,-0.9037990287568849,-0.1716066634576168,-0.05115871615210125,-0.5216009209930538,-0.05730350778080075,-0.046976495346400686,-0.7426738476695628,-0.09425064804047031,-0.03612486617956427,-0.8753555769426568,-0.13829312476510028,-0.02559004957846294,-1.0,-0.17483317762167616,0.004629051872035988,-0.4974904155903734,-0.06816007946329974,0.014540443280750189,-0.6967816181367698,-0.10890159322151216,0.022994718090581234,-0.8271811417627474,-0.15649669797580823,0.029078182963189217,-0.9529285100402117,-0.1913292441626378,0.06243100063798775,-0.42476724629971097,-0.08791357489332764,0.06881468781396688,-0.5948001693681451,-0.12852732058930666,0.07046855263540312,-0.6946212587499041,-0.16297564090819364,0.07219578328373767,-0.7872666295413462,-0.1899014831113264
B,0.0,0.0,0.0,-0.08319370710174867,-0.09733801519095342,-0.08107395640594807,-0.11985509664505217,-0.2860786441019259,-0.12209981446179562,-0.04053788254062741,-0.40486970971842684,-0.1585012780007309,0.05305507038485461,-0.41948382104557624,-0.19656174638716373,-0.09032054826725512,-0.5168402598929196,-0.07334104019543988,-0.08439059604680231,-0.7036742998556468,-0.12743656873511083,-0.07058855278546224,-0.8143650546313309,-0.16985678619393849,-0.05552111571587193,-0.9124729710688912,-0.20073105550783374,-0.02165155883594668,-0.5353067318224032,-0.0740716046651331,-0.005959014889687708,-0.7534942021272317,-0.11733772095317634,0.01301696195982034,-0.8803737718751727,-0.16468877217846625,0.03217613742075557,-1.0,-0.20411242895768417,0.03664063049385,-0.4982694737399322,-0.08660311300988176,0.05637599932117908,-0.6972792151833763,-0.13294236329940562,0.0723053261752671,-0.8261361492637933,-0.18428867199010382,0.0865972830037099,-0.9500768863294135,-0.22233981502228994,0.09430511806579632,-0.40919706332106903,-0.10809384597558962,0.11046058881486846,-0.5727312759212412,-0.15372308001077775,0.11926696682522256,-0.6745472775674338,-0.19148049871120418,0.1288058797931672,-0.7713033906533937,-0.22142413010729436
B,0.0,0.0,0.0,-0.08210603199168477,-0.08232693729481665,-0.08613546828307324,-0.12104384778730777,-0.2593882838467147,-0.13062438375295668,-0.049130999398575737,-0.38505875697990527,-0.1689062672196632,0.040814744726683956,-0.4144145179475982,-0.20872363407952624,-0.09916515672145884,-0.5033564836983379,-0.08284262255031247,-0.09573857070438146,-0.6943560610413706,-0.13727155839966781,-0.08210858581021808,-0.808530711583227,-0.1799981874485875,-0.06597522029877123,-0.9111668269187796,-0.21096630174728978,-0.03160771815037139,-0.5286680176366708,-0.07899448888089662,-0.01839975176883856,-0.7476487631218388,-0.12185681348144747,-0.0015886028186495153,-0.8775505304919549,-0.16947275205445028,0.015555308686430668,-1.0,-0.20898476202455785,0.026059292004888008,-0.500548687911883,-0.08614228378628402,0.04347569594747306,-0.7017677531887616,-0.13101365752358038,0.05719851214532249,-0.8332435666118873,-0.1814700169148011,0.07002225652851786,-0.9557304495614455,-0.2190784743956379,0.08346760034272245,-0.42235114749451247,-0.1023828218886181,0.0985821199503027,-0.5877815106092007,-0.1464543715840114,0.10641531984661766,-0.6929250288262266,-0.18326247829787262,0.11513214095546012,-0.792008207972766,-0.2124870847225139
B,0.0,0.0,0.0,-0.07970506422868273,-0.09136371493960564,-0.07683467953210614,-0.11615467370279878,-0.27776799163476307,-0.11642606401177516,-0.04798057078015247,-0.40947949116623417,-0.15121932148827863,0.037529253794670696,-0.4451489791809722,-0.1875279405778325,-0.09292797095394383,-0.5061380600951335,-0.07216789780309796,-0.08998491258474549,-0.7007598188440011,-0.12417965349775659,-0.07715468118174963,-0.8158528463518864,-0.1641897376164963,-0.061933739292407336,-0.9157909656340992,-0.19329025939796782,-0.02820707597525671,-0.5248202361195993,-0.07266590928383476,-0.014889435872465525,-0.748023200800041,-0.11405845922726532,0.0005208511629798986,-0.8796382644285835,-0.15938492212069386,0.016454664758459987,-1.0,-0.19691610645755747,0.02857883455691199,-0.4918283341208527,-0.08392603984199494,0.042550974066464284,-0.6993725038621484,-0.12805880441428985,0.05405578944673822,-0.8359387545674044,-0.1773302846756056,0.06603548780423293,-0.9625567845424314,-0.21392020048390054,0.08527864594750008,-0.4105466097642142,-0.10349428912965528,0.096101235078809,-0.577310553462429,-0.14744646440075357,0.10186732377661237,-0.6854854906225205,-0.1840197653852936,0.11091186834711599,-0.7866170802090725,-0.21294848411271425
B,0.0,0.0,0.0,-0.08263643954561935,-0.0885762227444233,-0.07485173101628036,-0.12174138790816191,-0.2761438046273898,-0.11233173034172336,-0.05708046740624875,-0.41099606298604774,-0.14565573705356555,0.02435400181536591,-0.4542735858322127,-0.18048916897752207,-0.10028109312912624,-0.5062933318258727,-0.06261990750699493,-0.09972125831958586,-0.700809979073294,-0.11149717387898628,-0.08938390974902323,-0.8156047361977383,-0.15051005352364674,-0.07695899726626274,-0.916174950634422,-0.17884843970064362,-0.03571458685580548,-0.5268655984359778,-0.06257391026056512,-0.02461622397477727,-0.7496178005142548,-0.10074171575680334,-0.012554598442034591,-0.8805316791802137,-0.14598384134292866,-0.0004623328200128712,-1.0,-0.18327398790587665,0.021863603861173794,-0.49710041434188945,-0.07355418855333261,0.03329116956189779,-0.7064096929091114,-0.1148903039790618,0.04244222413320316,-0.8437090018088341,-0.16444969088512654,0.05151691600138284,-0.9683473032742973,-0.20113245408913455,0.07989035123399396,-0.4213000399865041,-0.09273495124453478,0.08993911291716096,-0.5917190883362087,-0.133886186984275,0.09584801850661392,-0.7007476894344302,-0.16997970742483673,0.1038343934052077,-0.8020259512055391,-0.1986749378199003
B,0.0,0.0,0.0,-0.08438261394505116,-0.08628926216287797,-0.07555609334142895,-0.12460934027718103,-0.2796813466363172,-0.10886642537843422,-0.05388318524523796,-0.41479091005006885,-0.13754632501307298,0.03316454777029032,-0.43840855879270196,-0.16763605823825062,-0.10340277294849512,-0.5067189659483691,-0.05685200179864073,-0.10428063694706832,-0.6985525658201666,-0.10065510912761573,-0.09518649858145237,-0.8151220752236004,-0.13703311374604765,-0.08398596464710903,-0.9185531599404924,-0.16368635314159738,-0.03937048740288494,-0.532815359808716,-0.05393023441359305,-0.029754160521068565,-0.7503155837419997,-0.08500731566432787,-0.020061462999677104,-0.8811241484986682,-0.1267667116715889,-0.009959368771055277,-1.0,-0.16244252752570115,0.01764139010953553,-0.5053702445192115,-0.062236537358734,0.028085046617389583,-0.707785901342564,-0.098026382772495,0.03423373672434148,-0.8454240328956002,-0.14613790814911548,0.04058433668912677,-0.9674648555633165,-0.1822042130018152,0.07616838826878686,-0.43116683524736066,-0.07914041301504063,0.0847831329922415,-0.600769636217393,-0.11617921288515363,0.08883396374204297,-0.7067568894910017,-0.15051722654741717,0.09449961808989404,-0.7998873846060692,-0.17807038182144722
B,0.0,0.0,0.0,-0.08406337181549245,-0.09465456935669056,-0.0513429576701933,-0.12796958131890612,-0.291444658585062,-0.07573311917580051,-0.06750916582689924,-0.4285584731736963,-0.1009170308353067,0.015524045175292498,-0.4506141681399564,-0.12827578406554715,-0.10739289982898173,-0.5101994274057392,-0.036961583352242144,-0.11155656654629742,-0.6963338930933527,-0.07926203965211394,-0.106104598231004,-0.8107251217228255,-0.11457936254217474,-0.09850604296766464,-0.9098285793406458,-0.14070974263864666,-0.0494066611132911,-0.5348821198032037,-0.0478692190179732,-0.040777289856994484,-0.7514171945458259,-0.0791161052084076,-0.031151390343099567,-0.8799974579029326,-0.11882270183564102,-0.021906259406264183,-1.0,-0.15339157751513738,0.005339495807587275,-0.5063526492489703,-0.06866400367325069,0.01290638405419384,-0.7120459748300724,-0.10429820829907022,0.01898415813809298,-0.8501334955849353,-0.1480246324098563,0.02541922352802561,-0.97102953893861,-0.18162489321503825,0.06414219757193695,-0.43176994545683955,-0.09661522358228228,0.07423174588944378,-0.6002796961953772,-0.13437856417300426,0.07892971161666835,-0.712502089067634,-0.1665148669843747,0.0843519784541986,-0.8135706761677909,-0.19264476934568042
B,0.0,0.0,0.0,-0.0878633739970343,-0.0867374912903438,-0.053869804738643653,-0.1334517529805781,-0.2837510039304563,-0.0793623731724817,-0.07363232999179005,-0.42450834118740305,-0.10533357564030905,0.007633047923152257,-0.44818768534025005,-0.13379272346092744,-0.11820256322602674,-0.5082027884655721,-0.038454468004735724,-0.12438231729909538,-0.693535976819543,-0.08219531830449596,-0.11888038199786846,-0.8098469478912774,-0.12016809361639366,-0.11045978321665068,-0.9110455005408111,-0.1482679738614102,-0.05980220187669169,-0.5346242796994223,-0.04825883958404138,-0.05276937271416645,-0.7499611081134592,-0.08101592807992372,-0.04223194223324957,-0.8810953089323126,-0.1242979971902417,-0.03073191459021445,-1.0,-0.1614016707527212,-0.004044441179900295,-0.506259953002115,-0.06798110163591904,0.002423556507220345,-0.7111976973693018,-0.10448831043019495,0.00852466050126352,-0.8508320133543424,-0.15175343769395083,0.016292432124535523,-0.9688813454350849,-0.18785238012340558,0.05656788801278815,-0.4317943416991011,-0.09503036278458087,0.06553819729293568,-0.5995857797506918,-0.13351393045717225,0.07174441307483534,-0.7147302829948501,-0.1678748006462669,0.07982331979043376,-0.8165306032550317,-0.19576023079263216
B,0.0,0.0,0.0,-0.09205785353783882,-0.09083680795964005,-0.04737074911473874,-0.13637420697708247,-0.29387811178755596,-0.06822372442001665,-0.0794625692268366,-0.44342758956345435,-0.09056829451944966,-0.004402613155414582,-0.47885965764893956,-0.11502507734583381,-0.11764198986326901,-0.5134719708509918,-0.02370806731260107,-0.13025587032447183,-0.6918021412298345,-0.06258106941411846,-0.12880811430311714,-0.8073396159529158,-0.09736993172248096,-0.12337559960517223,-0.910750876470601,-0.12334583837752994,-0.06291499328836486,-0.5393257005451771,-0.035128369306458955,-0.0613901089719159,-0.7500003175572098,-0.06259022776404649,-0.05389357402916537,-0.8786935523641423,-0.10228954706873543,-0.04312584416233057,-1.0,-0.1369514246000792,-0.009351221474915546,-0.5140549550788652,-0.056599644376902035,-0.0053234782544190114,-0.7136516523416186,-0.08814532665822084,-0.0027210334094064917,-0.8507914770490227,-0.13147034905362548,0.0032874538532213994,-0.9724671802083308,-0.165286228773726,0.05003543176323057,-0.44493225183678903,-0.08533202382596111,0.055766602665763214,-0.6093378688293617,-0.11939019334592588,0.058117643818992794,-0.7206567103420457,-0.15085256766884944,0.06314043350268193,-0.8237161174713727,-0.17688423101877926
B,0.0,0.0,0.0,-0.09024579626230307,-0.07400519642624492,-0.05007216370125911,-0.14501338990630855,-0.25327483059317735,-0.07546031671323639,-0.09873825423052209,-0.3998125143492352,-0.10225100969436761,-0.021391189924429354,-0.44219386598270916,-0.13130387724959777,-0.12938697421896792,-0.49205658389586066,-0.03607583130599842,-0.14896527038677526,-0.6766785177634946,-0.0779367346211633,-0.15166904402514508,-0.7981451465742102,-0.11360139144952205,-0.15044535600118655,-0.9061731331851688,-0.14053125261684024,-0.07390741940861591,-0.5241472859679144,-0.048373446996635594,-0.07588442797214281,-0.7420222576509881,-0.07915969771145834,-0.07082367878550566,-0.8769651743394239,-0.11835947447258802,-0.06448908125265078,-1.0,-0.15267487077652517,-0.020063976286071747,-0.5018476651362003,-0.07012465869145877,-0.01909765243078397,-0.7063093291433354,-0.10395344645331689,-0.016781680147973967,-0.8469642398109047,-0.14599589159911275,-0.012392194097452756,-0.9714360874826544,-0.17893144662435037,0.03891316724229791,-0.4331427766770374,-0.09917951663472989,0.04130844981151979,-0.5987608162010312,-0.13516952877851338,0.03956865989169949,-0.7083229659340698,-0.16592723046103608,0.0401975970763756,-0.8079570601187741,-0.19132842274035522
B,0.0,0.0,0.0,-0.09443804292567819,-0.07186096502618451,-0.0565828868029802,-0.15246555537144924,-0.24400700996637606,-0.0862942555890692,-0.10226825829471453,-0.3802520083017702,-0.11621584318260403,-0.018991910875244027,-0.40619337840825487,-0.14811913208617922,-0.13232485278485057,-0.49038134219195917,-0.04985801814489521,-0.1492783006344177,-0.6818522191852594,-0.09688737120535135,-0.15253402814737516,-0.8027543569760122,-0.1343777722242347,-0.1518796858418398,-0.9086612733541357,-0.1618755000411522,-0.07624981675092037,-0.520552462411321,-0.06040359384611209,-0.08348392860072507,-0.7406805149427063,-0.09628882788189276,-0.08217534949470204,-0.874622496345437,-0.1361948065311528,-0.07930603421876863,-1.0,-0.1703596884480571,-0.021487369014823933,-0.49636696006037845,-0.08060860175925443,-0.022466192094411825,-0.701682209406524,-0.11862013177288198,-0.02197496059254589,-0.8363578201581003,-0.1608699973726394,-0.020035725064185314,-0.9605513461679168,-0.1931630482985016,0.03822215765313306,-0.42531384718406234,-0.10867879996472962,0.03988639427478969,-0.5921379010055633,-0.14698449123934085,0.038120872807387504,-0.69683615155779,-0.1778212032399439,0.03853244799827647,-0.7939164101443315,-0.20286144154630514
B,0.0,0.0,0.0,-0.0958943589821257,-0.06741130088298754,-0.05500387929423678,-0.1537169026918737,-0.24130557516472403,-0.08500362126656107,-0.10213178539165095,-0.37825365186288973,-0.11497774277347635,-0.021312356805157414,-0.4012034186423313,-0.14699598336689512,-0.13877749291896332,-0.4877345702955735,-0.056893013496394175,-0.15894028033585106,-0.6834715043490285,-0.10698494286748818,-0.16241944698498867,-0.8064722315944232,-0.1456974310423883,-0.16120380007454757,-0.9131544472332,-0.17397021060906448,-0.0817513011466245,-0.5170681661440204,-0.06883990523050562,-0.09043140825054712,-0.7386682238075967,-0.1084038987584984,-0.08646591552566547,-0.8742613747434097,-0.14851092835791885,-0.07964242973443623,-1.0,-0.18259983403730431,-0.0265678196296798,-0.49007420819860503,-0.08967190986154147,-0.02663894551941953,-0.6961228817540497,-0.1303056033959008,-0.025053309359196682,-0.8316786186768845,-0.1716276698946812,-0.021232424318659692,-0.9561976144219521,-0.2031790977553317,0.03394920613017664,-0.4139577266527724,-0.11814682045635416,0.03563979224284668,-0.581033339138956,-0.1586161615798796,0.03298945536247419,-0.6890825405292764,-0.18942410513015528,0.033074099658702304,-0.7887329971681463,-0.21432781453041203
B,0.0,0.0,0.0,-0.09719894380690638,-0.06759717828985896,-0.054334637964527165,-0.15562699966104088,-0.24828037573193343,-0.08077051946770099,-0.10564221913047758,-0.3951501600607724,-0.10750490911131345,-0.027480004488205423,-0.42717754866055485,-0.13593167006544968,-0.1434751541795241,-0.501779139864141,-0.042413552744580196,-0.16097927251814984,-0.6831540248392288,-0.08674599956945318,-0.16545640391036362,-0.8006581138814745,-0.1231085712760054,-0.1663695134838054,-0.9047643823986177,-0.14988729366673065,-0.08526477042917147,-0.536834485120515,-0.05340291786565774,-0.09210570954221184,-0.7501383228584126,-0.08630214476348456,-0.09168554085951477,-0.8790106964013206,-0.12478162894798028,-0.09024040902433973,-1.0,-0.15813902925752582,-0.029782172625403888,-0.5116441685116062,-0.07412846615473451,-0.028519088495868185,-0.7106970165445448,-0.11009299526962348,-0.029585183765938328,-0.8464587268203378,-0.15080920680237786,-0.029435830820436333,-0.9692884876066059,-0.18239577277152702,0.03174813550513258,-0.43483339588110476,-0.10288112736465742,0.0347019723201942,-0.5992642507113893,-0.1406271620263765,0.03172669055493496,-0.7107093210241663,-0.17073188779614623,0.0290709151105162,-0.8152639999343761,-0.1952621423143072
B,0.0,0.0,0.0,-0.09761130750346524,-0.06630583902882031,-0.06652271210610036,-0.16171675181259693,-0.2474735665240135,-0.09464761350567003,-0.11157643040637931,-0.402405446926247,-0.1205531185832406,-0.027530218509560174,-0.4462640189938977,-0.14797866776776458,-0.15409348629353126,-0.4949238969776232,-0.044161781669024985,-0.172576312758486,-0.6810196281201456,-0.08587047071806068,-0.17291042299187154,-0.7998548846255727,-0.12184348483507411,-0.16844408337493405,-0.9089888371471878,-0.14861356281777227,-0.09295626653582721,-0.534679223602173,-0.04723680424470181,-0.10253123967370686,-0.7483148345677394,-0.07622961109107543,-0.0984772791588836,-0.8790733137155675,-0.11647296398510354,-0.09153360755157612,-1.0,-0.15154066563934054,-0.034120701846729495,-0.5164017306225237,-0.06139920826444416,-0.03746583991912869,-0.7139804831684021,-0.09561024415659063,-0.03758825732162464,-0.8489265913834292,-0.14133084331211845,-0.03513556779539344,-0.9706521093093237,-0.176379688589485,0.030958517254983588,-0.4473886448014429,-0.08425370646805132,0.02959504910270857,-0.607029253723458,-0.12144461169888211,0.02554353449003307,-0.7145349080377481,-0.1547128631430039,0.0238557397129636,-0.8148065621597903,-0.18159114172196408
B,0.0,0.0,0.0,-0.09184377151275955,-0.07345101831511677,-0.0684687041721268,-0.14624494688264553,-0.2570977632189814,-0.09863729521019542,-0.08825017696185268,-0.40386384610852516,-0.1264896853861517,-0.006630894713607386,-0.4429921246425815,-0.15577066228997508,-0.14292931953412866,-0.4957342563948356,-0.04396030878865027,-0.15584588485546125,-0.682676409578103,-0.08690715276595355,-0.1540501675302869,-0.7989764351249269,-0.12402771373532652,-0.14882518808834042,-0.9046013921519054,-0.15145416102169346,-0.08092175436242915,-0.5332991269081971,-0.0461294714204027,-0.08662425181944623,-0.7488290039126598,-0.07641822567615676,-0.08181211337030043,-0.8787123440836784,-0.11862043268654601,-0.07569479501163766,-1.0,-0.15467740762341992,-0.022464285744284333,-0.5148720552905744,-0.059836740337741744,-0.023120535530544172,-0.7134944707145683,-0.09413634743383104,-0.02016783147303898,-0.8448316639501917,-0.14034360255180542,-0.01714613059214754,-0.9653200366655119,-0.17552052300638768,0.04138513462840171,-0.44688630535450147,-0.08227154868916525,0.03985208520999693,-0.6121455168204056,-0.11800453104265769,0.038525306294898184,-0.7164042167498609,-0.15080539589084008,0.038198441343760534,-0.8136723985227721,-0.17744602935607534
B,0.0,0.0,0.0,-0.09602078979439554,-0.07584100220305387,-0.06784381507074988,-0.1545231825818276,-0.2656800044892688,-0.09512214729546734,-0.09597825611683727,-0.4172235659448928,-0.11954536918222552,-0.008583224646085847,-0.45065253452465753,-0.14535748839709436,-0.14903097678888366,-0.49641686530608936,-0.044434580568526755,-0.16125577525729004,-0.6846783685510992,-0.08555912900562856,-0.15752532153732676,-0.8022539632273125,-0.120510002012339,-0.14999733717732933,-0.9086812665599869,-0.14616489852623352,-0.08527728323938394,-0.5366173859802565,-0.04566387235658418,-0.09041313544807919,-0.7524986748436172,-0.0733435565922808,-0.08485921412299191,-0.8810585023927874,-0.11287237726922394,-0.07691327978855639,-1.0,-0.14729643434107928,-0.02521556055872334,-0.521344936329944,-0.05817486469111,-0.024820485839442633,-0.720040891901433,-0.09085049124971016,-0.02335778007086325,-0.8523626266464077,-0.13582377902792597,-0.019875141615105008,-0.9732891483482934,-0.170185450394147,0.040188249052910824,-0.4575353652040443,-0.07935618933279952,0.04037994845680788,-0.6216299357979753,-0.1140155517636957,0.039033167809416715,-0.727022133834778,-0.14608766475458884,0.04020052067416713,-0.8248511410641927,-0.17223911514703646
B,0.0,0.0,0.0,-0.0962569093769628,-0.07681488500431372,-0.0732586795549765,-0.14970112571426147,-0.2660715017737857,-0.10428454887251311,-0.08428685994467315,-0.41390766702304155,-0.13083100714390491,0.00012227317854192885,-0.44901432268904873,-0.15861632065092113,-0.14726414351996917,-0.4952794071706269,-0.0565296465485217,-0.15555009501497669,-0.6852974041804705,-0.10085788869017294,-0.1507954588825221,-0.8005809860731086,-0.13621685794612534,-0.1435280971513412,-0.9035809431950382,-0.16152503524176304,-0.0810883208146645,-0.5354293013654545,-0.05503799917306011,-0.08358431925409121,-0.7541654160562824,-0.086364467764638,-0.07814716790345555,-0.8813253988485118,-0.12541486781467814,-0.07068767943412256,-1.0,-0.15900125145938007,-0.02016353036356363,-0.5200332469960613,-0.06476108384853202,-0.01854665016253616,-0.7225987927231674,-0.10022109339243657,-0.01676850601023325,-0.8532648234436556,-0.14424891295539125,-0.01311892256361857,-0.9743222791155055,-0.17751591976452305,0.045201731897090744,-0.45642704579048077,-0.08336764109523218,0.046196408890932794,-0.6209198099983179,-0.11965839116461455,0.04452110142925331,-0.7257890860704228,-0.15168045411103534,0.04493539311415886,-0.8254847224493085,-0.1774709066254572
C,0.0,0.0,0.0,-0.2028593854701789,-0.10561928657152393,0.06590929746023876,-0.3727693701420665,-0.27110316885695623,0.06017550552068597,-0.5264718984445624,-0.3261774757453088,0.020551454019523577,-0.6012424286093577,-0.3540686671211265,-0.023161323913059213,-0.17998059025459126,-0.747340631946593,0.08127944155647986,-0.35083622251675445,-0.9509727537704363,0.03248394978445476,-0.49378674545001333,-0.9009242777331404,-0.00620947414400058,-0.5985230152201516,-0.7933525149789554,-0.03186306347113907,-0.15511829341925348,-0.7280685196294847,-0.013478330907507205,-0.3972427375105943,-1.0,-0.10126454086669184,-0.5289792563541014,-0.8603334374280242,-0.1652990012352721,-0.5851399368028277,-0.6842506472573079,-0.1929013830029855,-0.13860792826532337,-0.6741330685829369,-0.11152015132406187,-0.33296151135052565,-0.9204528090053796,-0.18183217636787202,-0.46710873565158106,-0.8147423791716286,-0.2270803238061616,-0.5395891826189122,-0.6634941465825288,-0.24642221919360696,-0.14688157146061862,-0.5703839103049781,-0.21010689675474473,-0.29099675644036366,-0.7302936523792113,-0.26184464018481846,-0.40951083324175513,-0.703287604158723,-0.2957521809028051,-0.49014778063256903,-0.640013013286136,-0.31702533725969967
C,0.0,0.0,0.0,-0.20796908378651144,-0.10273032891725555,0.07484788982635641,-0.37739498328446586,-0.26639129048638155,0.07225962663371813,-0.5289431853015902,-0.320305499630389,0.03319140625341963,-0.6095736114213255,-0.34074383323370216,-0.010366309673137019,-0.19295378942099214,-0.7400478989351366,0.09213408917822949,-0.3523434525280486,-0.9449492455776476,0.04333507347144259,-0.49320045325441286,-0.8862183559855016,0.003604604732476977,-0.5960862437987029,-0.765502987035416,-0.02322066626728642,-0.1668851344105058,-0.7277537674849279,-0.008863370117562459,-0.3958890724795029,-1.0,-0.0949271347470032,-0.5295810065633834,-0.8605718630624636,-0.16117734210222787,-0.5888566936993915,-0.684593587168922,-0.19193483082809418,-0.1484753997073308,-0.6782184915760936,-0.1129122660989281,-0.33472193554790824,-0.9232803689077136,-0.1800697773647822,-0.47043935150682353,-0.8172132646172162,-0.22475592410711595,-0.5445320122861441,-0.665539407525609,-0.2457929943996361,-0.15595314293050427,-0.5750663901995275,-0.21752123578673563,-0.2997366406008689,-0.7318075560389975,-0.2671584725089149,-0.4193791684731613,-0.7070440578835459,-0.2997736107894022,-0.4998765365837931,-0.646612733690434,-0.32112803320026717
C,0.0,0.0,0.0,-0.2103720648674463,-0.1033927101669326,0.08538393001919849,-0.37642736649771624,-0.2690908104841219,0.08781792483499985,-0.52723421032661,-0.3184639914349719,0.05193926837428937,-0.6134968642952999,-0.3393644625856498,0.012116811027998591,-0.2017050071196406,-0.7468065012589834,0.10400099397071899,-0.37033328969923884,-0.9499436300822421,0.058163339090004915,-0.5097898715967601,-0.8941721366978796,0.020836198140239594,-0.6103868133214435,-0.786348647599933,-0.003920921792978782,-0.17390904846915534,-0.7357696439750517,0.0003298717373404595,-0.4072321268148548,-1.0,-0.08266845445075749,-0.5428412350386591,-0.8631118145456043,-0.14411733447540068,-0.604558832968101,-0.6956627254869867,-0.17096825082064793,-0.15512876512326176,-0.6873064387341222,-0.10573590950942843,-0.3475174703826268,-0.9289042581478868,-0.16917113658197153,-0.4840040726021911,-0.8236358021451977,-0.20813575706972007,-0.5576811840745569,-0.6792900882390639,-0.22489398055210708,-0.16277903792088938,-0.5864477899851365,-0.2116915537291172,-0.3087582991755107,-0.7372803850829142,-0.2547746702413185,-0.4288352954694739,-0.7140498142689732,-0.2827613736126473,-0.5087094888158533,-0.6592828154564578,-0.3011069579820953
C,0.0,0.0,0.0,-0.21914733774867745,-0.07486258283333112,0.08845017478523019,-0.3919894327012551,-0.2350810266714378,0.09675291294819977,-0.5494293672873478,-0.2803574848944796,0.06884272058900895,-0.656818618060229,-0.29883078927326295,0.0370552348975407,-0.22708984667905682,-0.7406965011488905,0.11708945078087535,-0.3887402337204677,-0.9194985704396508,0.08517951744299262,-0.5281631551340417,-0.9344329816206917,0.05065376168026284,-0.6455514700029598,-0.8805837242143502,0.025162597151083876,-0.1958568150082898,-0.7425456973108123,0.018934022558169145,-0.4188232087553562,-1.0,-0.03923902813791323,-0.5612464983452345,-0.9322378153263755,-0.09394587852905112,-0.6507132389243168,-0.80301776808097,-0.12363037191855762,-0.17459648394164218,-0.7011615044752535,-0.08171287606092129,-0.3663395802303419,-0.9394350486198559,-0.1295681527594577,-0.5084525917999603,-0.8859319641420007,-0.16960863136634588,-0.6063406428818623,-0.7766208148083329,-0.19139258194169362,-0.1848358614063118,-0.5960115281466273,-0.18153159663457466,-0.33617670353533413,-0.7496353472776602,-0.21757694153647864,-0.4560200678900476,-0.7574147067522885,-0.24570863792679945,-0.5461087840822914,-0.7285973821255322,-0.2663882370354295
C,0.0,0.0,0.0,-0.22146055801139145,-0.056909698562910074,0.12348492756096185,-0.39313548122227765,-0.22218314545681145,0.1534026601852274,-0.5447051676980076,-0.2662404316277702,0.14085511195912384,-0.6666205799471555,-0.28221552043075215,0.12389702337328984,-0.25033163335636294,-0.7431458739668305,0.1737483033536216,-0.4123308236206174,-0.901013057685876,0.1587862877249576,-0.547497424013962,-0.9301104707959748,0.13204631873694866,-0.6629649978765346,-0.8866940963531844,0.11097834626383375,-0.211756119819,-0.7595118910447997,0.06438001985194093,-0.4248496149728214,-1.0,0.02788917315974037,-0.5731016771814257,-0.9651403702006094,-0.01955047412558492,-0.6792504750563289,-0.8561705075077125,-0.046908201234416316,-0.187081999219176,-0.7288912412963992,-0.04689563623587894,-0.38299777968021737,-0.962960939904742,-0.0789190451314694,-0.5334975245855783,-0.9324384868783469,-0.11293911748107946,-0.6453393574423667,-0.8401039336409063,-0.1328001660217533,-0.19753091518828628,-0.6272384283526875,-0.15484290358941327,-0.3635552417482486,-0.7867975694710831,-0.18052372128828306,-0.49177228149190044,-0.8112404992606335,-0.2019847000690143,-0.5901841895843118,-0.7963237873246928,-0.21874156797976083
C,0.0,0.0,0.0,-0.22400261551694226,-0.04284541570812349,0.16234992036762097,-0.39977442862557777,-0.20399092138294822,0.21784144053030205,-0.549815754577751,-0.24656208521324938,0.22319511652582602,-0.6829337148476966,-0.261386422220996,0.2236882557498925,-0.2785150262625061,-0.7325330203448355,0.24636492121385814,-0.4303006662454828,-0.8943996165774288,0.25649668349843674,-0.5635323769077375,-0.9253557310294055,0.24117104437733394,-0.6752702459664063,-0.8916323971082382,0.22477680884013182,-0.23666781530180242,-0.7683157346210768,0.12301729010288202,-0.4314366860068837,-1.0,0.11626974775537606,-0.5851659417331903,-0.9900914715351835,0.0760376823784777,-0.7008194533737089,-0.9049982272218682,0.048937158278580695,-0.20523984344426435,-0.7560168047387587,-0.0016631179977864327,-0.39731135629108844,-0.9831116711347885,-0.012075753947991005,-0.5556090737193182,-0.9652000657907674,-0.041292895529171286,-0.6749303729396192,-0.8837448198119048,-0.06187853950348278,-0.20494407122195113,-0.6714101534363458,-0.12057376843780857,-0.37896754186091297,-0.8287620358224687,-0.1331239589432128,-0.5136405855463112,-0.8470801954577337,-0.14791111240007185,-0.6143165734904658,-0.8231221153926173,-0.16162292445601267
C,0.0,0.0,0.0,-0.22411705052862543,-0.03729289971839253,0.19104358762730816,-0.403073836360206,-0.18520091173038356,0.26123672217872773,-0.5477057813384391,-0.2276517745463185,0.2736323313208382,-0.6815356036042961,-0.2669320421083525,0.2814603627501184,-0.2902502585477999,-0.7202291161508522,0.3068800443519967,-0.4307220733437218,-0.8804560355188775,0.3317056010158915,-0.5611861884813462,-0.8768485403404446,0.3228974244853934,-0.6658308992571992,-0.8132016166225272,0.30984578305625293,-0.24794100742800843,-0.7697459331129853,0.16950578068914302,-0.43440812643686194,-0.9968379756930129,0.17464069230684864,-0.5849291308251867,-0.9498441834606274,0.13538235708827095,-0.6897689534753716,-0.8330078193240024,0.10928810920906168,-0.21509801232644105,-0.7767488880697659,0.030412267645799577,-0.4109084461277226,-1.0,0.02824204724799409,-0.5678151881109939,-0.9437578284954614,0.0033622412584062063,-0.6713759197663287,-0.8227793495426499,-0.014596045285586553,-0.20745796851307063,-0.7169086112139867,-0.10138053192353491,-0.39082950170152403,-0.8772654595861837,-0.10739791669725317,-0.5238870652728378,-0.8562132486531057,-0.11539331360743227,-0.6086844109652219,-0.783431278693565,-0.12413673035591417
C,0.0,0.0,0.0,-0.22671660696766144,-0.021470739705918854,0.20202920881740472,-0.4065575811545511,-0.1635448866599291,0.2816732509782332,-0.5515128206744804,-0.20810492166198896,0.30140240760205667,-0.6883243899844261,-0.24484527020921093,0.3178921526698953,-0.2886372637777017,-0.7192313269571468,0.3397994241342593,-0.4338162929181207,-0.8748013512121928,0.37845950706932946,-0.5652541849653021,-0.8579661238177987,0.37656635479883893,-0.6655821389982325,-0.7767793390606437,0.3679413665066144,-0.24976784666843993,-0.7785480154546612,0.20308170162645917,-0.4424652505554839,-0.9817095152790659,0.22618938572707567,-0.5934227094550149,-0.9105696916945821,0.1929895565342195,-0.697250755872163,-0.7785481290534534,0.16954371722913966,-0.22420084811722213,-0.7955962973836892,0.06466186451690319,-0.4285515568970058,-1.0,0.078197607894051,-0.583316052117081,-0.9190805700001153,0.059143164196139957,-0.6805520742259051,-0.7763320438166446,0.04291114283797665,-0.2266634427329461,-0.7431679556437613,-0.06631366624647332,-0.4177577404654972,-0.8966921792513964,-0.05939945801386661,-0.5526446054404393,-0.85839564085083,-0.060701822016090645,-0.6368417581889535,-0.7626072081500772,-0.0660838842896989
C,0.0,0.0,0.0,-0.23582708626814983,-0.016595618494782916,0.21540042156402137,-0.4148022979282345,-0.1560138413520424,0.30024818466174763,-0.5600316973265878,-0.19514280226024316,0.32394592578524295,-0.6980530139299236,-0.21428983920515685,0.34524892062547136,-0.28474416115575907,-0.7627660628080921,0.3474427380533133,-0.45242176263631684,-0.9059013822567666,0.39197313765864367,-0.586404263855702,-0.8722077940506565,0.39891614557000654,-0.683305824593122,-0.7754397594064509,0.3971778638077343,-0.24898801353242755,-0.8146346110217997,0.2070536886119624,-0.47118450497149167,-0.9941214788526596,0.23420676633316284,-0.6209263419241517,-0.9068235032210553,0.21318720912220424,-0.7180102797644986,-0.7745546256352304,0.20009627256053253,-0.2334191967370317,-0.8118521389269213,0.06582769488501362,-0.46087310362851924,-1.0,0.08208289744485306,-0.6154001296063812,-0.9056535215384393,0.0751211415046139,-0.7070341557536516,-0.7625769396133477,0.06904550798698238,-0.2511348990973671,-0.7279007482404477,-0.06681545994576095,-0.4526732290244087,-0.886637917072038,-0.05906134353578211,-0.5896632077631698,-0.8446324458752621,-0.05359343984136053,-0.6739531824717226,-0.7496427042965219,-0.05209240533399592
C,0.0,0.0,0.0,-0.24615286106239043,-0.0018817137747710938,0.24822949652206797,-0.4255414638703054,-0.12389741961731385,0.34564189718557836,-0.5727145415621409,-0.14950909511574412,0.37546931388989396,-0.7083208446653181,-0.17050480673980126,0.40325868532667286,-0.29373077937658093,-0.7677477653697825,0.38608217957960295,-0.4819207691392386,-0.9122694703089856,0.4469156447499589,-0.6198944613174373,-0.850492660760251,0.46794126479513287,-0.7100973229387816,-0.7363003774723685,0.4749657637720132,-0.2663965895269372,-0.8179767637906061,0.23185298251067502,-0.5159948304669536,-0.9961175825871884,0.26901122539151967,-0.6697540819580874,-0.8774607504649121,0.2602816245003775,-0.7560840664261936,-0.734500136343771,0.25829028553431105,-0.26453664861450554,-0.807795082716099,0.07908541320083554,-0.5107105801888374,-1.0,0.10594534094419716,-0.6700070451597844,-0.8827776600365375,0.11416439894130805,-0.7512002729333647,-0.7253344051200408,0.1193797237704657,-0.2981215228899799,-0.7170582592046385,-0.0628348297608965,-0.508067869757781,-0.882145193503095,-0.04611643206095358,-0.6443105023215899,-0.8238110129595939,-0.02949843754525666,-0.719539721690143,-0.7160898350641296,-0.01882600010433823
C,0.0,0.0,0.0,-0.2504577256210171,0.026911115457352815,0.2580034802604834,-0.4454241758173424,-0.09322301798572744,0.36447619080873833,-0.6005474949115189,-0.10772637739073107,0.39943628746670895,-0.7476374685125851,-0.10879223636597696,0.43126173867944495,-0.3461190768845706,-0.7411672154311697,0.42104005185148513,-0.5312161967513723,-0.8714573238760124,0.4833715756082835,-0.675613001948813,-0.8391992149977946,0.49539809544240265,-0.7815988231424496,-0.7542893110536559,0.4942708894847377,-0.31450122481701887,-0.8055810686321458,0.25936701560217507,-0.5549760145855142,-0.9827137238282024,0.3015404052543502,-0.7145291119832959,-0.8834920352662635,0.2837747137754999,-0.8187707894370063,-0.7481087520558862,0.27209179085606994,-0.30071405854594857,-0.8176421484622087,0.0972472256336743,-0.5421852285435192,-1.0,0.128954975545346,-0.7049336307565787,-0.8888266516643598,0.13018258785800826,-0.8009038694579265,-0.7327845628510299,0.12737071663094482,-0.3189563550899669,-0.7489044690559183,-0.05457375654706025,-0.535981171140203,-0.8915865483646515,-0.032501772978484764,-0.677286231925436,-0.8312012665939551,-0.01873720822725305,-0.7617772902439942,-0.7258260451902441,-0.013329587201047188
C,0.0,0.0,0.0,-0.24868398854939228,0.0216691239880296,0.2503061965671172,-0.4391166384901739,-0.10646298326441679,0.3537196557116244,-0.5900154132181081,-0.130071553073484,0.3878139402631133,-0.7392909873670951,-0.12451253670888522,0.416942053280653,-0.3557706074312112,-0.7316610821590189,0.3981140765475629,-0.5307484098901732,-0.8759821858480139,0.4518844500722932,-0.6729864349190866,-0.8727554493942639,0.45997745331305945,-0.7846948342662184,-0.8184507364086707,0.4565442662153594,-0.31980604851800004,-0.7931733692066603,0.23736630374780468,-0.5443266006062939,-0.9906830701732092,0.2755383119499413,-0.7059289542988826,-0.938923613894229,0.2591436411077641,-0.824368317378665,-0.8392225288970527,0.24665954393100611,-0.2967889148107767,-0.802795216945961,0.07587222811367259,-0.5270745601632424,-1.0,0.1032399404289408,-0.6970884623040846,-0.9387116720828935,0.10467809441691406,-0.8096190992806513,-0.825740074240583,0.1010572013932496,-0.3059280573123777,-0.7311752719680332,-0.07615188374606448,-0.512521874108404,-0.8840789265325503,-0.05997128218321499,-0.6584863030735703,-0.8584565070218518,-0.04807839470545709,-0.752066145164846,-0.7882807103167133,-0.04397552237067137
C,0.0,0.0,0.0,-0.21986269100235745,0.002906526240441279,0.16979178321904992,-0.41391966522217355,-0.12751137765924617,0.23105936536044328,-0.5688616479299965,-0.1587003069714445,0.23857198968876286,-0.7196968385005158,-0.15886749162189537,0.23951034961844317,-0.33882955647000157,-0.7184672653342516,0.27789826552078956,-0.49954429416327967,-0.8642730953494248,0.29266130292619036,-0.6418787114215313,-0.8998273091352978,0.27590170779279566,-0.760512650749267,-0.8848882060887184,0.2570667083856018,-0.29531114773039624,-0.7817412159230835,0.14674067222931234,-0.49446936302426153,-0.9845385836862417,0.15174108630550504,-0.6568064356987408,-0.9881906135920899,0.11282031789776453,-0.7887181222388445,-0.938210451505128,0.0827294537063188,-0.25809135963971597,-0.7986649428663664,0.012050507897402637,-0.4633271699257682,-0.9959054747311391,0.00881488631158851,-0.630073543484217,-1.0,-0.01828875430901956,-0.7632756379770702,-0.9562128857846866,-0.041149772202106645,-0.23933248697491696,-0.7425645015255322,-0.1181737166852574,-0.4319709449507349,-0.9039088459552194,-0.12905161205475324,-0.5720148436879025,-0.9364428568193354,-0.14136117863576275,-0.6803450575732426,-0.9345674691085839,-0.1551788762078331
C,0.0,0.0,0.0,-0.20799895530099757,0.0049809127353440015,0.1152363842385205,-0.40882209582395984,-0.1189235133680712,0.14589144054703762,-0.5670187446790733,-0.14152349040801623,0.13145761630455305,-0.7159692132836735,-0.13570162577981815,0.10966191502751964,-0.35853814529292194,-0.6665936536185822,0.19971212790859452,-0.4940249124847307,-0.8506497932082353,0.18657961181166524,-0.626661530449934,-0.9115991128199563,0.150995954728172,-0.7386497210386328,-0.9124738942139946,0.1198112466968449,-0.3082042481162331,-0.724027015414536,0.08563315038023948,-0.47403173229214013,-0.9549197418462514,0.061742983549091766,-0.6273853167533207,-0.9799273342314562,0.0023657935272296603,-0.7570331670480416,-0.9445227534749636,-0.041576500499858365,-0.25613255971773324,-0.7444859975844086,-0.03382250722978381,-0.42482196468651134,-0.9641325876614513,-0.059539979380540835,-0.5775446151987753,-1.0,-0.10541472887033419,-0.705088765585705,-0.9757913889232532,-0.14066657492971163,-0.2116399997601681,-0.7016282551474886,-0.15323976285523105,-0.3781568356577684,-0.8865568108164632,-0.18324232234578408,-0.5102938771518244,-0.9495520726510266,-0.2119472591811547,-0.6198783579149124,-0.968517936153995,-0.23759842344681606
C,0.0,0.0,0.0,-0.19258730882436256,-0.010971572867290587,0.08157163551304679,-0.3796446945641236,-0.14555242306436775,0.09418841148716911,-0.5304381560807949,-0.17261293829771734,0.06806828884339451,-0.6683730680098309,-0.1730150242670645,0.034158077656534065,-0.3395703421130017,-0.6418394947486558,0.1462402531671676,-0.4448458589515657,-0.8482141652750312,0.11264623211862537,-0.5640206438663274,-0.905586092098838,0.06643699309815687,-0.6658232861301384,-0.890855943474871,0.03023251239175463,-0.28784607208087043,-0.6918641260214694,0.04419474129262792,-0.4175987611521932,-0.9569799307734436,-0.005690534777267703,-0.5561928091791284,-0.9729786034365077,-0.07829469329421149,-0.6673314862126922,-0.9126296109445945,-0.12796542200758493,-0.22647368122870393,-0.7095811604485968,-0.06412980944968256,-0.3593774466030156,-0.9701685879778885,-0.1134852551732026,-0.498122141976491,-1.0,-0.17465699422739409,-0.6071129072725654,-0.9522665896883187,-0.21637848548504585,-0.1669271880151187,-0.669519002231113,-0.1738379167265645,-0.30473389862059475,-0.8674494357469102,-0.2212572850544707,-0.429363067119544,-0.9252531787291558,-0.2626564519616947,-0.5277027628572276,-0.9298267177817287,-0.2954593721029536
C,0.0,0.0,0.0,-0.19933993253062243,-0.021706103214075383,0.078060910225087,-0.3826671623359319,-0.17176779409263437,0.0806686448817317,-0.5298937875318496,-0.21368667682013023,0.042548152235605756,-0.659019915599565,-0.2409755967837639,-0.0034253761239154998,-0.32778017548243266,-0.6207762247176818,0.1257155972636866,-0.4312178560605263,-0.8512062547403914,0.07079901153109426,-0.555426885920906,-0.8553189061074247,0.013042610202150296,-0.6530335457656566,-0.7914666583932005,-0.028092058915069024,-0.27400722561686724,-0.6710349829110449,0.018911567051499895,-0.3935143412594247,-0.9919309328092979,-0.06671203437722428,-0.5319290601988845,-0.9390320709464495,-0.15484328553029245,-0.6189524794636134,-0.7977936438727135,-0.20677812699830822,-0.20863362044846248,-0.690936842612635,-0.09328652299668382,-0.32621693360598836,-1.0,-0.17169010322834455,-0.4664885285991378,-0.9504499528246223,-0.23801315788806965,-0.5517869301765628,-0.8166117164468935,-0.27573686696419125,-0.1431392374486625,-0.6603352859082742,-0.20643819003547179,-0.2634609940237135,-0.8727738512670868,-0.26947051971241326,-0.38420935119589444,-0.8748933360000487,-0.3126606445180191,-0.4612379062885914,-0.8151516897538847,-0.3432118124895111
C,0.0,0.0,0.0,-0.19887193241958176,-0.029385096801869515,0.075335710837351,-0.3792343696379556,-0.1812664157435349,0.07107848264478818,-0.5248754285386978,-0.22537894078834794,0.026749901773506446,-0.6472203189677974,-0.2557330954372096,-0.02472170752557087,-0.32455236096691603,-0.6115715603140723,0.1021802067509212,-0.42194334321279786,-0.8709580127494181,0.03615594626068334,-0.5437992472306046,-0.8531558651429413,-0.02174191698125088,-0.6353462401006857,-0.7693368745845134,-0.0609460445146571,-0.26927839791648106,-0.6567054072502934,-0.006143218335758838,-0.38540330987413224,-1.0,-0.10776484273248661,-0.5202719580167054,-0.9194190957328525,-0.19381816994346046,-0.5992274393588037,-0.7647962546404538,-0.24012196812980896,-0.2016803726058624,-0.6706753968793908,-0.11890490569115864,-0.31383789755010344,-0.9977114143280039,-0.20957476247040416,-0.4532788138000925,-0.9279492229735132,-0.26937214234793355,-0.5320807346875961,-0.7818675414040719,-0.2993094104506134,-0.13296619235096208,-0.638141976446746,-0.23234450163326234,-0.24063658720470327,-0.8615297017177319,-0.3010193027694091,-0.3608862354949865,-0.8455069275210813,-0.3398990993118361,-0.4354192203196364,-0.7706467073735596,-0.3653736699290015
C,0.0,0.0,0.0,-0.18177561148768925,-0.040597441407027396,0.04722850608592618,-0.35505821682875033,-0.18801236008976363,0.027905694944492954,-0.4938083666394287,-0.229976195998446,-0.02529173631642217,-0.6068786677466431,-0.25115663202583177,-0.08383073716273895,-0.31711142660889785,-0.6135257751164587,0.06340479407101894,-0.4123399847164206,-0.8932640549667147,-0.011330050318282821,-0.5206366033084253,-0.8717994397121918,-0.0700539352272373,-0.5993975202196933,-0.7793427576384453,-0.10702332947680843,-0.2582749858474671,-0.6524093328157696,-0.02863100051023042,-0.36809412685436993,-1.0,-0.13720717394830304,-0.48392055907886294,-0.9113705437826215,-0.21965575950152738,-0.5454750348659064,-0.7492607183656689,-0.26008845733296243,-0.1889599177917171,-0.6621052285619612,-0.12567922504242884,-0.2934222638514389,-0.9897687220407305,-0.217100073282739,-0.412900856077535,-0.9226021194088962,-0.2722882076934577,-0.4760421551972015,-0.7786317039968911,-0.2969968813202216,-0.11380557769722668,-0.6348726888623378,-0.22582081643398935,-0.2065096641581785,-0.8621525403844721,-0.28892769419337544,-0.31152583490309965,-0.8527252991575424,-0.32326697170980534,-0.3767309292313899,-0.7809223140865309,-0.34438891482188055
C,0.0,0.0,0.0,-0.18115462522605605,-0.04978672471886315,0.038054653109568196,-0.34417882723465604,-0.19748403637123388,0.008260664797087754,-0.47620045942993916,-0.23024399207744176,-0.05174629115484788,-0.5856550181646301,-0.24286716098286038,-0.11833917867196027,-0.30197115968024435,-0.6272606224100743,0.02007995972256438,-0.38749830136072366,-0.8847924591928595,-0.06452854482378477,-0.495823206450373,-0.9069299910538791,-0.13077123516654057,-0.5845070767777241,-0.8480864274273824,-0.17423071793081207,-0.2400356456732387,-0.6530352115597037,-0.07113773197937825,-0.3305899333582568,-1.0,-0.1879968293900819,-0.4455325773261636,-0.9617413279335287,-0.27290050779859887,-0.5225151572054502,-0.8305718384088518,-0.31830205786098925,-0.1690728175466697,-0.6469038605147658,-0.1654178716514559,-0.25376048577530413,-0.9794590100371611,-0.26534417260257825,-0.3678753340060505,-0.9549179070428573,-0.3235173693059153,-0.4444271604474482,-0.8391301711000028,-0.3518665915838882,-0.09704974106044777,-0.5944792942826514,-0.2623076362832606,-0.17409709920609717,-0.8327258259325357,-0.33555356779776047,-0.2729478523388232,-0.8507612850928409,-0.3739657026619247,-0.34544398643688523,-0.8023371073099905,-0.3985758804402582
C,0.0,0.0,0.0,-0.15832091245593546,-0.03678042254641967,0.01477057863014344,-0.3059596552695707,-0.1853099197105882,-0.023121117569713315,-0.4289448383995457,-0.21439939949628234,-0.08524847276432856,-0.5336950981088004,-0.20539141357112592,-0.1530569729460713,-0.2763072032485703,-0.6216817975536786,-0.008445942501210295,-0.348722961739396,-0.8930790440978786,-0.09576327646069566,-0.44824118225244813,-0.9401306181617962,-0.16086427405609982,-0.5317241038148762,-0.9010421707607169,-0.2024106302761096,-0.21341884919226659,-0.6409768509258124,-0.08527991479055544,-0.2872808064644483,-1.0,-0.20064822337892005,-0.395982733367316,-0.982804128678139,-0.2786791325441295,-0.4741039224162962,-0.8694780865611483,-0.3187517866114023,-0.14229894847325372,-0.6244146056613391,-0.16659845813887986,-0.21429895707645882,-0.9692085911606368,-0.2669276651599556,-0.3218661212234618,-0.9636738266841312,-0.32118498810061713,-0.3995270387983043,-0.8645629679337037,-0.3456552726301186,-0.07225294283385275,-0.5607887418457747,-0.25230667936169643,-0.142409499659098,-0.8063642209905301,-0.3273365486144865,-0.23773731403634424,-0.8352495897346557,-0.3642317701792805,-0.3109030569338607,-0.7940640035445206,-0.3861762881094354
C,0.0,0.0,0.0,-0.1585232435922232,-0.046932648947125545,0.018407243414729903,-0.299479540376656,-0.18949855605698535,-0.022322148179836125,-0.41940877564013546,-0.20756329444108523,-0.08773521727231723,-0.5167413476864642,-0.1973006599002248,-0.15872240308744726,-0.2582666514072351,-0.6296422249388316,-0.019315132837790246,-0.31981950633352396,-0.924042775120655,-0.1091184016559806,-0.4144156987122802,-0.9633724157978916,-0.1732896107936146,-0.49369427153288115,-0.9122525479442882,-0.21437253752170576,-0.19611808904889064,-0.6312278300867208,-0.09923981047352452,-0.26252272727033443,-1.0,-0.21965692728113914,-0.3670642225886404,-0.9759006968976782,-0.29687974091746977,-0.44070052582920255,-0.8540992683579859,-0.3358490143955073,-0.12579660602586812,-0.6000941676789026,-0.1823464326281345,-0.187867467414814,-0.942775025897691,-0.28801340753672267,-0.2917953567037775,-0.9389169306095599,-0.3422307329366958,-0.3677304715511798,-0.8410504539347486,-0.365602773916903,-0.05932500599339795,-0.5245734580016258,-0.26892944932299845,-0.12161317741058045,-0.7660797576235127,-0.34915730583647175,-0.20976461133564492,-0.8041599709242552,-0.3875658267900964,-0.2786238842461916,-0.7733573272803786,-0.40974608440566
C,0.0,0.0,0.0,-0.17051153669716154,-0.0813654697598158,0.04240419575178614,-0.3087667795215016,-0.22774651114933697,0.009472503996015494,-0.43472458814803006,-0.24499322328352055,-0.05195712663458646,-0.5352739884701901,-0.23404299280837398,-0.11959256143702232,-0.22205027083908147,-0.655692504454851,-0.008662545050652644,-0.29198715366637684,-0.9430212133974871,-0.09621355483645455,-0.4021205884034874,-0.9646972099630046,-0.15814364122445843,-0.4965367159451735,-0.9130160332896022,-0.1987988267795961,-0.16972700706222765,-0.6461462460079568,-0.09995196690172307,-0.24979765855784294,-1.0,-0.2171739785617661,-0.37959713704077674,-0.9654089008529021,-0.29241618043320006,-0.47503279830596695,-0.8553923420390591,-0.3327093897750926,-0.11365453063255336,-0.5987129873778178,-0.19174459520331139,-0.19069559123146734,-0.9274849595296245,-0.29279730551423055,-0.32087742094909094,-0.913753916908732,-0.34532990241793693,-0.4191796729394253,-0.8221447942420241,-0.37019614209789725,-0.07212559319748733,-0.505704379883483,-0.2843331407158394,-0.14221524955305395,-0.7271222684948844,-0.3608914359218813,-0.24765152441684132,-0.7613813147956988,-0.3986359153085164,-0.3341351160807496,-0.7376768948404706,-0.42249801340665294
C,0.0,0.0,0.0,-0.18057042471756285,-0.08937100492368913,0.04320812588282715,-0.33170744221862875,-0.24227433634444892,0.010759711952555725,-0.4708127568790546,-0.27254763346512306,-0.0490470768788123,-0.554188067740124,-0.27101709954762004,-0.11583263420328345,-0.17234011448564734,-0.6879858890351711,-0.01764061557014777,-0.2869310280374593,-0.952742194724962,-0.10673351513071737,-0.42352135600784957,-0.957516332549979,-0.16860412581517573,-0.5405954931405937,-0.892575128915465,-0.20950783309939325,-0.13850894192604163,-0.6652217166820257,-0.11126919421377343,-0.2932803921033653,-1.0,-0.2318495535563422,-0.443147699678989,-0.9478649286001957,-0.30925485062489233,-0.5461874292201871,-0.8357224213751064,-0.35043055498201714,-0.1068319597146044,-0.6018628656269813,-0.20508072251205672,-0.22892405725666914,-0.9177323257640758,-0.3068352296157946,-0.37183789086440044,-0.8917328975000397,-0.36304122192993665,-0.4793533682537498,-0.8027502780290094,-0.3910008259742763,-0.09760559095875317,-0.49709082498160384,-0.2986601739590903,-0.1918772771196887,-0.6957312010242381,-0.3788694307471314,-0.30596466394834176,-0.7249121322452975,-0.4224712461717044,-0.40294883818284066,-0.7166667548975253,-0.4508659386376171
C,0.0,0.0,0.0,-0.1995257457338916,-0.1082551063606209,0.0475145439087097,-0.3613369855439247,-0.27055719652318017,0.021657353722080077,-0.5137842954810625,-0.3057901254089499,-0.03297509702411091,-0.5958615870319065,-0.29691805049429615,-0.0953779233968996,-0.1722089089640365,-0.7591070019611913,0.01012284762542937,-0.3228015158294718,-0.9480004026459707,-0.06546197699904399,-0.46049619083650906,-0.9731800412169633,-0.12630764881605627,-0.5849770859482383,-0.9275203096114446,-0.16817812068136997,-0.14388646187310342,-0.7278539190774023,-0.08409473825630402,-0.34609269657672564,-1.0,-0.1850395988140169,-0.48657053125760363,-0.9620588550267557,-0.26149294432183207,-0.589098179513799,-0.8575033096735293,-0.3062589033375354,-0.11954647275901097,-0.653050173826927,-0.18032170666567363,-0.2837199424481478,-0.9070681446158056,-0.26890449833234864,-0.42066457882809527,-0.8979702343363384,-0.3323615485246603,-0.5336349025743423,-0.8258453706864491,-0.36819719060936185,-0.1226314159897466,-0.5252894419756817,-0.276159057584697,-0.24135592035244782,-0.6992405381713002,-0.35050156323610643,-0.3503259041401208,-0.7367173543829039,-0.3984635246443788,-0.44802481456485405,-0.7390574829362696,-0.4319105408348054
C,0.0,0.0,0.0,-0.2060838715275242,-0.09865196973415188,0.06410849604400852,-0.37076157263007464,-0.2677672277196214,0.0524138237239612,-0.5239429873184885,-0.31049298030077227,0.009112006897189679,-0.6171639894715877,-0.3088371668313807,-0.04013205574485136,-0.1844120416079479,-0.774775803069049,0.05257100896100766,-0.35405350740236063,-0.9404365648264322,-0.005318432910247281,-0.4944407209008291,-0.955239544981143,-0.055167301269642574,-0.6165425999560268,-0.9045383585663197,-0.08965303494406948,-0.15487901524851566,-0.7547268986308053,-0.04211734156226441,-0.38364979477411804,-1.0,-0.1255776120504895,-0.5259431573687326,-0.9354022844189964,-0.19016108423078223,-0.6228549656170594,-0.8120866451456701,-0.22636918723131783,-0.13530621280211366,-0.68877255354237,-0.1393627210659479,-0.3259623291311835,-0.918620995053163,-0.2109176124238649,-0.46675425834153034,-0.8821324494073923,-0.26250002764225905,-0.5759443132847836,-0.7941069755325944,-0.2909959699900029,-0.14656086923339356,-0.5643369815462597,-0.23608741842632897,-0.29094726207983057,-0.7145451286553911,-0.2935682459384078,-0.40398540508473446,-0.7387290204864114,-0.3323406447137752,-0.4986380020121645,-0.7318583328633897,-0.3599514407181942
C,0.0,0.0,0.0,-0.21567687653537684,-0.06909094564525622,0.048761492289805655,-0.40145368121040814,-0.2292355759363194,0.03450127188066722,-0.5686726955964335,-0.26955739863401906,-0.009119493654777261,-0.65573799930765,-0.2662457522318137,-0.058819498457747865,-0.22247877104071992,-0.7668969652643115,0.053610680964740115,-0.4070112196026981,-0.9202806916043439,-0.0055299936646345145,-0.5561235349902691,-0.9395913417408864,-0.05756764570909209,-0.6882907456113512,-0.8760036708017352,-0.09328711972610687,-0.1937143327279419,-0.746929295100077,-0.03511376728043961,-0.44822175655651236,-1.0,-0.12139016446544257,-0.591063102713643,-0.9330170424085347,-0.19381021409719612,-0.6912705637167423,-0.7931084728158939,-0.23363879599090703,-0.1715905594068784,-0.6874342382193391,-0.12884667568323974,-0.3780900412179543,-0.9314359781707731,-0.20666017949433652,-0.5218687047170271,-0.8906368107084505,-0.2704214747099678,-0.6386334217655745,-0.7821013378243366,-0.30469011489615083,-0.1779526838223848,-0.5635650773360005,-0.22330673639025067,-0.3341485573813594,-0.7313167737349705,-0.28916425927444755,-0.45302389759076067,-0.7529593960256534,-0.3372480094182805,-0.557876369169911,-0.7320924711770526,-0.3700436247562823
C,0.0,0.0,0.0,-0.23651480267818267,-0.060781513084615296,0.09027538759376035,-0.4276366279034963,-0.21701508822382629,0.09261312418658423,-0.5994263545658768,-0.23426775201947217,0.05633187878853839,-0.7178653397873433,-0.22597136402220672,0.01422325927601329,-0.2697755822756571,-0.7706270310955414,0.10626745891312489,-0.4555566463891347,-0.9135269616147637,0.058885377191597935,-0.6024025343522783,-0.9282612964131397,0.01234673140228872,-0.730449302378669,-0.8652787272685913,-0.02016190773775795,-0.22855903411741652,-0.7734110512349899,-0.000597530721939899,-0.47840069696283993,-1.0,-0.07223646898570216,-0.6289740430828713,-0.9301470749630147,-0.13460681609825903,-0.7346073737423321,-0.7965819527969704,-0.16968430751891944,-0.19920131027736837,-0.7286514224004271,-0.11079578146522409,-0.414580946303451,-0.9595105855421716,-0.17217668349014378,-0.565956853275035,-0.9086102287996827,-0.21788305526857632,-0.6814308331028615,-0.8008960665738394,-0.24314112387854972,-0.20513471329102229,-0.611226712864799,-0.22022533769416983,-0.3771185950276347,-0.7680982261050576,-0.2688897932278688,-0.5057176973248104,-0.7913152220371796,-0.3019720818552503,-0.6097890075103892,-0.7779442629270763,-0.32626097143588734
C,0.0,0.0,0.0,-0.22810558581378598,-0.04490426570154528,0.09832969494267808,-0.4132348321591835,-0.18998181310937917,0.11026315068355073,-0.5749094399887528,-0.20732915516131653,0.08331752208753596,-0.7074360957556666,-0.2000727715267622,0.050673116213931155,-0.2961739231501524,-0.7466618258823398,0.13085269740520744,-0.4554013787049025,-0.9059094513717852,0.09911811347601229,-0.5931492517253781,-0.9261323071829132,0.06045940065334576,-0.7111022310144499,-0.8756034255338991,0.030991388172749337,-0.24952445884165064,-0.7740128564361962,0.02531294932869029,-0.453817339873185,-1.0,-0.022695367599097148,-0.6099689802380571,-0.9724394817085652,-0.0816736358424536,-0.7259854460940522,-0.8773397373874503,-0.12046654862665747,-0.20873965267372455,-0.7477442124768819,-0.08313697958227502,-0.40441917278105255,-0.9772217532545987,-0.1298954314339449,-0.5633900108498272,-0.9633860767140501,-0.17866326310405745,-0.6833835484826318,-0.883440843079306,-0.20967828211671719,-0.199188889041994,-0.6413889456376325,-0.1897556537865062,-0.3634055077501476,-0.809229762116589,-0.23117621230198301,-0.4977059195563094,-0.8414613177597473,-0.2636488835382383,-0.6011996517990283,-0.8293220126080065,-0.2890251077384454
C,0.0,0.0,0.0,-0.23597482800580286,-0.030430555336143944,0.13591073799489012,-0.42567571310426217,-0.17086497391235841,0.16951583597408523,-0.590346167237057,-0.18125386862562823,0.15797305987397992,-0.7296493109460999,-0.16670855433781542,0.14055248607922158,-0.31396098640439035,-0.7612948481036784,0.18803705107079857,-0.4867762502854346,-0.9009931378762274,0.1761989027753122,-0.630935730908403,-0.9210005360938027,0.14762900634010004,-0.7514035789236557,-0.8714374022777729,0.12347756250797927,-0.2702673924278443,-0.7940098031511975,0.07004436050360804,-0.49042858165746744,-1.0,0.04405011666463478,-0.6519523313515165,-0.9784451515311294,-0.005140732459837666,-0.7732260639656539,-0.8884708442318214,-0.0390665676495642,-0.2357415564200259,-0.7685297550525251,-0.049765708955725046,-0.4518285968806439,-0.9826403471212501,-0.0790589915803566,-0.6171153639806104,-0.9714200248781992,-0.11855785158601502,-0.7413955713686928,-0.8966272457519233,-0.14545366022699363,-0.23498347505727668,-0.6552633722372345,-0.16508983964464355,-0.42247166529856406,-0.8196134626222804,-0.19556735191499566,-0.5617263902791606,-0.8462180151727061,-0.21983000751401638,-0.6657100206456638,-0.8290047468818647,-0.2400217200331505
C,0.0,0.0,0.0,-0.23569747565461208,-0.027818563144507282,0.15085912110939423,-0.42738513056369176,-0.16017484130552848,0.19551157208283432,-0.5897927273758704,-0.16472899097095406,0.1925659402164672,-0.7253768081242226,-0.14414250759372546,0.18562887073961462,-0.31294387108561283,-0.7845242335989295,0.22244406154839122,-0.4848701120475987,-0.9228563211246973,0.22883853212327857,-0.6310334766290115,-0.9430911697549068,0.21065179686628488,-0.7519725749924709,-0.8966357564568566,0.19241988196689913,-0.2738183529144806,-0.817263076182523,0.10416081835187703,-0.49656342731672237,-1.0,0.0998640662076559,-0.6557812840216003,-0.9834808836668788,0.06306016379192936,-0.7753209344891535,-0.9044918523350967,0.035864978038684346,-0.24812774310558136,-0.7899517346897064,-0.01571007834331946,-0.47435506516713705,-0.9769918043659437,-0.027807792798281432,-0.6371483965372111,-0.9632093282066128,-0.056210403190944405,-0.7599638187450102,-0.8893318272409728,-0.07697406610920413,-0.2578250202096127,-0.6706544327251401,-0.13066717078331838,-0.4546112746697011,-0.8199599853840077,-0.14838562022007712,-0.5894159609639548,-0.8450832035385384,-0.16353889313452433,-0.6901334543546397,-0.8222381030243925,-0.17765249983502246
C,0.0,0.0,0.0,-0.23135463740841505,-0.020576444414273774,0.17936269767763294,-0.41536158008197854,-0.15371331261606164,0.23738263229067172,-0.5658214500794181,-0.16067012435041084,0.24352091150270572,-0.6938181575489152,-0.13381404500450084,0.24586579471673609,-0.30197895928300345,-0.7823462897541196,0.24993345563640956,-0.48222192582886847,-0.9261131912357062,0.26737296739546934,-0.634666961350503,-0.9387429440391445,0.25689122897429345,-0.7579126196585653,-0.8847661104717169,0.24274892578932739,-0.26737287523303294,-0.8194485926230559,0.12184629246143794,-0.5024300501000639,-1.0,0.12593908501943746,-0.671775189776356,-0.9763432016033518,0.09551052509298089,-0.7954932293235228,-0.8926946095832473,0.07242714127979354,-0.2504738106497644,-0.7937555857470189,-0.004984603105143537,-0.48628727370220165,-0.9791544105531466,-0.007532193806187859,-0.6577473174120203,-0.9531291566612252,-0.0290708687466646,-0.7843788597336473,-0.8664644561705787,-0.04614799891420504,-0.26717109442645237,-0.6758569628776334,-0.12443496576092201,-0.4683511327013917,-0.8192248768601701,-0.1326524657185595,-0.6056157230598453,-0.8332260322398116,-0.14199242988869198,-0.7084605205612147,-0.7961386991988751,-0.1526782621627887
C,0.0,0.0,0.0,-0.22232636749244608,-0.0040324537824008065,0.16015462159091667,-0.4036003318647072,-0.14231762448902943,0.21223522808033912,-0.5541426392274551,-0.16117603657694998,0.2206364000737901,-0.6800234172931887,-0.12177854444385725,0.22623392329995834,-0.30047342542561856,-0.7740357426704232,0.2040544911128786,-0.5058525274924871,-0.9337211587352815,0.22102549964192472,-0.6532527923480249,-0.9978418532293956,0.21601628203298223,-0.768760386806069,-1.0,0.20707390581395152,-0.2701803552306916,-0.8138148689550008,0.0953284837049277,-0.524041258356264,-0.9957363491906308,0.10024621789196948,-0.6960026926808645,-0.9717592780249432,0.08657738633998889,-0.8224656706278698,-0.8949796997106703,0.07722785630207689,-0.26522024005290956,-0.7820046003385348,-0.010420405814345645,-0.5125371282620151,-0.9585993133869031,-0.009010494697698896,-0.6865656877136687,-0.928466942057592,-0.017522799743858772,-0.8149977911602284,-0.8529087161689637,-0.024136309095126894,-0.2939828741802793,-0.6552283827444719,-0.10989575586157531,-0.5000425349168568,-0.7869433710948303,-0.11201258629707847,-0.6376797792904725,-0.8062019910856255,-0.11573221090206558,-0.7444488854979535,-0.7862225864000119,-0.12151281641662262
C,0.0,0.0,0.0,-0.2368250293097206,0.0027953297600032826,0.20732440579552627,-0.4084948139876743,-0.12992770648871724,0.28462055583393925,-0.546216512465517,-0.1580826541374217,0.3106183608949203,-0.671819001569057,-0.11225939035366683,0.3341562892380677,-0.3089673548674032,-0.782086760917858,0.2605609123918455,-0.5258826023674503,-0.9181360903640913,0.29470243653047545,-0.6808375564822201,-0.9104389857313421,0.3066541913936508,-0.7981853982567737,-0.8465356086422279,0.31134353944225657,-0.2833223596744668,-0.8216191856446718,0.13591089853747162,-0.5595924596560011,-1.0,0.15022320762533986,-0.7261458665574068,-0.9274484678430346,0.14850813303036528,-0.8346419861928782,-0.808484161559615,0.15218486572343382,-0.2847675874385076,-0.78465070087381,0.01715582943761631,-0.5528785285390775,-0.9657731683574806,0.026821677380215885,-0.7277383423785712,-0.8936017247814646,0.030404398250747228,-0.8444976582274153,-0.7775097400289439,0.03580714098673426,-0.32528681248058366,-0.6453145585325016,-0.09083462044820169,-0.543654955834909,-0.7804852699095227,-0.08355762224232756,-0.6890875407833597,-0.7819161977214996,-0.0778865578740984,-0.7940670120623204,-0.739693724041183,-0.0742452318105291
C,0.0,0.0,0.0,-0.23208031935357729,0.010505506288584399,0.24463457185914475,-0.39602625313155226,-0.11296098860290812,0.34262188687461276,-0.5297021821946946,-0.12640994869697736,0.3806638373033803,-0.659521382366189,-0.05134092662149496,0.4167450469790845,-0.31905497823364554,-0.7946512445241926,0.32885377009332517,-0.5303412325907595,-0.9456889815056004,0.3830769777251631,-0.6759641243140697,-0.9216067998036575,0.40982515091176874,-0.7788899317159991,-0.8456059718125025,0.4247493124391134,-0.3027638521635691,-0.8269523755575832,0.18854642312481093,-0.5836196311396271,-1.0,0.22116772425015874,-0.7411410526732511,-0.9064399475830218,0.23354523915220962,-0.8319175849780673,-0.7787008330239598,0.2491205066436807,-0.3130793121608779,-0.77835264294903,0.05394020167255405,-0.5825978032965082,-0.9571886246818435,0.07839285519257987,-0.7506931688413367,-0.8626031646024095,0.09945170837008016,-0.8488736098455982,-0.7334700262779797,0.11791156006448235,-0.3624176457297072,-0.6309621101392486,-0.06880880266387064,-0.5820078174831217,-0.7672854208909412,-0.04940545799654851,-0.7237096488555212,-0.7446406419416266,-0.029638393155702016,-0.8151226519807035,-0.6816121316286936,-0.01418063455007955
C,0.0,0.0,0.0,-0.2416566118343263,0.009295165876940941,0.2267981740977859,-0.4032839177764219,-0.09440680770523056,0.31220652297433044,-0.5340020448933198,-0.10769354144632652,0.33970141209018984,-0.6674799037369654,-0.0773014143179877,0.36451476673519856,-0.318461319773242,-0.7901627096552618,0.3118036640956068,-0.5397556144172643,-0.9082052720600718,0.35993704324997766,-0.6915337897951988,-0.8758194117213424,0.37656737076857955,-0.8065644896385128,-0.7989211261138792,0.3831283310071368,-0.2960823336694718,-0.8320991046872914,0.1769221941901094,-0.5740513982090292,-1.0,0.20579348183070123,-0.7423961668341963,-0.914305413549075,0.2053176469414278,-0.847930082478947,-0.7852809127136218,0.20835190554239738,-0.3045498714467334,-0.7984697514773561,0.04702062195036191,-0.5759251102343856,-0.9869476961275143,0.06718235629857942,-0.7456544397962619,-0.8991871694762813,0.07502594176526593,-0.8518175762175,-0.7696290492713947,0.08177630369066045,-0.3508929435854019,-0.6699968947756354,-0.07147730522872686,-0.5663958382869955,-0.8206148473761178,-0.05674418533954354,-0.7076024894034354,-0.8001636475906017,-0.04464054262102485,-0.8079915760670418,-0.7330235592304009,-0.03694398850264143
C,0.0,0.0,0.0,-0.2230900292466213,0.03958784628399366,0.249247753774153,-0.3995426096370156,-0.061930449870729286,0.359014742366134,-0.5412581017030458,-0.0802809490728486,0.40280928890305095,-0.67091279277683,-0.04851244142842789,0.4440656079343147,-0.3249312590956776,-0.7423829675975094,0.39742661949791236,-0.516009473009809,-0.8811515411467657,0.4608992425211724,-0.6623156690367198,-0.8747641741313796,0.4772637913377485,-0.7759686660321076,-0.8142319871820497,0.48097029009474007,-0.30241611448858385,-0.8034197046815121,0.2492889442963894,-0.541072379715572,-0.9829369139466516,0.29856601686841744,-0.7084681231275194,-0.9316705147167659,0.29007860847343786,-0.8258336421497077,-0.8215201976712905,0.28408661645116423,-0.30208896720640205,-0.8036370825982063,0.10177145655630943,-0.5444767966360443,-1.0,0.13230791516537166,-0.7113072170116587,-0.9415633707406299,0.13244716614070923,-0.8192983944069483,-0.8194566200326932,0.13204765859028392,-0.33437347730118616,-0.7228346209985771,-0.03477212315126757,-0.5463457929486147,-0.8800473650490451,-0.016820267173861047,-0.6906866743663682,-0.8630542893784093,-0.006116120345045074,-0.7878445013218781,-0.7877396478088803,-0.00046636057863720106
C,0.0,0.0,0.0,-0.24317057019866498,0.052444122572382616,0.24672668207882825,-0.4345131090802918,-0.05215129517885793,0.35206260152305613,-0.5860422202161989,-0.06555388960758876,0.39051328309941685,-0.7310595753211665,-0.030918836872012287,0.4222428343114943,-0.3598305864420697,-0.7438174000894086,0.38521752990423325,-0.5545994805253027,-0.8629747450382651,0.43768747402914054,-0.7085469723433042,-0.8651476012134811,0.44070417304691617,-0.8305240857673306,-0.8194266417658997,0.43330160092361153,-0.32938477843652036,-0.8087265749759819,0.22890927517692505,-0.5719979327374928,-0.9773438951174686,0.2674605097245801,-0.7454706936641436,-0.9470922432111155,0.2437603625582125,-0.8758392073244866,-0.864210773312096,0.22396998302039745,-0.31316148156157103,-0.818147211308038,0.07249399835532302,-0.5526363832597446,-1.0,0.09634676737895354,-0.7318413090889833,-0.9738787526476019,0.08356439153351058,-0.8590217400441021,-0.8898467402954502,0.07003378126419124,-0.3230268529312599,-0.7486718519640505,-0.07324401155784568,-0.5344574059481539,-0.9156813684148243,-0.0651537345755457,-0.6880034000941333,-0.9305000827113773,-0.06528832941808066,-0.7955830751040732,-0.8982280316686508,-0.06998866233480797
C,0.0,0.0,0.0,-0.22335346817117216,0.04679463289207162,0.1755262995056656,-0.4235001929346062,-0.06336471143122988,0.24696339925423,-0.5847365165730991,-0.07736298759649614,0.263244158264353,-0.7343874823280578,-0.0511731994774674,0.2729842803475283,-0.3678642891499355,-0.7060781595499445,0.30750312626357007,-0.5502196203235875,-0.8355095456222518,0.3329447916368664,-0.7020379012976651,-0.8493891941901914,0.3184949067990001,-0.8246831297606875,-0.816124478134682,0.30015249900367313,-0.33371272196404245,-0.780781142957129,0.1779908153002162,-0.5599486759896974,-0.9652083929903832,0.19262004199876295,-0.7346624676890828,-0.9527979691834061,0.1504233131767273,-0.8735471551838997,-0.8902027444494641,0.11742732158127288,-0.30718868960550944,-0.8094522249869043,0.04424285723265537,-0.5357720970536309,-1.0,0.04903266272293829,-0.7100580055998816,-0.9896820352014214,0.018000884641342054,-0.8431470759230902,-0.9213469922027618,-0.0077732289098179095,-0.2959647614525334,-0.7643061861765678,-0.08508712901752738,-0.4993290401127138,-0.9325295105370414,-0.09160938141289866,-0.6484858889726971,-0.9560655553677285,-0.10583932464410131,-0.7627836339169921,-0.9322294815721364,-0.12099649220591206
C,0.0,0.0,0.0,-0.21908832946454299,0.052445157620624315,0.1908135770065033,-0.4232300953682706,-0.061446495540089914,0.27480080196443224,-0.5834882634790833,-0.08174430848630855,0.2998877560177712,-0.7346793224493031,-0.05946125443072009,0.3190139253583129,-0.3698340401418687,-0.7034946584984666,0.34756865097770323,-0.5479449706975285,-0.8298089313890474,0.38609090339565255,-0.6965883053627111,-0.8447666353521385,0.3769040349305965,-0.8151097061826019,-0.8090887472296283,0.3612346038730831,-0.3359339031363446,-0.7816657900741159,0.21290828863611921,-0.5566548371305323,-0.9627306947004892,0.2421868726052946,-0.7273992838006768,-0.9472955602283354,0.20293797673699127,-0.860462926562254,-0.871520418536344,0.17108662933747182,-0.3068360293463905,-0.8158076952328719,0.07311660612472977,-0.5292781554921647,-1.0,0.08958208051840802,-0.7007558334467012,-0.9831601036485889,0.06002275037794254,-0.8307001635710988,-0.9059919831951316,0.03390185786568542,-0.29033816476869206,-0.7805158648969138,-0.06154517554695187,-0.49812841241769223,-0.9378579255928248,-0.06031625661587347,-0.64704334794797,-0.9560440431519197,-0.07212537091104486,-0.7582834782478289,-0.9258051350827335,-0.08613569881378914
C,0.0,0.0,0.0,-0.22796811588165952,0.043466973021365395,0.21713024963776423,-0.4321060780807207,-0.07688108015409754,0.3101442627738445,-0.5896190024864995,-0.09271123854830748,0.3401028578804825,-0.7415287498525613,-0.06696367309960491,0.3633115874688306,-0.3776346007051034,-0.7117853094198341,0.36333479751017445,-0.5590020935082505,-0.8342650991491739,0.4060616191785122,-0.710250287769711,-0.8520673347125148,0.40192608238861566,-0.8300820446852458,-0.8200732430734892,0.3897030107080304,-0.33976095317188104,-0.7884274894482655,0.2160448656513221,-0.564576465467822,-0.9675384950716275,0.24802988208387075,-0.7353716372009793,-0.9542021177516339,0.21737987135692316,-0.8667613522132608,-0.8794734945343431,0.19199404256757338,-0.3088139101338253,-0.8163204444163413,0.06587648041539271,-0.534078953011365,-1.0,0.08646940220408539,-0.708457626629515,-0.9831737105349655,0.06899544014937083,-0.8398456283284792,-0.9096476726432211,0.050546455579309944,-0.29462135802460543,-0.7709146432124068,-0.07732327060805767,-0.5052249363544259,-0.9298935213252093,-0.07229762070146806,-0.6571372536904635,-0.9544962722317796,-0.07636568239423981,-0.769374428081291,-0.9366748689757026,-0.08501132909800435
C,0.0,0.0,0.0,-0.23147985075946456,0.03876989454412403,0.22186416367879158,-0.4363979330485086,-0.08059130373278164,0.3169831330866581,-0.5972972936210961,-0.09815369925284519,0.3474112270869764,-0.753281999594662,-0.089132236744565,0.3713802472981058,-0.37327903437075366,-0.710892573202265,0.377285613129205,-0.5536518092626522,-0.8253615328847412,0.4214120078385927,-0.7043449235502708,-0.82391004217963,0.415570897593472,-0.8228720505883521,-0.7726228765664339,0.4021342166855694,-0.3371617366418703,-0.7882305638414068,0.22825528215308866,-0.5621647766764737,-0.9653957825810778,0.2564481414042472,-0.7327500275439377,-0.9227340452591103,0.21766464491558918,-0.8609030875053898,-0.8172274068300804,0.18841891354583257,-0.307314282449819,-0.8232480083352716,0.07658962203031751,-0.5359367455171391,-1.0,0.09282763701694,-0.7100983284570362,-0.9503051868295092,0.06701389388422174,-0.8342778795656627,-0.8422546039181762,0.0447061777731265,-0.29272200753819766,-0.7868668328824289,-0.06689313546469398,-0.5080350222867861,-0.9331385534876065,-0.06307302254135046,-0.6588380402862393,-0.92497570012609,-0.07062115642257012,-0.7625324100333384,-0.8700200356642985,-0.08131046896669143
C,0.0,0.0,0.0,-0.23498436468478556,0.028846307996969238,0.19508625840953608,-0.43933472267230717,-0.099730347061652,0.2814487647655463,-0.6023013317686409,-0.12591406862158136,0.3070042654079746,-0.7568866866145051,-0.12673290074319574,0.32711407913195917,-0.3657957260412828,-0.6779434643188319,0.36616513496213565,-0.5263041803226216,-0.8080362745062268,0.4050134452612548,-0.6697325881806238,-0.8134462494647352,0.3945522457529079,-0.7838137255324703,-0.7715418577892262,0.37871111687463604,-0.33098706862191307,-0.760310556952892,0.2298644694482024,-0.5251413856395244,-0.9534773221867793,0.25518375150734296,-0.6853991928212548,-0.9250883594600042,0.20831357310564888,-0.8115266486957008,-0.8315508863918526,0.17376627360978456,-0.295788233163497,-0.8093831571561737,0.08809910012075149,-0.49804186790577215,-1.0,0.09842445874124824,-0.6657692240078571,-0.9656818015721886,0.061689449278684486,-0.7898518108451362,-0.8705407177705919,0.03299459233161923,-0.2708983238486569,-0.7964293347105104,-0.04773027186619009,-0.4679636631360474,-0.9566203616327951,-0.048634189390800664,-0.6134583893198464,-0.9559455382660285,-0.06310605690738987,-0.7151287913690716,-0.9076347747808109,-0.07867653363109726
C,0.0,0.0,0.0,-0.23508811591747186,0.028315416903864465,0.16078253764458736,-0.4409754362439416,-0.09402091219111704,0.22089632180176158,-0.6042102881114049,-0.12211656051892371,0.22470439028372924,-0.7598202653614309,-0.13172864299042764,0.22095819047173257,-0.3838118267790056,-0.6603678507883077,0.2965581935243811,-0.5311627306118382,-0.8333315821158593,0.3012359626886268,-0.6744676584603878,-0.8432630866546279,0.27109307661513027,-0.7906875195007282,-0.7950080126494677,0.24351101428778882,-0.3413002668081208,-0.7366969501939372,0.16364059368922415,-0.5219493727083706,-0.9713711889037552,0.14734398508223728,-0.6836670803595356,-0.9416589087732566,0.07904317858575872,-0.8099357959432734,-0.8402055715481651,0.03363398390320708,-0.294150561272574,-0.7790725235194959,0.024613175817360403,-0.48278267498063615,-1.0,-0.0004967224148816429,-0.6501520960027005,-0.9769796011183755,-0.055440393326069724,-0.7742806394944814,-0.8865834325904963,-0.09235565559005769,-0.2524371140570153,-0.7590003637739541,-0.11042676134232043,-0.43467912737165076,-0.9502460866096124,-0.13971160154667533,-0.5814031322165137,-0.9653680338366185,-0.1708425475613597,-0.6874618764564369,-0.9273300971571767,-0.19617953065311533
C,0.0,0.0,0.0,-0.22855792711244238,0.0500166109024703,0.13655224652601514,-0.4423045163012897,-0.0699202824285298,0.190296948572018,-0.6102541066267415,-0.0933326620090538,0.19064902480909016,-0.7641093858405136,-0.08841537566579596,0.1843170646837843,-0.3932250259851151,-0.6444503157984853,0.2987210951879286,-0.5318779810173766,-0.8115172349661766,0.3065695484332813,-0.6724020064723751,-0.8311878563779332,0.27556907243812645,-0.7851246785310659,-0.7878709852498357,0.24707269614053123,-0.3504521571294611,-0.7283544251066971,0.17719661287161056,-0.5215541288274572,-0.9584918776595689,0.17028495220394796,-0.6817980316531584,-0.938074544657087,0.10140134097352373,-0.8077920412319938,-0.8362685456748976,0.05393360636003841,-0.30231809695092493,-0.7760430495987826,0.04561330590196892,-0.481120070666174,-1.0,0.028336556212497404,-0.6461960869338701,-0.9839168633761609,-0.029587641736759995,-0.7719609278335693,-0.8919670309803581,-0.07031162875461673,-0.257272019122027,-0.7645898637796661,-0.08526923118227402,-0.43923162234751056,-0.9501590377058465,-0.10938282482651687,-0.5869595914718418,-0.9619735250040686,-0.14135159589252788,-0.6955626941161762,-0.9162139191217155,-0.1683103225150129
C,0.0,0.0,0.0,-0.22625947652550135,0.0429203276394311,0.1082896681667796,-0.43939543524940444,-0.08009508495468007,0.14783140439092765,-0.6042188609187648,-0.11254720408959279,0.1388618731707535,-0.755897090612897,-0.11343312590453648,0.12286163236148484,-0.40373195632435355,-0.6260064399126145,0.2610127618023401,-0.5291159496628537,-0.8125981157609132,0.2567775087670621,-0.6619290424254138,-0.8464299491977875,0.2181407428515584,-0.7698261180878463,-0.8149484889752338,0.18448826159503592,-0.35789917139719835,-0.7065810610184523,0.1488186956951234,-0.5112915786435818,-0.9546809237144536,0.12970883834658295,-0.6630573753444947,-0.9489753992775188,0.05284473232963501,-0.7838517896373525,-0.8636711987042219,-0.0005467254433618089,-0.3026038102860798,-0.7560153594665674,0.02551034409864072,-0.4581190767127025,-1.0,-0.0012430792574021907,-0.6140838181777893,-0.9999877726557604,-0.06735852791283482,-0.7346421219194368,-0.9213574594675552,-0.11398263959494097,-0.24477071460283958,-0.7491070167602717,-0.0995693438798242,-0.4037323834804842,-0.9477985307430942,-0.1321538880895493,-0.5436865656460216,-0.972242753896932,-0.17196196950977938,-0.6509526249144687,-0.9379707360674351,-0.20453569465563318
C,0.0,0.0,0.0,-0.22012950355462035,0.02616013772456568,0.09323955201091393,-0.4209669933400758,-0.10029191172658514,0.12217708405351835,-0.5781873493534697,-0.13863338240703632,0.10717133438618538,-0.7256309564269955,-0.148391924152738,0.08482130277561607,-0.3827929876997545,-0.6127962423642936,0.2181544565229241,-0.5015732250145863,-0.8056603183563903,0.20258608398274688,-0.6272387648239478,-0.8574286175123171,0.15953474905595832,-0.7333687053512281,-0.8484997889199862,0.1231935238125991,-0.3354127252034474,-0.6863794346347328,0.11234827231055702,-0.4759611546940821,-0.9393355320491878,0.07991782636391047,-0.6184697892244682,-0.953339333135283,0.0010445537585988287,-0.7336142453087159,-0.892454321544398,-0.05328692230377552,-0.2769530250275885,-0.7306828870479164,-0.003278462660818599,-0.41728420257427096,-0.983972680156586,-0.04272006342948622,-0.5620097944418065,-1.0,-0.1118827874756967,-0.6751655517417599,-0.9400356346678144,-0.15892806845899216,-0.21515533925454605,-0.7181143169031065,-0.1204036514800944,-0.3562853703034697,-0.9220523272703034,-0.16247469101418774,-0.48505364230290354,-0.956885775675847,-0.20623581077514477,-0.5839695221856204,-0.935896789691066,-0.24057225164105833
C,0.0,0.0,0.0,-0.20941603186956043,0.021344500071600405,0.07945939788820251,-0.41115905302379085,-0.11518850053590611,0.10107844513210541,-0.5672583107330007,-0.15606515278011016,0.08273817671434676,-0.7128128628634818,-0.15837800547194641,0.056767996189577605,-0.3758831880250613,-0.6166143259051069,0.18306784149081587,-0.49176854600116715,-0.8073419535702276,0.1594210592609598,-0.6159635400357962,-0.8695219705548812,0.11280657679228949,-0.7221385665319355,-0.8672120596624848,0.07425786642730292,-0.3249727060845188,-0.6872025541600235,0.08340190774771813,-0.46058926137499107,-0.9339284809664579,0.04599976683073831,-0.6031588344331342,-0.9580893800441889,-0.03362897571155081,-0.7206097283213314,-0.9038847309240761,-0.09014102397580936,-0.26370689067156394,-0.7240073570913721,-0.02551638879633566,-0.39836152740620245,-0.9729490073471192,-0.06884543131989698,-0.5422037528186427,-1.0,-0.13987557145126678,-0.6580559033637832,-0.9489515526518277,-0.1893959409691986,-0.20058824022155838,-0.7017868489797839,-0.13642963983025352,-0.3420786216343321,-0.8962208447731105,-0.1828922581354659,-0.47342906912690186,-0.9423159999186268,-0.22999170122790144,-0.5772985226382935,-0.9345578266025627,-0.2674598051414321
C,0.0,0.0,0.0,-0.2141263924224165,-0.00030446786668452026,0.08816529583078547,-0.4049910811638005,-0.14376203524813333,0.10971991588158857,-0.5599813652913008,-0.18285347762878512,0.08864697351050121,-0.7009533749705097,-0.1909949045469327,0.060128118022746875,-0.3543527746427683,-0.6158891776817084,0.18701939798732659,-0.46616361720578203,-0.8249462697904113,0.1569498834701074,-0.5888793111693479,-0.8663735266783991,0.10765262788527406,-0.6922086912026322,-0.8382959802271235,0.06872388676625103,-0.3048135811797413,-0.6808027530430846,0.08068968688508914,-0.4328343487575798,-0.9708174623480051,0.02630184139974186,-0.5732647722707883,-0.9639659888669969,-0.060265149152588356,-0.6769819104641301,-0.8636243990346296,-0.11624500615232056,-0.24281192812645458,-0.7157603666526389,-0.03390104394140562,-0.3700328697770211,-1.0,-0.09236835160459082,-0.5112457836779718,-0.989280708613093,-0.16641050824932305,-0.6098218384758115,-0.8911733111597835,-0.2126009661506627,-0.18115479401393858,-0.6953185275870204,-0.1493053869324278,-0.3106725950226677,-0.9100467322308727,-0.20410057400880302,-0.4346878566737443,-0.9296739503828962,-0.25256832651787325,-0.5202506997978716,-0.8867940450229865,-0.2882562246375052
C,0.0,0.0,0.0,-0.21748167267604152,-0.0068104709705356335,0.08787560053200195,-0.40336867875715826,-0.14936390699636035,0.10698389059104463,-0.5509832830117838,-0.19263565899140225,0.08282253046909392,-0.6852519120573307,-0.2128168323951165,0.052070567671499306,-0.3483167782919502,-0.6090384532072891,0.18571946448123242,-0.44955023157539914,-0.830122684616917,0.15227083716856932,-0.5690830175996512,-0.847317402802722,0.10254888985812971,-0.6685885324629878,-0.797319549125774,0.0643615311371246,-0.29450539320539404,-0.671924927356361,0.07847317247684957,-0.4156292277371405,-0.979457611306632,0.015547188860020255,-0.5541517305990694,-0.9466959680975289,-0.0729432981194148,-0.6502017642577669,-0.8195196509228101,-0.12737651107402728,-0.23018197060941925,-0.7039798170462361,-0.036867854517959896,-0.3515878933136993,-1.0,-0.10192275167545668,-0.4908328267549356,-0.960232590204419,-0.17506407547608246,-0.5817303003645584,-0.8337642629101332,-0.21797387036474763,-0.1675661112008984,-0.6819862864793319,-0.1528011541662201,-0.29260654021230204,-0.8951405465745179,-0.20952561643316847,-0.41320635541092,-0.8948435726130761,-0.2560139104663706,-0.4918581163750206,-0.8330081538516014,-0.2890124404823523
C,0.0,0.0,0.0,-0.20991411437663368,-0.017947277482648592,0.07956992582168763,-0.39116550252890714,-0.16594436641371008,0.08783098178764007,-0.536273752718012,-0.20674665717124405,0.055281620624208404,-0.667410768979055,-0.2240084541931486,0.015441815557837931,-0.34330082652858784,-0.6275496553430326,0.14396768065087673,-0.43705416105807043,-0.8575698462895529,0.09717855096010766,-0.5543009601073688,-0.8792405828935377,0.042633543432469105,-0.6524556759521045,-0.8273035818873496,0.0023116636248803513,-0.28733625731225265,-0.6797675966331824,0.037344383780335125,-0.3974583277675508,-0.9935114996312752,-0.037630946259042945,-0.5331225976567594,-0.9709625220622351,-0.12557866427008652,-0.6296279317183211,-0.8522769846921878,-0.1799117223112525,-0.21877615753127444,-0.7001054600524356,-0.07588402936500253,-0.329567307502306,-1.0,-0.14877542976660832,-0.4660362117057694,-0.9741161965457634,-0.2190160706562588,-0.5578913838524595,-0.856795642644354,-0.26036999139108435,-0.15208813670246946,-0.6649148613112378,-0.18997724655659165,-0.2662132233508356,-0.8829634986100693,-0.25176685592560183,-0.38509576966275705,-0.8991538495586763,-0.29789535357532665,-0.4664590794445968,-0.8510527430679331,-0.33084497560270476
C,0.0,0.0,0.0,-0.1952637054167694,-0.02190604733188797,0.061594861974309016,-0.3682589241175868,-0.16506667405023376,0.05371583410295478,-0.512424243356511,-0.1954525919079523,0.010186345835428223,-0.6441722779578988,-0.20703707659186069,-0.0409338840054437,-0.32420227321083156,-0.6407617731636344,0.08744919489026572,-0.4181618756252775,-0.8758562581615397,0.02441093034740984,-0.5312970705453443,-0.9168520493818045,-0.036015269153838014,-0.6281028622700552,-0.8763634389002743,-0.07936605263478654,-0.26534137497547966,-0.6800859091703073,-0.013600202211205645,-0.36830599924103574,-1.0,-0.10465491638438751,-0.4976832837457461,-0.9918335892432757,-0.19224019792707642,-0.5941263430876993,-0.8846715633585014,-0.24549551840489672,-0.196076483792997,-0.6832393564439959,-0.12010881506651357,-0.2965976942858467,-0.9891989938229527,-0.20609845014005893,-0.42779918865731736,-0.9886528442579605,-0.2765305260353152,-0.5239176054466894,-0.8953107854235298,-0.31705861809081676,-0.13058189980059973,-0.6267872981354979,-0.2277380884097317,-0.2341239268251389,-0.8492503652839131,-0.3003861378417366,-0.34864617756101735,-0.8892092829604119,-0.34961953850128646,-0.43381874915244023,-0.8665754757065749,-0.3838986032514096
C,0.0,0.0,0.0,-0.19360905346249999,-0.041763981418917594,0.07026967422777992,-0.3598254558949838,-0.19585946118619213,0.06548278056752121,-0.5000925844005659,-0.23347544614719706,0.023971572729145782,-0.6336233658755431,-0.24596748936943172,-0.025370823566538647,-0.30506618708077665,-0.6623868728238751,0.09382006651747632,-0.3972667440747941,-0.8916720429560301,0.033051558739212235,-0.5076492722826967,-0.9401019054770035,-0.025347669820354572,-0.6049588048352155,-0.9082071177634428,-0.06684567600158668,-0.2482389390023434,-0.692225376659962,-0.009351235010978612,-0.35141926209645535,-1.0,-0.09549787492024786,-0.4775337003303286,-0.9979559987253497,-0.17722231981510878,-0.5763331957942802,-0.9005804532994888,-0.2267631217408643,-0.18207456391377164,-0.6855316027945222,-0.11765808209594995,-0.2819028619345403,-0.9871705032754913,-0.19888331381141167,-0.4096893000619317,-0.9987946900791019,-0.26389110567933033,-0.5083854454973447,-0.919830864155,-0.30130547978920863,-0.12349369290791748,-0.6201280639955904,-0.22645412375070917,-0.22246093642955403,-0.844501758907872,-0.2943613806060653,-0.3327109495440463,-0.8958946158549905,-0.3395089499621555,-0.41827518197826047,-0.8861219702586804,-0.37124849242688146
C,0.0,0.0,0.0,-0.19334595524474538,-0.04599424905160481,0.06954047007745366,-0.3566676317465767,-0.20128068085445286,0.061295645493654634,-0.49497861238906476,-0.23747480196652065,0.015959471783233606,-0.6242407486313819,-0.255259915060403,-0.037600287020728415,-0.2998459303324422,-0.6518352683499651,0.08249869758182515,-0.38457753010776274,-0.8895116884128601,0.013792199573625402,-0.4938551182604669,-0.9364374787937342,-0.04946245171768003,-0.5904359856019936,-0.9026801240463553,-0.09410970570772004,-0.24156728204163164,-0.6765156043562847,-0.023752571290452638,-0.33369766670547285,-1.0,-0.12307046953101579,-0.4598922309714102,-0.9948367016651906,-0.21136392457363565,-0.558282635225842,-0.8923635309591788,-0.26342727943593486,-0.17420944031792643,-0.6655662725980082,-0.13444640333764907,-0.2619960471834672,-0.9765800187284461,-0.22614955770882555,-0.38940863218310984,-0.9825433136997321,-0.2936764696411035,-0.48621180135668873,-0.8963359680449815,-0.3310250621588008,-0.11396738358524239,-0.5974437125720433,-0.24529899997044322,-0.2044200659878825,-0.8265578392880504,-0.32028872938416997,-0.31286005949860207,-0.8724413240355109,-0.36726668820584846,-0.3945778263491172,-0.8552954736882343,-0.3993696340579065
C,0.0,0.0,0.0,-0.18774153850314257,-0.019290370553158777,0.02084571166020875,-0.3529845710640067,-0.1588575824709423,-0.001008905208063328,-0.48847848104512753,-0.20256241214239676,-0.05213445484160037,-0.6181419121691909,-0.21593262557765178,-0.10965238378281329,-0.3283437290189407,-0.6267390946214021,0.07321834883190753,-0.42726521371313836,-0.8378636928215336,0.005904034981582333,-0.5259254185076643,-0.9059599158058332,-0.06376051558281406,-0.6126763104931817,-0.8998328623899018,-0.11248168568726338,-0.2645993872250633,-0.6779217192296936,-0.006083430176126632,-0.35437349046979577,-0.9721148828232228,-0.09745892411183309,-0.4587585884084982,-0.985425343891772,-0.19414628173392354,-0.5384260908460666,-0.8895002763422684,-0.25283169337752226,-0.18877671594430762,-0.6929815029141955,-0.09549900174417587,-0.2721023358204303,-0.9815794190976319,-0.18234526387572075,-0.38110477055538583,-1.0,-0.2649117627419668,-0.4615071972769624,-0.913322232583055,-0.312889383740758,-0.10990379073587773,-0.6519817354612599,-0.1896403219573079,-0.1962659443622946,-0.8831138320365943,-0.2614962339469434,-0.2974663704036287,-0.9419026545461161,-0.3176101935414187,-0.373141698909912,-0.9266169850427199,-0.3570895814107338
C,0.0,0.0,0.0,-0.16105961618610584,-0.019908203429607804,-0.0043134599039124305,-0.32042417044532256,-0.1673444584226523,-0.04268563217928479,-0.4462228345957511,-0.21283951557675615,-0.10401367234106774,-0.5646696738427984,-0.2156270150253548,-0.17123259204763305,-0.3209122480035656,-0.6190010367550267,0.015508220220160704,-0.4144738811735556,-0.8502820161691359,-0.06773544812573895,-0.5064247234134768,-0.9043126453982033,-0.1400316170495554,-0.580313417721641,-0.8694102789885841,-0.18682426917786812,-0.2524026273459867,-0.6685585537592795,-0.051057811686150006,-0.33518065835993116,-0.9892111429591414,-0.15810096031671014,-0.4290298156861204,-0.9804526480642137,-0.2492862767222436,-0.4923049925503571,-0.852739373863601,-0.29998774358236074,-0.1725760096188497,-0.6791610793340567,-0.1271157128031987,-0.24970691964678496,-0.9914200747688152,-0.22210955518702657,-0.347703675599087,-1.0,-0.2953606246645585,-0.4127306092942521,-0.8957480509318864,-0.3347335481715143,-0.08386603322003192,-0.6390227264126179,-0.20980167486051987,-0.16503250194466895,-0.874070156569052,-0.2828315088664222,-0.25828809833673255,-0.9265876682316421,-0.3321808552961498,-0.3245231734394017,-0.900226176991752,-0.36514233723151907
C,0.0,0.0,0.0,-0.1506946682444835,-0.040382089826011304,0.019574583620521765,-0.3002108871179798,-0.19706017279678098,-0.01188948558712935,-0.42332554554690444,-0.23942575523300852,-0.06996176838536247,-0.5281667778817646,-0.2508118216887456,-0.1336250686040744,-0.2646259378599061,-0.6133692497138948,0.017657482283884307,-0.33241971358730654,-0.8920311273680672,-0.06390122604935046,-0.4301769657549091,-0.9182410715081841,-0.1272502325379189,-0.5072957043555132,-0.8546432925103865,-0.1677460774848441,-0.20448007290518158,-0.6349505591720429,-0.0604631020566781,-0.27350870926129095,-1.0,-0.17433010150730524,-0.376633219643419,-0.9653420605795038,-0.2575200903469748,-0.43937054498916084,-0.8202869258539527,-0.29930743464507953,-0.13524944785206858,-0.6254444433728328,-0.1442889344821238,-0.19856125816757675,-0.9702486571846015,-0.24447319002730494,-0.3014199077512162,-0.9548009801728987,-0.3042581594114596,-0.36586722209312333,-0.8321465739168538,-0.3309667745205417,-0.06391850429371558,-0.5722151445301916,-0.23232689088786776,-0.1306679438660673,-0.8187249709163572,-0.30823890624919914,-0.2219224337927454,-0.8482349736331962,-0.349063869941276,-0.28508229765600307,-0.7960765788282727,-0.37295522040312945
C,0.0,0.0,0.0,-0.15309436965123976,-0.07944083379348184,0.049293289800986705,-0.29107697388792864,-0.25457951230195663,0.032584233973076075,-0.41245597512890375,-0.3148275686881876,-0.013542463044819394,-0.5235502294834383,-0.3495806630753878,-0.06616227740220741,-0.226951122532758,-0.6506950311770539,0.03750618143796564,-0.2837564228117953,-0.9187794378416948,-0.03340410831476329,-0.38279401120483914,-0.9599916923195986,-0.08922165134460802,-0.4684306828574595,-0.9146502539379221,-0.12620351374264085,-0.17367333986564337,-0.6561270503005129,-0.05051325040022798,-0.23335105486394594,-1.0,-0.14804144676227474,-0.34815305470898855,-0.9907738944743835,-0.22147529150464407,-0.4332251761323887,-0.8811979766393432,-0.2616475723340749,-0.1145020880198212,-0.6277866112446928,-0.14162572036188262,-0.17290241379882199,-0.9491231352139916,-0.2289329658121597,-0.2869910481848096,-0.9618066941056446,-0.28321810298759925,-0.3725090888287408,-0.8813167831376901,-0.3106733064007327,-0.061037057887808235,-0.55391248488705,-0.23376685037313238,-0.1270320495884636,-0.7802801920523718,-0.302593082532086,-0.22071404460403085,-0.8310732166543546,-0.3407132531115432,-0.2940660892296469,-0.8153566261341129,-0.3651141906474912
C,0.0,0.0,0.0,-0.1636393390710101,-0.08693224736008184,0.06073175353567484,-0.30542935693066403,-0.2562088151177043,0.04849787400474265,-0.4321138943235531,-0.31575974391935807,0.004817895709260042,-0.5323146797940106,-0.35308489259294934,-0.04547774806593641,-0.21372998816368877,-0.6437843421878685,0.04600899338318683,-0.28216277862111955,-0.9155130083164204,-0.022759842019009695,-0.3940330818809216,-0.9511767330673762,-0.07507382979295277,-0.4914503744105373,-0.9031048338432137,-0.10938921710828028,-0.16544616471406284,-0.6433884845646308,-0.047185985762096413,-0.2451342795738928,-1.0,-0.14592830849146785,-0.3693930042860955,-0.9788733470408668,-0.21627651084477897,-0.4600967499415935,-0.8630732555834947,-0.2520903319802898,-0.11219343787818897,-0.6122658730026916,-0.14241313442904432,-0.1844588458433953,-0.9490557192413689,-0.22952283787906885,-0.3083200299395562,-0.9483423074495684,-0.2799022309608612,-0.4023695652896021,-0.8590367302107174,-0.30295971955913853,-0.07294267970100304,-0.5359491470437456,-0.2375197553448803,-0.14295411740867828,-0.7696363296141406,-0.30453971763255466,-0.24553412323271914,-0.810765927810681,-0.3405132459273176,-0.32755008287632326,-0.789136281449544,-0.36275780471193103
C,0.0,0.0,0.0,-0.16348706071209929,-0.08379003482778519,0.05919967863051659,-0.3100524658294274,-0.2461529302357609,0.045304442825681294,-0.4402054878777,-0.2946073419166077,-0.00010123493365719138,-0.5364083232345548,-0.31703066502025795,-0.051051720658510276,-0.21709319436170757,-0.6320487172967241,0.047333959405012505,-0.2923071874492297,-0.9174453096896988,-0.021396174315338058,-0.4071090499521033,-0.9402981969959376,-0.0713819269569203,-0.5049689935519642,-0.8784205091936244,-0.10330850066282116,-0.1718529378748488,-0.6312737802474706,-0.04480593414896016,-0.2646875810308178,-1.0,-0.1455561758516734,-0.38866316320642286,-0.9577009716704605,-0.2136620850806599,-0.47538940519479495,-0.8257555434493745,-0.2453729744749161,-0.12017217715080672,-0.6036061157174771,-0.1390195329761629,-0.20333799449196657,-0.9501402471980148,-0.22447516018652225,-0.32711668186713655,-0.9341950858070409,-0.27145512479566813,-0.41797125909741845,-0.8321793708045537,-0.2909463875440685,-0.08216090070943097,-0.5324958908521384,-0.23375039813693702,-0.15946936671961429,-0.7672875607316453,-0.29635680292036887,-0.26405654933434136,-0.8029286577333571,-0.3299046374182746,-0.3460980220500658,-0.7785974455320481,-0.35011574074285584
C,0.0,0.0,0.0,-0.21211329836767995,0.014063668200572579,0.056827263439359656,-0.4027113256428499,-0.12069248090801249,0.05468041325563306,-0.5451735400900402,-0.15960054296631399,0.014152621149944061,-0.6766042420020804,-0.17126378208665427,-0.034579390711210294,-0.3861473282903903,-0.6101116025168409,0.12353862871237949,-0.4853056890357692,-0.8461182649091668,0.066593314200094,-0.5899359348380107,-0.896566952886655,0.0012151790909548123,-0.6744578041417627,-0.8729147627142397,-0.047127196076277675,-0.3174556620391885,-0.6778129386237521,0.02293290972072557,-0.4219667817182492,-1.0,-0.06435790271000999,-0.5357056521669881,-0.9953947009420671,-0.16518377000520518,-0.607575271641018,-0.883786717870794,-0.22784653761605633,-0.23644141619472522,-0.7048419397087988,-0.08663359830431315,-0.33694993583305305,-0.9978156755087341,-0.1735572691362159,-0.46074044990656987,-0.9875958039331035,-0.25903479807590013,-0.5390815206261134,-0.8793062939024295,-0.30915346239686287,-0.15280564167748054,-0.6721976121432496,-0.1985659915434156,-0.26517475020034204,-0.8771555207559835,-0.2753702268917742,-0.3778011485303898,-0.9081123853187232,-0.3343463755611759,-0.45298858132756453,-0.8775385338608936,-0.3751347972936637
C,0.0,0.0,0.0,-0.2109512817133838,-0.0015525369209527717,0.065923178506805,-0.403083060538083,-0.1403099158702443,0.06512686923561008,-0.5479760863640312,-0.16850978169391626,0.025799316937166587,-0.6788831767443672,-0.172687442533297,-0.02160358235159405,-0.38273161140378986,-0.6224746472630126,0.11273545299211299,-0.478750048668869,-0.8643179320073437,0.05177960740233615,-0.5868433259256819,-0.8962228090772681,-0.011691130334887148,-0.674030516129612,-0.8510850537154563,-0.05797579362540061,-0.31672352188901104,-0.6775633144548039,0.007499990371582666,-0.4242184528391172,-1.0,-0.08459377496613062,-0.5430605305954973,-0.9819105301462462,-0.1816350072319435,-0.6204950410166253,-0.8652451675556847,-0.24133492106932658,-0.23748592346558287,-0.6940261209563657,-0.10489333793840583,-0.3406274240840519,-0.9905483184531386,-0.19511933744722462,-0.46682392950950763,-0.9784003815639329,-0.2765237300747146,-0.5489080952052928,-0.8725693643695959,-0.32357962383731237,-0.15655689465660744,-0.6479726421056099,-0.21839548142770918,-0.2709631793799736,-0.8437302516704653,-0.2973232369841965,-0.3879642635726244,-0.8721451964575053,-0.35480751225981205,-0.46882646628071006,-0.8439391534312302,-0.3940743045171191
C,0.0,0.0,0.0,-0.21509723246859674,-0.030202696178460015,0.09313668236151403,-0.4025536960461456,-0.18234676226825075,0.09519861295445857,-0.5607253772054769,-0.2071317373850408,0.056522964271657365,-0.6785601585016757,-0.22958160991719315,0.00900994486776311,-0.2991335501203912,-0.6648475995921997,0.09699138125963574,-0.4266306354322719,-0.885818437254151,0.033677140751332386,-0.5659835015756216,-0.908478839611005,-0.02184249429740466,-0.6854253303041621,-0.8463215150772783,-0.06112074793993843,-0.249763980330313,-0.6783555879466694,-0.020669120495974417,-0.4232710971415897,-1.0,-0.1209149892555366,-0.5712576414830722,-0.9563039343005414,-0.2030102959488859,-0.673310041900184,-0.819727156699276,-0.24775491377393682,-0.19544225742350416,-0.6555550496383887,-0.14093195501701813,-0.35232915728198083,-0.9666254825262574,-0.2329883090371182,-0.5021723865878814,-0.9377562660556925,-0.29559669907429936,-0.6121261268257363,-0.8259233073648845,-0.32691308033384875,-0.16245807211479862,-0.5632826488134396,-0.2589815028062175,-0.2974271504885996,-0.764386026220228,-0.33503493641171256,-0.427619874201679,-0.798087744845674,-0.3819287788193842,-0.5299401624143087,-0.7861491860335948,-0.4122950988520931
C,0.0,0.0,0.0,-0.21733609421271652,-0.06446401041254159,0.08111388328678748,-0.39681542937574826,-0.22285953110659595,0.08361921905808052,-0.5565576474114419,-0.2680672079287211,0.05206740051772603,-0.6503643769245838,-0.29637823819803627,0.015131777561426899,-0.232490304992786,-0.7302446557107114,0.08528617280442082,-0.3960989288541952,-0.9242083590708652,0.0394133197550818,-0.5462905635263117,-0.9307910840005613,0.00013175522828979655,-0.6720789276117815,-0.8599316996102578,-0.027614669119651887,-0.20392683639668022,-0.7189375223232165,-0.015093535950253633,-0.43829119030694363,-1.0,-0.08997442279540295,-0.5844621512869724,-0.9300295437348053,-0.15075649030665322,-0.675948120327857,-0.7908172681839877,-0.18318161128241725,-0.18100205609578776,-0.6718925655564265,-0.11748348041382174,-0.37703983518150613,-0.9359314583194925,-0.18267830787339406,-0.5247790063369392,-0.8885390392546093,-0.23090762561836106,-0.6291482301133572,-0.7764691879154321,-0.25633429178998013,-0.18889021440985934,-0.5614722836112238,-0.21864737572779147,-0.3383432332369219,-0.7324423435086895,-0.27336958613819345,-0.46379015830346343,-0.7565087599605484,-0.31140066068490346,-0.5645294124363095,-0.745588824533697,-0.3377512259606631
C,0.0,0.0,0.0,-0.21837324239946398,-0.10941708723824925,0.15667732802531412,-0.3662383154084001,-0.2756562068104633,0.19738652192054107,-0.5033857124215163,-0.3325654178124478,0.19482235878640763,-0.5946957720356421,-0.36376514615129024,0.18868100314532643,-0.18514446254625314,-0.7798201304865447,0.1672707241589676,-0.3659904867420802,-0.9400779161629982,0.1657760532063515,-0.504031784940278,-0.9620046305214527,0.15808222733852165,-0.6166136223156921,-0.915194711818759,0.14990182524930407,-0.169502379776596,-0.763281222299755,0.049143560455705504,-0.42028342388096035,-1.0,0.024060308939948098,-0.5555291562384287,-0.9440197809677088,0.004034329351339114,-0.6416458711122792,-0.8300412572589492,-0.004301502525056521,-0.17712804590751896,-0.6990590552317983,-0.06560174030338858,-0.3837478858716094,-0.9266392422437486,-0.08412202702616883,-0.5224612091480213,-0.8964318337749533,-0.09577839293313219,-0.6215429637311154,-0.8156114514389232,-0.1023312485645269,-0.22636096501119798,-0.5656247932476558,-0.17294439331657213,-0.39105956258605923,-0.7247619583728256,-0.1909740087508151,-0.5101671893122243,-0.7641194716936165,-0.20270951168765788,-0.6033549714320805,-0.7722233411471251,-0.21278869989159824
C,0.0,0.0,0.0,-0.21902426169897424,-0.10492925704443493,0.1370458236508464,-0.3741208544274824,-0.26822936491448707,0.16980651851802586,-0.5161369601094595,-0.3314937329869966,0.1634398035631282,-0.5967810014858275,-0.3643535256218097,0.15342960447525988,-0.1846540094801091,-0.7771661268516492,0.14218529019370185,-0.37683633542985123,-0.9391130488371088,0.13376053919877373,-0.5199990890766816,-0.9612908712935064,0.12246806449432421,-0.6379229461119144,-0.9056589252127308,0.11234824089741335,-0.1722877606762769,-0.752760167368217,0.031910107114381345,-0.4359307196340691,-1.0,-0.0026008053824292648,-0.5726958171423685,-0.9430989890145436,-0.028547359389434545,-0.6592158716304551,-0.8205530327007529,-0.03953929911233725,-0.18083909980326845,-0.6842514836198791,-0.07571674651000129,-0.39475512661601747,-0.9177367459495284,-0.10367971050575712,-0.5350618568056429,-0.8877984145286693,-0.1238181336696076,-0.6360544378929228,-0.7998912469099483,-0.13419358512273943,-0.22743505837112968,-0.5483921971052158,-0.17684113262436957,-0.3961757951872575,-0.71849048851981,-0.20395018734158132,-0.5176916645404044,-0.7531548388386099,-0.2227480660056658,-0.6150816368548421,-0.7508017751850545,-0.23666290768858733
C,0.0,0.0,0.0,-0.23273015275742784,-0.08141087607423203,0.15411750033575458,-0.3964421331618617,-0.25432546170949405,0.19797384895296688,-0.5444236885072001,-0.3097349945329753,0.1956570025792411,-0.648469677320083,-0.3331978496662425,0.1890427887250907,-0.22757428812250197,-0.7825848389578256,0.19832578348106242,-0.4084757384486342,-0.9383257714050444,0.1965491591098386,-0.5514342116144227,-0.9457177511689981,0.18406991491147998,-0.6705896722392013,-0.8867186008790784,0.17301915608415605,-0.20118397038482602,-0.7793539293892192,0.0788635990456461,-0.4545651145146162,-1.0,0.053856555961547065,-0.596618909568997,-0.9277280716853423,0.0248772137506977,-0.6903894890189397,-0.8076598293140117,0.011321612452182921,-0.19610679888154214,-0.7313293466702896,-0.04020006716386489,-0.412389306052527,-0.9561773961887725,-0.061569475082014664,-0.5592369382826171,-0.9076299825517996,-0.08043515264305871,-0.6650542059965533,-0.8124053375813305,-0.0908411965098908,-0.23368110945990053,-0.6165814824907294,-0.15323408573602976,-0.4058185271945791,-0.7700851281990199,-0.17062188724617636,-0.5289553135291556,-0.7973892040248315,-0.18360666891227787,-0.6246387414097806,-0.7949459092117536,-0.19500168578199592
C,0.0,0.0,0.0,-0.23246477917791963,-0.0799910940498143,0.11999966343051555,-0.4015159594646807,-0.24248845338299005,0.1412216033322988,-0.5533378661736837,-0.28907307895080037,0.1200482034887373,-0.66223472925142,-0.3199540521537663,0.0947375641605327,-0.24051130127483455,-0.7735749822275453,0.15912881850576274,-0.415723599199906,-0.9362750240009708,0.13800750152376953,-0.5591183576820102,-0.9309739188313804,0.11203057167478207,-0.6782564790933696,-0.8668195209779248,0.0926631188807496,-0.20997842371889067,-0.7653061035659545,0.04790052298521998,-0.4513834367052737,-1.0,0.001307806076111123,-0.5980018296935716,-0.9223067852451469,-0.044115119550743494,-0.6904148931953145,-0.7982391269052125,-0.06738501284199368,-0.1946980572191716,-0.714508780454595,-0.06528890289363631,-0.40510385746272165,-0.9519106935002245,-0.10595475805136872,-0.5578412927341219,-0.9020523715452554,-0.13948712388528425,-0.6640126078022708,-0.805635039342892,-0.1572553662058258,-0.21608986906285815,-0.6026228140172877,-0.17507796803475967,-0.3778758432237202,-0.7680231780665069,-0.20583349434534612,-0.5013075987994109,-0.7977225350440471,-0.2285777317991716,-0.5964169913140689,-0.8015258744442182,-0.24620754912297835
C,0.0,0.0,0.0,-0.22105416979096468,-0.06921368141968103,0.09038524318054565,-0.3956243217504928,-0.2175490237952865,0.08805526826984521,-0.5463843566793537,-0.25691181728156015,0.046597440163185636,-0.658745977960648,-0.290388472843127,-0.0011526498519434823,-0.2776757437411215,-0.6868862138570131,0.0876006322367229,-0.4223606009409278,-0.9048775828848582,0.02845561913049045,-0.5583081016607028,-0.9186387314875455,-0.020741497144907327,-0.6767079232197829,-0.8615957727852286,-0.05434341969306502,-0.23399370711011133,-0.6914486776705234,-0.02235804484354545,-0.4210723223579512,-1.0,-0.11219126207855752,-0.5680462222095668,-0.9433888074198519,-0.18086886932503063,-0.6711658535582196,-0.817865487501226,-0.21724759979619057,-0.1932028325914114,-0.6597019538331578,-0.13342810937710753,-0.3638521882741536,-0.9566566926418432,-0.20867639467139268,-0.5095492784848974,-0.9115093997867568,-0.2545190910117719,-0.6139892223582676,-0.8016527536534512,-0.2768789800873277,-0.17734385628545485,-0.5673621393610929,-0.24302946031961728,-0.31265502845879567,-0.7667099520360932,-0.29819465164530046,-0.4381398878732943,-0.7911858609299809,-0.3303592009079661,-0.5373600789063216,-0.7723346771769634,-0.35239365875129874
C,0.0,0.0,0.0,-0.19808073645689117,-0.05119839524312138,0.07714225584496694,-0.3702508403689419,-0.21757559158763043,0.07676388049681976,-0.5158230344126177,-0.2579711684388301,0.039013171915484604,-0.6407555056502202,-0.27261485240382577,-0.005346510577577222,-0.29847039178374624,-0.6612067622698226,0.09912788435690849,-0.40131228748009806,-0.8954000774475138,0.043462802716963324,-0.5225852249644174,-0.9343858241719477,-0.009003893415298322,-0.6268730189746409,-0.8937019000007531,-0.046285693888663555,-0.24297948592131824,-0.686061112192276,-0.00465341722790685,-0.36866582190480457,-1.0,-0.08715731011800015,-0.5073032133583881,-0.9817211580345454,-0.1635187900472431,-0.6100739635647894,-0.8731767234152689,-0.20839147925560186,-0.18380229243055585,-0.6757271802327309,-0.1123390358142846,-0.3080496662899985,-0.9755263478106808,-0.18621160027031491,-0.44537116344477345,-0.9752607908286923,-0.24512241929957335,-0.5470670024046779,-0.8906064766573432,-0.27831555572174393,-0.13599708125132035,-0.6109648676039904,-0.22020633728765024,-0.253302914507695,-0.8210162786429959,-0.27846904369379627,-0.36865412947052295,-0.8758919444676752,-0.3193989548828217,-0.45778833047496253,-0.8739702235315987,-0.3486828547178989
C,0.0,0.0,0.0,-0.1820515755611624,-0.04115432453505173,0.05740449139214713,-0.34854277843041126,-0.19906444810403304,0.04212496613542617,-0.4870148847438694,-0.23420103706641518,-0.006254249314431075,-0.6093205266967722,-0.2473238164363074,-0.06243281257751016,-0.30189064227335727,-0.6549684101949054,0.048096475304653635,-0.38620526803752436,-0.9074456591455994,-0.024947086537168695,-0.49480285147068165,-0.9430159070859138,-0.08633828804971364,-0.5868155805627803,-0.8908802557566795,-0.12876886857407824,-0.2409068500709911,-0.6776118471081248,-0.05099423036908212,-0.3359657927775308,-1.0,-0.15006319960380288,-0.46045966684603684,-0.9907040982086354,-0.23367449109547989,-0.552061980848009,-0.8825995964121941,-0.28412423114809277,-0.17177719362246072,-0.6613856683245037,-0.1534705809289243,-0.26446098056334433,-0.9676774775382836,-0.2442463753471429,-0.389908729324732,-0.9795518947999143,-0.3102097571791561,-0.48251140579519725,-0.8961452394815815,-0.347757632050792,-0.10690165491618439,-0.5923061953324912,-0.25651158655093026,-0.2035048087130151,-0.8060542644607861,-0.33154784069434773,-0.3096087800819916,-0.867723799980802,-0.37910432455740023,-0.39133312254984864,-0.8664105689471578,-0.4119022526030765
C,0.0,0.0,0.0,-0.1813146197968271,-0.05300706120216257,0.0628635291401888,-0.343009398576477,-0.22161448818554128,0.05114962638887547,-0.4783956473313974,-0.26474083069493354,0.005841974225196464,-0.5977000838483674,-0.28133844484313736,-0.04730472138120738,-0.2817574046156655,-0.6537218502000683,0.05568020481098045,-0.36221723741160333,-0.9014517012530997,-0.016544727613422038,-0.4723100121795442,-0.9427870283435312,-0.07727866755540702,-0.5688729060708362,-0.8988533232742872,-0.11952661426703351,-0.22362654813439733,-0.6679371477602294,-0.04560220075430215,-0.3143460062396424,-1.0,-0.14679611446570093,-0.4358088001484787,-0.9890297132363269,-0.2293821610556072,-0.5299325884699939,-0.8810887143557469,-0.27729605447998845,-0.15798431458237627,-0.6443268465398116,-0.1502833481333684,-0.24614319134896961,-0.9603517005573406,-0.2432039316570796,-0.37086006912836245,-0.9713265943741676,-0.3076574279685224,-0.4682751738316372,-0.8890097900819736,-0.3427347785105469,-0.10099318663849281,-0.5664829737418655,-0.2548364588062558,-0.19058307052759033,-0.7865965968356502,-0.33112321815429574,-0.2954732600053442,-0.8451078642773423,-0.3780898215319614,-0.3796593526093691,-0.8432439822013553,-0.40970885001539664
C,0.0,0.0,0.0,-0.19454539337897145,-0.06166227532742114,0.090279458114261,-0.35579494389566035,-0.22108703751693834,0.09560866507203482,-0.4959654843352945,-0.26681251788117083,0.06237489429170271,-0.6166010365286325,-0.2994041177082512,0.021731770140558427,-0.26363644384025353,-0.6778358603772257,0.10802921353426141,-0.3718079413678893,-0.8917948609066683,0.05737068715699558,-0.4913318676469063,-0.9334510691182933,0.009575236317114988,-0.5973739607107231,-0.8981069202639632,-0.02400825117239141,-0.21421359059145265,-0.693314664688116,0.0014842300565904858,-0.3484095053032002,-1.0,-0.07634126042692436,-0.48168808141375236,-0.9818046634966036,-0.14500608945942106,-0.5809460182783255,-0.8747257412560288,-0.18330964176638415,-0.16310613836417256,-0.6707172275161637,-0.10818396579632185,-0.2907055916063227,-0.970341178798523,-0.1804304642377091,-0.42779739556111657,-0.9661429634690407,-0.23235082805912335,-0.5315322783066871,-0.8834758931035857,-0.2592486413670481,-0.130595782433499,-0.5894839955825812,-0.21615677691560584,-0.24285487561782446,-0.7985402468980682,-0.2750587472352133,-0.3589779983190851,-0.8479216056508523,-0.3118395460643705,-0.45017456288505414,-0.8477035656472497,-0.33621082446616535
C,0.0,0.0,0.0,-0.209442156483497,-0.07876714002368909,0.09342558258808402,-0.3749628091226671,-0.23511562398219168,0.10076285159859923,-0.5238016344725823,-0.27600254387996503,0.07166885945963677,-0.6296790914780117,-0.29897584588464554,0.03712174145677993,-0.21634133372786407,-0.7367903992582618,0.10354343562736804,-0.3741096108701137,-0.9149939914873735,0.06424848291212495,-0.5095203375767425,-0.9455362179496086,0.02789876919923403,-0.6292158883835773,-0.9030461017396755,0.002287346010481261,-0.18527587174697804,-0.7264337280844521,0.0011958222078885695,-0.4015370983612825,-1.0,-0.06515821084211695,-0.5375969226603189,-0.9580269867067228,-0.11814081978898917,-0.6317894731395386,-0.8468143096985088,-0.14519424251393995,-0.164128743630119,-0.6766738913189857,-0.10322016320195658,-0.34980035984958646,-0.9428203855739353,-0.16068809376595378,-0.49058401247907846,-0.9130746307958,-0.1989915113404771,-0.5949068548787771,-0.8184283156799038,-0.21749479328867444,-0.17545910910349313,-0.5661587498767491,-0.2056984219301105,-0.31740546474247333,-0.756638373971244,-0.25198092963155666,-0.436741108469727,-0.7965068507392707,-0.28143090614081634,-0.5318004639121765,-0.7960046481290246,-0.30139729277435034
C,0.0,0.0,0.0,-0.21212459558540092,-0.08099533368500646,0.13119021094835898,-0.36692362350923446,-0.24213121888917624,0.16061132555847843,-0.5037827647508077,-0.28672933360221514,0.14630239980214385,-0.6219088558964304,-0.30330297399251915,0.1272120274046104,-0.2293248673535306,-0.7575623014005781,0.16685772480165964,-0.3819929688161642,-0.9177171761939321,0.14863889221211876,-0.514036352974999,-0.9351816775263784,0.12199454976300786,-0.6260767141121564,-0.891110550307676,0.101573891169632,-0.19150994236130653,-0.7690389601413072,0.05334375334300989,-0.39458958872853456,-1.0,0.012409069712814693,-0.5400519990110617,-0.9620800193078419,-0.031252571554156096,-0.6432367295614682,-0.8651971591191766,-0.055709516542946994,-0.16880309988845962,-0.7299041216014267,-0.06077339235486188,-0.36033829739317547,-0.965410280248541,-0.09852495993022,-0.5089441185328318,-0.9306120156756587,-0.1255690647151392,-0.6161592281724353,-0.8395344204818074,-0.13958367548021056,-0.1834129155183172,-0.6172490920491112,-0.17067693455962452,-0.3406529574912262,-0.8027746098080343,-0.20185745917921177,-0.4654705223105456,-0.8344956395950518,-0.21945274607574203,-0.5602885846372013,-0.8191372368290629,-0.2322377826501268
C,0.0,0.0,0.0,-0.21242653171985643,-0.05181800481687601,0.1227837709281058,-0.3817043000440063,-0.2081018216828314,0.15730431876127413,-0.5260627862338435,-0.2585680298701928,0.14854856341423722,-0.6600466253891923,-0.28231631300235627,0.1347110861444392,-0.2844038087584471,-0.7168968949811627,0.1943443426315644,-0.4136715143812293,-0.8954263732934097,0.1881524448573718,-0.5351471213029398,-0.9370866112525307,0.16340984693979674,-0.6390408084492437,-0.9139932985564911,0.14166561265455282,-0.23816445473422532,-0.7565127919132367,0.08614279599879031,-0.40070912312621515,-0.9946529510642211,0.06657408686257815,-0.5436747266903244,-1.0,0.01904950099522752,-0.6579923255785199,-0.937822262269041,-0.014192185068214937,-0.19748258307369534,-0.7479556950555024,-0.025368061649250016,-0.3653555374757928,-0.9803409762427203,-0.050397386538497034,-0.5136205610105153,-0.9839903652857779,-0.08874175547900418,-0.6295334896814252,-0.9199932973056294,-0.11478890594145497,-0.18143017851095594,-0.6704859323521478,-0.1340856969856315,-0.3303098562466422,-0.8608292703179994,-0.16039634627859875,-0.4536377007025657,-0.8988743254908634,-0.18322997286683831,-0.5492385595827048,-0.8813044332319125,-0.20208528189198358
C,0.0,0.0,0.0,-0.19587890197270644,-0.017585079527248127,0.09405371723636738,-0.38596555333634913,-0.16014047016482785,0.1196204492125013,-0.5399850087854753,-0.2002818465259188,0.10520298846699896,-0.6785753522898873,-0.21088385560201028,0.08464532332551906,-0.3147617178850256,-0.6579784856339879,0.18754534015835825,-0.4366246527770165,-0.8357513426686165,0.17369271739007972,-0.5657732107434926,-0.88055003189957,0.13705733398258202,-0.6782302181862384,-0.8594417489977639,0.10637263936950467,-0.27261755034200386,-0.7133405487992778,0.08967714250720923,-0.4172885682123403,-0.9554407219753325,0.0663644275748731,-0.5685409095238547,-0.9706247224469443,0.001531417340397255,-0.6951407174199911,-0.9100513486855648,-0.04521704385400109,-0.2259012816099892,-0.7329650571208147,-0.015020314309006617,-0.38180757409555155,-0.9805380223630724,-0.04334246909025157,-0.5318565257458397,-1.0,-0.09844376940880879,-0.6518840721634291,-0.9409695471771378,-0.1375961494772656,-0.18616291898483608,-0.6952893141190494,-0.11972240259201074,-0.34036965499500493,-0.8995132605501829,-0.15196735036514303,-0.47102230387732635,-0.9442109040257769,-0.18540556617188547,-0.5733655763810175,-0.9281222176181606,-0.21295290944560719
C,0.0,0.0,0.0,-0.21037880693007,-0.012549896008006317,0.1527253596345539,-0.40838868583406784,-0.1571452017621571,0.2072559516955054,-0.5640484793447309,-0.18847929603554406,0.2118611073351748,-0.7047626628767738,-0.1781780340348004,0.2117694556485527,-0.32584055329494643,-0.7399610347413308,0.2559798789769852,-0.4767124964851119,-0.8956972998951012,0.26407886697242794,-0.6248532243828567,-0.8944706231872457,0.24269602413835006,-0.7464480064627731,-0.8344289051481814,0.22083758134845582,-0.28283298071409013,-0.7953127404490321,0.133905534229402,-0.47116609119146546,-0.9976848818741684,0.13360205758204802,-0.6406945314626153,-0.9853194320904729,0.08387480023131692,-0.7770397444346507,-0.9068335885121008,0.04532437786586068,-0.2450197159200197,-0.8008783257649263,0.007757832256935468,-0.4467247801465105,-1.0,-0.0026166265596064765,-0.6165573181797245,-0.9906902358332803,-0.04147585318384256,-0.7486980317669863,-0.915548722299961,-0.0716220748908874,-0.22742020700809193,-0.7290164966576327,-0.11398389314109596,-0.42417593108945956,-0.8954453757686853,-0.13433003341254893,-0.5655972909858318,-0.9213270269817696,-0.1549488057748524,-0.6711615496007052,-0.8948280871252013,-0.17379614656166162
C,0.0,0.0,0.0,-0.21128670035149552,-0.019457230653574704,0.1838210227710015,-0.383520456476226,-0.1747486097494258,0.2522536391318454,-0.524917985012648,-0.21432695208605115,0.2713870851157076,-0.6612444326252063,-0.1939658730910567,0.287797810427608,-0.2635179683490439,-0.7787916071741762,0.25968444617910424,-0.45681853373219455,-0.9239700237741694,0.2900667998028484,-0.6088790568552279,-0.9268985665876477,0.2907632328785046,-0.728916451048,-0.8690752422595086,0.28601681640938537,-0.2320592334057325,-0.8236843266629459,0.14411122390602885,-0.4712781098451084,-1.0,0.16495607766768527,-0.6373128530791334,-0.9661682708238934,0.14788327845232038,-0.7585274472005336,-0.8765660173567795,0.1349842032062564,-0.22699652232865877,-0.8080729454974599,0.03145657850314817,-0.4683343015724279,-0.9853004565751424,0.04897203145167399,-0.6346868136487852,-0.9468635045385494,0.039534636859432,-0.7557986869232177,-0.8526437587764502,0.029861296405071062,-0.2574799798971498,-0.7126848452129992,-0.07308623490386265,-0.46226235817389727,-0.8565744956311302,-0.06105670232746782,-0.6011236329091724,-0.8682362126747634,-0.06027376498299954,-0.7063208131838783,-0.825634976524482,-0.06396934362094395
C,0.0,0.0,0.0,-0.1895744264276802,-0.028342951792510652,0.20288335109523964,-0.33895637257152056,-0.14881621175482038,0.27931119208810984,-0.47150925558028023,-0.17932737348478447,0.30878137330535776,-0.613132161887941,-0.15280929274040472,0.3369042198235184,-0.21953749337661957,-0.7797340200500945,0.2614699711699517,-0.44260232361390933,-0.8993214013567294,0.3093720565322054,-0.5909902632287558,-0.8763566783312229,0.3323799040137225,-0.7051671089725279,-0.8055042203980334,0.3453865810439025,-0.20938516805235047,-0.8246361782122774,0.1516283758243133,-0.4679580419021579,-1.0,0.19105258296048006,-0.6281658345352144,-0.9317745767249368,0.20826469846697215,-0.7374154309926353,-0.8209597330630283,0.2221556948504627,-0.23553340176721585,-0.79172710181533,0.04821467555984587,-0.48762552262211506,-0.9817784311254684,0.08616461103883773,-0.648150292188899,-0.9121306317250396,0.11039792399403829,-0.7504455462864775,-0.7978205630855242,0.12494517957802187,-0.30162608923361167,-0.6691212035007508,-0.0448224034808986,-0.5017931489906587,-0.8160641083777516,-0.013112864587560832,-0.6331102848757709,-0.8009550532068076,0.010685533203677624,-0.72239535351285,-0.7388561776489794,0.025556416359157903
C,0.0,0.0,0.0,-0.15155824350266767,-0.05462433848758137,0.21775551805593757,-0.29203882533517034,-0.1749412064321251,0.3072832364047939,-0.42532231581719004,-0.19806658603088406,0.34907933803744895,-0.5707263795666474,-0.15778532792128822,0.3901809216126099,-0.1805180680500434,-0.7691627175406406,0.2809616186078476,-0.393374337192759,-0.896422497038063,0.34598752418071865,-0.533182844555563,-0.8688409060875938,0.3825254138155842,-0.6340576956078293,-0.7955444890855353,0.403574366930732,-0.18891917156426036,-0.8106492703047016,0.17127296099040262,-0.42989957456329586,-1.0,0.22633587431311858,-0.5854631352725349,-0.9406088900974994,0.255158275045993,-0.6871855647184038,-0.8286520859637753,0.2752558666714469,-0.23274197850141057,-0.7753288836495306,0.06997258197986297,-0.4701229232837228,-0.9664434820392845,0.12260376955986758,-0.6229830921847925,-0.8946231625422341,0.15540853831421048,-0.7150055509651705,-0.7755258939564647,0.1736497492695817,-0.310845466723287,-0.6599870932105878,-0.019617562221915043,-0.502061875146469,-0.8047671758927653,0.024319491209263123,-0.6227206748505688,-0.7817869643794612,0.05549811412596175,-0.7035328328232391,-0.708772054092894,0.07460719519126366
C,0.0,0.0,0.0,-0.17454971985624032,-0.05090767710358526,0.2667805494748119,-0.31124156697732647,-0.17171340581702665,0.38438381204974065,-0.4382596493512375,-0.18989080539713452,0.4433460266088054,-0.5638593725232671,-0.13053201030644362,0.5015305975941933,-0.1909633823638828,-0.7651219705007974,0.3571838768289414,-0.3827075926722674,-0.9105776610422254,0.4378661287836397,-0.5199384071918661,-0.8808424611890906,0.48131540286840097,-0.6144750984223313,-0.7947159965806934,0.506769898512586,-0.20134584652909646,-0.8089110118980225,0.2257950433155311,-0.42577893754023427,-1.0,0.297655299173156,-0.5764225747023068,-0.9286590745874673,0.32912593058031225,-0.6705774447071915,-0.811078254245019,0.35086813220779867,-0.24421596948826857,-0.7877910009478305,0.10393469394860425,-0.4677928691120478,-0.9836098917273484,0.16896544738893782,-0.6172710770977624,-0.8939573177043739,0.20677972457113156,-0.7016378230064019,-0.7571437063084104,0.2282763000077644,-0.32326605448569684,-0.6909211262684916,-0.0038474201089372393,-0.5030914175241891,-0.8533811548328033,0.048828553435360494,-0.6273410180120145,-0.8201078662653214,0.08569247599489913,-0.7094465068159689,-0.7291248823299162,0.10895524628227293
C,0.0,0.0,0.0,-0.1895328662129964,-0.025667542937612604,0.22372851769432273,-0.3316750763122376,-0.16511325280786668,0.31938252819746904,-0.45703908518120245,-0.21207448235790188,0.36442341803951833,-0.5821627079798491,-0.17392996422958434,0.40880415406676274,-0.2250246640344913,-0.7564029649296596,0.2931196943251248,-0.4297712549504601,-0.9049257456204947,0.3539279887037425,-0.5692089956643754,-0.8778919463100788,0.3880995041144768,-0.6668691908380929,-0.8014157861925792,0.4074475312943437,-0.2200809625933854,-0.8056665745338043,0.1749371436503693,-0.4590876122995354,-1.0,0.2270419718494812,-0.611930432291425,-0.9410641547347885,0.2492139553220562,-0.7086594214594248,-0.8379366139357343,0.2641165046450814,-0.2490803190083545,-0.7803544156187394,0.06432217696951283,-0.4806172969025201,-0.9922265419308761,0.10918981331774276,-0.635799165155217,-0.9209620083080977,0.1339991966462677,-0.7323846338525726,-0.8036595576412104,0.1477529517329096,-0.3163372244336351,-0.6694719778235528,-0.03441752365248488,-0.5076555347303904,-0.8223327031983553,0.0020374616159243787,-0.6353363488351917,-0.8004455666271908,0.027003459514437677,-0.7260185388804041,-0.7285874821702736,0.041750481042256087
C,0.0,0.0,0.0,-0.20977670571713095,-0.01528851022098393,0.22157984969175248,-0.3508318578923655,-0.15821486553813524,0.31162568210198854,-0.4734227759885791,-0.2138046747059098,0.3492457663692405,-0.5963634276168217,-0.18635571701988055,0.3859719777740979,-0.23894045330958896,-0.7522448682019062,0.29188308032685484,-0.44487720904664263,-0.8981425701087743,0.34397320646115376,-0.5873387171529681,-0.8637180264183874,0.37235269162835233,-0.6874346553163233,-0.7807360085886922,0.3882792497071414,-0.22085417580928451,-0.7981628058817839,0.16817454977719914,-0.4646387439926311,-1.0,0.20708278387883888,-0.6224737343907366,-0.9333132321962054,0.22178003641825672,-0.7203244256887685,-0.8255460275986055,0.23393573796847447,-0.23668059003636582,-0.768053106584967,0.05092425633829513,-0.4739640122327469,-0.9876087193158936,0.08297611399033555,-0.6357355875149724,-0.9059924142105211,0.10462485060761308,-0.7335619938658546,-0.7778037400636195,0.11889013023186587,-0.29356482222913804,-0.6498811400777966,-0.05472411186472178,-0.49328655005718325,-0.8011352632175243,-0.028199244381771228,-0.6249549895418213,-0.772430253732763,-0.005641898189676185,-0.7138857591656237,-0.6947316508291114,0.009150844191388665
C,0.0,0.0,0.0,-0.20839355917292068,-0.05823528916567785,0.20620461813068644,-0.34688749852045003,-0.21278154681965475,0.28094975772666864,-0.46717960098452066,-0.2744578102336071,0.3067374386818407,-0.5835244619433381,-0.2649341233868088,0.3316275513528029,-0.22245483683264436,-0.7729235917296124,0.2413699073156352,-0.4297435639450081,-0.935609275883148,0.2778173463477808,-0.5654569129188876,-0.9270374708768278,0.30029311748110443,-0.6616464239214144,-0.8658706696349288,0.31289829991734786,-0.206355406207081,-0.7961884561734228,0.11929134019549006,-0.4591455559694858,-1.0,0.14136309403245628,-0.60745681007305,-0.9509488238503352,0.15570027542969306,-0.7003598691484496,-0.8626610478084049,0.1684187886034436,-0.22611225389898815,-0.7471995555112437,0.004403237690291229,-0.4653502331831588,-0.9594828984310128,0.024892495098969653,-0.6185768387725157,-0.9072712920043853,0.04719730816499577,-0.7149292904438467,-0.8130806314409869,0.06196918818589355,-0.2895346651835499,-0.6123944245384895,-0.09987848368963417,-0.48586716638519295,-0.7673364459582144,-0.08214678743416592,-0.6097849396166122,-0.7717237236238208,-0.06289007707289405,-0.6971923390602102,-0.7329088525214016,-0.050698997468491484
C,0.0,0.0,0.0,-0.21713229633144393,-0.06377296139708284,0.19864114180689768,-0.3572720905801331,-0.2194760012287937,0.2704254663854269,-0.47917245209663983,-0.2937063511695242,0.295405434224406,-0.58738710246985,-0.2996600590208672,0.31866947338230306,-0.2219202093163297,-0.7869709518389555,0.2310132299007883,-0.4310619226070654,-0.917769216863129,0.2660056173635526,-0.5726327284740919,-0.8941935282687873,0.28484854330850384,-0.6739090241751259,-0.8190382118607249,0.2941856478642692,-0.20671156932887047,-0.806180124472253,0.11133389407306551,-0.4564149058240861,-1.0,0.13159974608095912,-0.6042044255958238,-0.9459469823548424,0.1389236263553223,-0.6961937103123016,-0.8448734312969042,0.1448308751847867,-0.22229335638094122,-0.7507813754314578,-0.0012563210832672515,-0.4544152715967028,-0.9564359756752782,0.016566406267768636,-0.6068871443988539,-0.9093621355389816,0.028654948617010692,-0.7042795817550259,-0.8132878280733854,0.034770255642668293,-0.281170316456523,-0.6084789716564147,-0.10306218578630587,-0.47661962892620874,-0.7538048990775198,-0.09074869479219237,-0.6024577349320013,-0.7607309805613767,-0.08027901989156833,-0.6912665782856642,-0.7235247838338617,-0.07560703059420994
C,0.0,0.0,0.0,-0.24059213939046706,-0.028853369598871203,0.23234835634578208,-0.4017484782904731,-0.17252379643633278,0.3199156315682883,-0.5344787209080958,-0.2072618848941042,0.3474538146043181,-0.6515037333344775,-0.2094958107115975,0.37149547578515973,-0.2903768202870816,-0.7576192746335375,0.3107287753717299,-0.46039354763092527,-0.9106438706265177,0.3513545749566063,-0.5985829859855707,-0.9090144959021734,0.36197046505251473,-0.7011053777495839,-0.850394945528298,0.36267695086724383,-0.25629759541327063,-0.7971316681567786,0.164738112716434,-0.47625460160037797,-1.0,0.18611332417946344,-0.62873663726415,-0.9557081072853488,0.1763435543763502,-0.7300934558755614,-0.8589006655030319,0.17008396923796398,-0.24493115411897576,-0.7744891181932391,0.023412812569349892,-0.4596277528020616,-0.9795234005536035,0.0373254235740316,-0.6185896864080338,-0.9354291104562498,0.038559942396979435,-0.7244976320431501,-0.8371524085274902,0.03742216416967139,-0.2754814220794164,-0.6661529751388807,-0.10647898136657583,-0.4621756974073859,-0.8145448624561576,-0.09929290812804507,-0.5975977393357255,-0.8239825892898478,-0.09345631962092946,-0.6929621738907549,-0.7905102867405934,-0.09257099638030977
C,0.0,0.0,0.0,-0.24137259770981498,-0.005497205310243007,0.2034886890591274,-0.4256918854829527,-0.14308142031734983,0.2782702425017078,-0.574443051131232,-0.16456351272680414,0.2952613073361714,-0.7077067723047242,-0.15667138314271387,0.3084367728560259,-0.3270142413730563,-0.7426837872225001,0.29992877284593716,-0.4838057719853246,-0.917333955165275,0.3283804216292033,-0.6200684794718647,-0.9148333286329076,0.33043952340763805,-0.7258505305863586,-0.8554288886336138,0.3262496670182575,-0.287547402647876,-0.7809736851819878,0.1597742274309962,-0.49986150940532276,-1.0,0.17094246782315387,-0.6500174145044134,-0.940919774737252,0.15341003717793675,-0.7508183326695415,-0.836305034247761,0.14352148771329232,-0.2613506685037306,-0.7658965534872918,0.019425140993146267,-0.47405685956067756,-0.9781897949399113,0.023697582645958143,-0.6327869145648312,-0.9245751330965695,0.019194671448695487,-0.7369872150710784,-0.8246601305526072,0.015854649896669914,-0.27246121403515045,-0.6708012070693488,-0.11334070405628502,-0.4606967590220088,-0.819631133511124,-0.11421314177965555,-0.5993244685595396,-0.818593600496365,-0.11247562507881335,-0.6921199310206779,-0.7866469844934099,-0.11330980018962303
C,0.0,0.0,0.0,-0.23636709936079586,-0.0182544975494056,0.1763037779188337,-0.42076217434391766,-0.15578700438628323,0.22579391072155866,-0.5716454793072329,-0.18072888350855185,0.2218852731351876,-0.704602151008836,-0.18922824877789812,0.2132923587012619,-0.3211710860444617,-0.7426111280768232,0.2286428665086087,-0.4877883391237385,-0.9197368138757919,0.22608126271474074,-0.6280561676145402,-0.9076347073734202,0.21097923506869448,-0.7390636205073007,-0.8406460877904846,0.19678195822524813,-0.2777155448070542,-0.7716154203258969,0.09168212509025388,-0.4969704792045257,-1.0,0.06851092566842708,-0.6517571152142267,-0.927147939031165,0.03564752710573482,-0.7574192276142755,-0.814029624415653,0.017352686657415496,-0.24915209479374792,-0.744311959731464,-0.0445971966814412,-0.46737196859623875,-0.9619501682800831,-0.06695640989616367,-0.6265453443271147,-0.9034157227872641,-0.08182821644322434,-0.7324804297087725,-0.8017195928411694,-0.08988522739820526,-0.2567679496853279,-0.6331172373308355,-0.1743082629969861,-0.44450637309746277,-0.790901783134378,-0.19284974165237048,-0.5801094676433439,-0.7921182931611138,-0.19892250606984022,-0.6740696893631376,-0.7607081412137621,-0.20457566867637614
C,0.0,0.0,0.0,-0.23600631916987516,-0.03780559336594489,0.1613763986745918,-0.418642087761893,-0.18662736356412007,0.20334357335890163,-0.569494419746496,-0.21617958537622206,0.19427760086609597,-0.6982903197055721,-0.21767211711789483,0.18044476325457606,-0.32070732052171647,-0.7308342545484071,0.20271367456734604,-0.47765005461961557,-0.9060451618593162,0.19065587238508125,-0.6166472935408863,-0.8905143856541498,0.16752641339692304,-0.7263956233379048,-0.8215956767209378,0.1480182016725344,-0.2771355196422963,-0.7614296386892598,0.07082976709031497,-0.48172996024737247,-1.0,0.03653029340782362,-0.6349181499045965,-0.9257770521086531,-0.007063438856404427,-0.7371484080983555,-0.8031446992841353,-0.033318925626167464,-0.2442031112415615,-0.7366641577263308,-0.059606824838161106,-0.449002054593484,-0.9539235362712978,-0.08818695500480109,-0.6024339443295227,-0.8858058061514613,-0.11239466872475389,-0.7027612653832029,-0.7700098879936239,-0.12746722403615568,-0.24459473458506592,-0.6301696731175831,-0.1845365561836142,-0.4209824951248318,-0.768873165366544,-0.20466402159080213,-0.5523767348902452,-0.7591648261808313,-0.21673819974174266,-0.6433066122632586,-0.7127628846063211,-0.22779460341919902
C,0.0,0.0,0.0,-0.22921984727119707,-0.04640521056447364,0.14739863400185238,-0.4103838633400467,-0.20135966803014652,0.18161271212571212,-0.5591873639999689,-0.23815331110938912,0.1653673148419887,-0.6878735808160867,-0.2450830589195331,0.14395531132909078,-0.3167754666915438,-0.7244065401893023,0.1941109535451556,-0.46709191088052915,-0.8979406363390829,0.17362791002339018,-0.6014805680923645,-0.8925825141043803,0.14110072130217982,-0.7109578188936628,-0.8371365067279969,0.11426941356525293,-0.2691460834373435,-0.7591237416274638,0.06401861678092877,-0.46468695009091954,-1.0,0.018915278935472696,-0.6120311737086376,-0.9371272028650882,-0.037746482435615764,-0.7151613593269721,-0.8207674759021173,-0.07338763614220202,-0.23103071503571956,-0.742464309905404,-0.06627864477372918,-0.4302351971403286,-0.9533397482339588,-0.10647135604978532,-0.578306300721413,-0.8935467554220079,-0.14543101552840287,-0.6810517929246004,-0.7846203384449408,-0.17003840066393958,-0.22354649712069266,-0.6458395557618622,-0.19178218343905368,-0.400037516385206,-0.7682498029512054,-0.22096548295497695,-0.5256503237167502,-0.7588779792110073,-0.24262508269828062,-0.615648771401079,-0.7142081522402874,-0.26114423686930766
C,0.0,0.0,0.0,-0.22970779677101263,-0.05197378851133541,0.091277979391152,-0.4173897351079009,-0.18894124115536537,0.08480284738923156,-0.5763836027529259,-0.20796289779071062,0.03736054183486285,-0.6936811951233498,-0.21022008565507921,-0.01677535107302758,-0.30751500200701387,-0.7134816237360592,0.08609026842982047,-0.45990554104483905,-0.9124143645973998,0.022880285517547772,-0.6012809751951076,-0.8949047146273644,-0.03232956250455974,-0.7169698644338028,-0.8175382653778303,-0.07168086941071132,-0.2593795572426216,-0.729046381696933,-0.030889786114435595,-0.4601877598014799,-1.0,-0.12211949171515678,-0.6154231145032332,-0.9159170816556684,-0.19770645542924556,-0.7182027443806422,-0.7770865354668022,-0.24275885704340192,-0.21305379809103187,-0.6940996041066765,-0.1495488217773011,-0.40727314840321527,-0.9397412357583533,-0.22910503137701146,-0.5626317629902146,-0.8716821024960056,-0.28462011715015034,-0.66895655517714,-0.7516598623087293,-0.31623866701797976,-0.19259012729077865,-0.5848871293630064,-0.2663828016745555,-0.3560743370951257,-0.7290174289758832,-0.3261177289723053,-0.48791294169765265,-0.7213056046846065,-0.3626848751110242,-0.5850146056639393,-0.6806228151939383,-0.3899027519264723
C,0.0,0.0,0.0,-0.21522110814511722,-0.06910803791948596,0.05542600511880125,-0.3980140480342759,-0.2046367579301373,0.028977259709985888,-0.554760790834138,-0.23239241667301014,-0.0292033631886464,-0.6476888198185793,-0.2544740083996263,-0.09468831922759909,-0.23476331112116566,-0.7260878502493345,0.01473828059337215,-0.40291748882477935,-0.9449639447851869,-0.06627321002846591,-0.553235504001811,-0.9201148840340102,-0.12921602877136157,-0.6800005245846302,-0.8304357160024256,-0.172567647371536,-0.19985191888211015,-0.7146903938575702,-0.08655870078023845,-0.42888870452400074,-1.0,-0.19814505040392025,-0.5876522471466445,-0.9104836242639778,-0.2813635595743153,-0.6875710790791373,-0.7639574436420771,-0.3299854451025364,-0.16949500461434905,-0.6600831295578635,-0.18864422404057754,-0.36001844029015234,-0.9161599720829745,-0.2807090048254987,-0.5097856416054912,-0.8518661385467923,-0.342227974546987,-0.6150769043918852,-0.7318423155621737,-0.3772976331136679,-0.16522990349068306,-0.5503400249234719,-0.2906388359292048,-0.30575016029766755,-0.6964764733771874,-0.3628979275653016,-0.4273893618228404,-0.6991575569979732,-0.40826893861949715,-0.5271205977299741,-0.6741434231484942,-0.44093046150578463
C,0.0,0.0,0.0,-0.2101423507029355,-0.07830441345389638,0.05038888349815548,-0.3878061024240367,-0.21448307024283017,0.01514483590397976,-0.5379619164753692,-0.23469278955852782,-0.051787150538584015,-0.6322361895496521,-0.2533936455992544,-0.12638403715367577,-0.22768072499208972,-0.7325283372937632,-0.007954108215920118,-0.38473621692589566,-0.9526984619161872,-0.10425959274733393,-0.5301651623180704,-0.9249916862670965,-0.17530956282077717,-0.6543685856740982,-0.8412402648637153,-0.22248596265456017,-0.18617776345888173,-0.7147107253206046,-0.11201245486155223,-0.39968854479992577,-1.0,-0.24287602297451064,-0.5568376923037023,-0.8992663743075971,-0.3296273403481664,-0.657933260752668,-0.7543852419570037,-0.3772847695978671,-0.15138889769411343,-0.6514119513728754,-0.21695666387830706,-0.33231503313101807,-0.904689752236351,-0.32365150262070586,-0.4823201337574442,-0.8411566952782031,-0.38438677953285,-0.5882886735547217,-0.7311664412208998,-0.4161937239925035,-0.13985485403851464,-0.5381662297033971,-0.32206350038910975,-0.26962948703835726,-0.6865385535315066,-0.40237621345553143,-0.3889210359631625,-0.6982094784047546,-0.44773148073123786,-0.4877311203338634,-0.6875338961120547,-0.47888942811236873
C,0.0,0.0,0.0,-0.21180163834523605,-0.04343150981596946,0.05560968764283751,-0.40037943078457244,-0.17241059107346113,0.018936204620350557,-0.5577761591305136,-0.1646941763953383,-0.05326024962076584,-0.6676540135177332,-0.14195193750818416,-0.1343018050666395,-0.3041694576790193,-0.6676156108665653,-0.00426546434470429,-0.433043403809543,-0.9317968915257311,-0.11250111970522648,-0.5721856522658824,-0.9168938298901055,-0.190698341084549,-0.688661837585745,-0.8333346973619268,-0.24148323068007466,-0.24864835258922005,-0.6673650493064859,-0.11742925008789318,-0.41477192602516194,-1.0,-0.2656388720610088,-0.5645857046445804,-0.8978017315188815,-0.3593668967734296,-0.6636151248526849,-0.7420648161205516,-0.40713605686337995,-0.18635736373983905,-0.6275037269458182,-0.2316823901341778,-0.33378923365935714,-0.9408048314312479,-0.35378029470296013,-0.4815727081801424,-0.8695156607270567,-0.41441292644294014,-0.5847300986129718,-0.736491710063761,-0.44214392940686936,-0.13737257874432143,-0.5356940051572872,-0.3466229612445558,-0.25791031658893804,-0.7340232380108183,-0.436618905357996,-0.3872614628765978,-0.7335318729413661,-0.4815215593589227,-0.48790442398541456,-0.6890291809784743,-0.5100844361455903
C,0.0,0.0,0.0,-0.20901751405337607,-0.03407548392558449,0.06366913725565708,-0.3947108512400152,-0.16153525045028214,0.033958954384185266,-0.5453138060249745,-0.15955540375865981,-0.03342133709991158,-0.6607300457628719,-0.14525211420964904,-0.10991628920442309,-0.32043027284194603,-0.6651227495218236,0.017871158074131022,-0.43471290114681255,-0.9204344245519154,-0.08310389549063095,-0.5665462346423221,-0.9111248636503845,-0.15882485168457677,-0.6770559965125637,-0.8330727162270557,-0.209497556413342,-0.26170530838285383,-0.6808418370408428,-0.09871709210620888,-0.41083505483338506,-1.0,-0.23811569056352427,-0.560114976417963,-0.9153505259535392,-0.3321783358125571,-0.6657594531679006,-0.7760486554460218,-0.383363061120181,-0.19369413639080824,-0.653641325342589,-0.21693720579494805,-0.3325869985958787,-0.947761433663297,-0.3368036812883447,-0.48285976269734004,-0.8850290960267811,-0.4012266041440595,-0.5913744333159157,-0.7602218829496732,-0.43294899292120903,-0.13564220304002475,-0.5681151269174494,-0.33520417826100213,-0.25174023139944735,-0.7544630071289401,-0.4261064153839709,-0.37982956581871236,-0.7495338245973896,-0.47281801782400873,-0.480858184398847,-0.7014453464683057,-0.5030805372567684
C,0.0,0.0,0.0,-0.21143913620476879,-0.028560146445598993,0.06573666023956358,-0.4014597400803166,-0.15252779397718563,0.03545636915502392,-0.5561591772265403,-0.14592452419128793,-0.03362908364619318,-0.6761080062861082,-0.12955201515467518,-0.11169937172600099,-0.3300525657869392,-0.6698072853497279,0.023105265387244608,-0.4531583974409216,-0.9161979539594378,-0.07718946287755969,-0.5889237895721275,-0.9035191313161639,-0.1547674889721489,-0.7020953251387209,-0.8262323468890274,-0.20745298985820854,-0.2718967654173713,-0.6892756894194915,-0.09535101304520696,-0.42981497693189563,-1.0,-0.2337004724923695,-0.5815732805859949,-0.909213758234576,-0.33026056928807496,-0.6880980404399213,-0.7650238253067666,-0.3841802913881559,-0.2054622189218235,-0.6650641430129481,-0.21539207425439275,-0.35458060950807085,-0.9516393431734219,-0.33374394935983653,-0.5056727079018719,-0.8808120264994268,-0.4008159116498291,-0.6149034699795821,-0.749899703894013,-0.4354210986854614,-0.14980286169366247,-0.5799104242857389,-0.33545618571724134,-0.27661367135556497,-0.7505629201975103,-0.4242822114940048,-0.40414847277591726,-0.7363268510609469,-0.47177602933502155,-0.5047285296590862,-0.6802407372228739,-0.5036448679326827
C,0.0,0.0,0.0,-0.2039687420860316,-0.05433035905160647,0.054483521325517044,-0.38254898026975737,-0.19418946163637021,0.01793937453764264,-0.5299058381653078,-0.19579708667295947,-0.05697821741239206,-0.6456278716399552,-0.16882332240314948,-0.1410747690599775,-0.3094010544283689,-0.6982193776701935,0.015974291223083567,-0.4284455568309264,-0.9260762174766733,-0.09208258723850676,-0.562903262939441,-0.9074553282179635,-0.17827085211841176,-0.6746341896589717,-0.8349803158022832,-0.23649054634734049,-0.24744335654215904,-0.7159124620540633,-0.10010180112038841,-0.39522941874882833,-1.0,-0.24397128148716898,-0.5425882499975333,-0.9104834386336502,-0.34883962594254,-0.6462100108205532,-0.7800128925739432,-0.40972488861228945,-0.17690946584619027,-0.6873547529855188,-0.21933520069809084,-0.3164745388109232,-0.9487507030070613,-0.34329302356333385,-0.4634206103581307,-0.874632874090202,-0.41700027168947057,-0.56772087577413,-0.7442833603573085,-0.45693399169039145,-0.11662089583655373,-0.5975990869952739,-0.3396865151157379,-0.24098917615794718,-0.7547789680020786,-0.43271334285187424,-0.36318907025466124,-0.736424810311428,-0.4836963605035182,-0.4568634867176888,-0.6765519600330208,-0.5188443291008917
C,0.0,0.0,0.0,-0.18379826288906498,-0.06857743638831569,0.03388889149453721,-0.3441522757408613,-0.20616697920017574,-0.013240697451976412,-0.4852624889174833,-0.21602692757330152,-0.09082410564950805,-0.5806667555883345,-0.22236746094638807,-0.17602219827973253,-0.2255024205001059,-0.6916956054388677,-0.033464098431160896,-0.3281604983797949,-0.9575674170086228,-0.1456776006633563,-0.4606074396051878,-0.931422877452865,-0.22483274020499125,-0.5688691517657489,-0.8446175452912054,-0.2764934308125093,-0.17147654429475964,-0.6793261829851004,-0.1349903963605937,-0.3067876001349517,-1.0,-0.2873188723478204,-0.45473233270303565,-0.9089920205879815,-0.38289573205296656,-0.5540781307619279,-0.7738651895208429,-0.4332747737389214,-0.11667704957906051,-0.6235613127976587,-0.2379364529461586,-0.2369102335762987,-0.916440413328835,-0.36693129810476605,-0.37880693275168104,-0.8569012891026496,-0.431471403084641,-0.48032639482789735,-0.741437863369242,-0.46177382829236463,-0.0758149278557586,-0.5218042729476748,-0.34215385073200905,-0.17004542851090207,-0.7021571873553388,-0.4383690830137129,-0.2831603806893522,-0.7030290381552415,-0.48527088210828107,-0.37671455360015066,-0.6638892768314595,-0.5146994165484277
C,0.0,0.0,0.0,-0.18697992680724987,-0.06422843357537084,0.04027199880617799,-0.35063597998495727,-0.20545192884853766,-0.003967504794316512,-0.4915585569010557,-0.21355734115276198,-0.08040432304602375,-0.585361195767569,-0.20063501081812615,-0.16647923670279188,-0.23102077417046468,-0.6966126507094142,-0.03617999184660513,-0.3298519589721493,-0.9609908761681241,-0.1546373685050323,-0.4613046637896711,-0.9426558285216583,-0.23818245883296973,-0.5704754287609949,-0.8681529554980835,-0.29220453295802656,-0.1755364497289987,-0.6823865526672266,-0.14357609666581103,-0.31073840026463023,-1.0,-0.3044557748420488,-0.46025701033322497,-0.913442915914768,-0.40375557563854503,-0.5625028399765748,-0.788166504768142,-0.45548350477052424,-0.11840644823235091,-0.6183039707559469,-0.25223819800062386,-0.2365088005114659,-0.9179875139536192,-0.3911240747931456,-0.38136619476185984,-0.8579487409251826,-0.4586886665848427,-0.48758306633581533,-0.742869235880272,-0.4890433292146912,-0.07535097344069795,-0.5077445962593974,-0.36110913691356183,-0.1648409787885923,-0.6951954428186803,-0.46658570802037896,-0.2830160980199445,-0.6969192887395842,-0.5169776168437056,-0.38341923964572344,-0.6580591941679671,-0.547430149435515
C,0.0,0.0,0.0,-0.1756254873255636,-0.053930512191849404,0.01783835641521361,-0.3333307641500783,-0.18128597479190794,-0.040361670142407484,-0.470118065505679,-0.17797896405183058,-0.1268556485994913,-0.5669440807826718,-0.16784621015845622,-0.22198340752872703,-0.23503874144835557,-0.6702714929350868,-0.06713184117372326,-0.32514912142584007,-0.965068912573263,-0.1955264368128545,-0.45483415161820007,-0.945011351333241,-0.2838284525887932,-0.5616768356512871,-0.8633405810517282,-0.33998170809265227,-0.17751839862912577,-0.6573322471455718,-0.16501091026844636,-0.2928739927294211,-1.0,-0.33591963274521874,-0.4402901625081814,-0.910607365932284,-0.4383884395834827,-0.5356976740345075,-0.7772003756879972,-0.49033453298042484,-0.11869374963330152,-0.5970057270240694,-0.2651101567689435,-0.218960478044258,-0.91220864872024,-0.4107037859599827,-0.36060385034580944,-0.8531386165074009,-0.47923200416480627,-0.4581987330361155,-0.7381712312401778,-0.508818102450537,-0.07001884259972194,-0.49255143963659376,-0.3671180639285179,-0.15117682487644718,-0.6916547527347252,-0.4758674227468908,-0.26734029602968384,-0.6938311131133263,-0.5269468886860487,-0.3599686853263825,-0.6512888989419107,-0.5570278431260928
C,0.0,0.0,0.0,-0.16245992580101976,-0.07421283323444655,0.03287348517709634,-0.3093343519703228,-0.22742515037127492,-0.01023285984484592,-0.4354593548809247,-0.24158585509358285,-0.08195673351742723,-0.5333557928641767,-0.23042240718422033,-0.16104266045498178,-0.22909016204757823,-0.6630003398404076,-0.036113511966682096,-0.3124212111110423,-0.9611055158780335,-0.14472581682371774,-0.43170106777089745,-0.9420944956759508,-0.21855851255101305,-0.5269512896398193,-0.854643508001871,-0.264832109427193,-0.17389778083919064,-0.6525743426681864,-0.13053010198135742,-0.2698462524268525,-1.0,-0.2762684907428676,-0.40559407374920015,-0.9227188765282871,-0.3648057776904906,-0.49203497202432583,-0.7870753947586765,-0.4090041522335261,-0.11500458769813093,-0.5988085248362031,-0.22626042579650665,-0.1978410554918416,-0.9242313579262249,-0.34992755432780365,-0.3316308891056243,-0.8827031843311466,-0.40903546883657216,-0.4211424355740105,-0.7736182451560952,-0.4345798692953125,-0.06279384184422812,-0.5033796878007315,-0.3230750409382979,-0.12919506161486385,-0.7154330283022511,-0.41412345891193536,-0.2395320754227594,-0.730257497636886,-0.4567977464923748,-0.3261751684243755,-0.6920447575417011,-0.48203144940583575
C,0.0,0.0,0.0,-0.1671771695717594,-0.06269361702247271,0.03362652223230673,-0.32121318764347795,-0.2116110201166347,-0.0015865890979379627,-0.45472386885214566,-0.23570842502662606,-0.06410145684869248,-0.5460794810438376,-0.24206242236697012,-0.13290734419756192,-0.21068342926402975,-0.6672163813668922,-0.009854095853452139,-0.299372358298551,-0.9514302186050552,-0.09802538680939916,-0.4239019924370426,-0.9526351029049616,-0.15898793132321928,-0.5296692745087072,-0.8797769172108298,-0.19842208474056236,-0.1639384720554823,-0.6560467820608427,-0.09887901634591574,-0.2858610137218796,-1.0,-0.21700489175978288,-0.4212628559173129,-0.9401321620203266,-0.29316865637882555,-0.5138504774141466,-0.8167322211050531,-0.3321357818562889,-0.11303425368148161,-0.6050180416420832,-0.1903983360254865,-0.22052769800340286,-0.9294503911763061,-0.2927305980850811,-0.35502246878024335,-0.8966445946891769,-0.3486420151262743,-0.4540959179537458,-0.7974644725676249,-0.3748185587147523,-0.07694309904730798,-0.5066398639758287,-0.2831329666180512,-0.1655325228812771,-0.7175761320192275,-0.3622123179397136,-0.2791615590609745,-0.7367803546376591,-0.4037008215754481,-0.37154482948209794,-0.7069287944720083,-0.4293801905213367
C,0.0,0.0,0.0,-0.2029705881533422,-0.073252079985112,0.06217624370809415,-0.37280366580098695,-0.21096921667495977,0.03717265167979759,-0.5230911233877393,-0.21036266892156955,-0.02346750440652636,-0.6363894335744419,-0.19461207854206802,-0.09083700791580694,-0.2654300483698369,-0.7298345969500444,0.036370238020095806,-0.38939251221491267,-0.958794201837564,-0.04313681067779898,-0.5216885550334298,-0.9380249274115149,-0.10663016369313763,-0.6294106147909955,-0.8643930218264801,-0.1493870324871503,-0.21864873303231788,-0.7330955243785708,-0.06726424201992227,-0.3807275024091062,-1.0,-0.1749315597795261,-0.5314543258249584,-0.9212417686733044,-0.25484858915031056,-0.6324166631103845,-0.7990303155089539,-0.3002698098745925,-0.16965299045200566,-0.6855827147968762,-0.17273011113348705,-0.3196556521642213,-0.9399102702349156,-0.2655669119519159,-0.467593763762262,-0.884085585999775,-0.3219506657404563,-0.572183655503167,-0.7775450918246719,-0.3514881188176962,-0.13824889252973968,-0.5842940794574624,-0.27819856955042965,-0.2566626762981053,-0.7516882074710083,-0.34772718544981196,-0.3768116324596318,-0.7517961424677431,-0.38570230291344515,-0.4711468196058642,-0.710299095795096,-0.4114002544509249
C,0.0,0.0,0.0,-0.24078713736639468,-0.02176901939892308,0.07154099041193425,-0.4429531347611281,-0.14295661633277518,0.05889020407762848,-0.6141219771911074,-0.13216440112697816,0.007021254180811098,-0.745508936800278,-0.11618497261711054,-0.05161961686941156,-0.34124197514157845,-0.752597055378667,0.08887568637547891,-0.5130108960054549,-0.9060701530117894,0.023874379349141803,-0.6556085163183891,-0.882822779463457,-0.03755344387290824,-0.7742141665807222,-0.7959437719609985,-0.08063179871616855,-0.2897107733621669,-0.7751435162953976,-0.019712098148573828,-0.5123221360296025,-1.0,-0.10951952874623487,-0.6685556929936983,-0.9188660783905417,-0.1943779724771396,-0.7757513133079463,-0.7811204879981029,-0.24594778767794417,-0.23738209460546897,-0.7437758695553639,-0.13370606445763492,-0.4459660080365184,-0.9652788771734367,-0.21643032119135577,-0.6068054215296449,-0.8938434317523276,-0.2844128932976606,-0.7211517301768835,-0.7634168603975167,-0.3232471358357658,-0.20800025750492182,-0.6337363635706736,-0.24785628836210585,-0.37602714574844265,-0.7744357062105326,-0.31440675620650715,-0.514476440598804,-0.7607817048008245,-0.36055771863115255,-0.6186949887045992,-0.7057835474061963,-0.39325406941854607
C,0.0,0.0,0.0,-0.24512703162981225,0.004062925172343212,0.08730387005935465,-0.45707272729705106,-0.1160228016123271,0.08734323090115743,-0.6384371183064411,-0.10049619326520319,0.045960965303645226,-0.7796334671588019,-0.07334402688460463,-0.002122026025326462,-0.36313146245239075,-0.7300005953248936,0.11894960015844615,-0.5432998524396949,-0.8902725919108057,0.06627909246169797,-0.6952334543158379,-0.8708646659290881,0.011615581567419639,-0.8180693814373685,-0.7816018855076516,-0.02801143714417689,-0.3159432688821671,-0.760874211194516,0.006579307771564571,-0.5469373544296855,-1.0,-0.07164559283551632,-0.7124276412692594,-0.9156794195515398,-0.1525182900067866,-0.8222266221265541,-0.7643829490923637,-0.20159064087790077,-0.265617244889905,-0.7384553793958724,-0.11065787797506983,-0.4827887559850219,-0.9758858300635058,-0.18359335060952295,-0.6506750582950163,-0.8944781609410681,-0.24936947701104484,-0.7657396543904876,-0.7488697188327351,-0.2873016435856257,-0.23901960023598948,-0.631185525979577,-0.2271863085849367,-0.4206973729449585,-0.7685037344931244,-0.2865546655283648,-0.5653920916773579,-0.7443031086661913,-0.3307363638698833,-0.6698191015008876,-0.6789008161971181,-0.3625110984486274
C,0.0,0.0,0.0,-0.24857325733516814,-0.0024872479270510667,0.10019596637962237,-0.46448175711238854,-0.1275288070676872,0.10773084253580656,-0.6446124006336699,-0.11873200113603062,0.07358992267895417,-0.7847677550826546,-0.08811862537710174,0.03305123261337393,-0.3604296237754795,-0.7671024143235496,0.1322242410541202,-0.5507838966690328,-0.9002822952083482,0.09095587304482,-0.7028365547254318,-0.878418229220349,0.043841796919459865,-0.8259398181640182,-0.779856264339721,0.009129714652434185,-0.31094185532927926,-0.8041781758695594,0.01920258549062349,-0.5545470788730292,-1.0,-0.03901555837799373,-0.7183464744763064,-0.9252570366208324,-0.1083935911047871,-0.8285834480080208,-0.777388725703856,-0.15367764641745885,-0.2637943228840703,-0.7796780729612112,-0.09758491282924021,-0.4977620261409822,-0.9830096216882332,-0.152950634074596,-0.6663326857269514,-0.9241126053195053,-0.2109291187176656,-0.7839170245303131,-0.7953144875891239,-0.24786095801133629,-0.24554384234893395,-0.6624465627803929,-0.21262149254669946,-0.4415873152294339,-0.7927309549280821,-0.26049929865703203,-0.5853717640817231,-0.7909937909270701,-0.2986688652820292,-0.6896426382404838,-0.7458923090791657,-0.3285279365802285
C,0.0,0.0,0.0,-0.23047479744400923,-0.0008670220771471162,0.1103636677452255,-0.4387400953088993,-0.1318607168058132,0.13482093756349423,-0.611021556812862,-0.13682824507440855,0.11542614945222437,-0.7572158184638492,-0.10810004636117701,0.08990598536542234,-0.3648822781564739,-0.7092900084478686,0.18046817703145246,-0.5194651145378214,-0.8870428451392991,0.1578351212097214,-0.660606083524236,-0.8996828834988243,0.11973003411045628,-0.7773960144513764,-0.8383256430249874,0.08909875824027666,-0.31633448719471013,-0.7631762170943416,0.06792777171526998,-0.505430610628886,-1.0,0.03295012840969537,-0.6642239191908802,-0.9803262223506252,-0.03200579443865064,-0.784976558488066,-0.8823298873793985,-0.07703824962599744,-0.26614159293373985,-0.7647577912113427,-0.049758591897029573,-0.458949635728207,-0.9998106225330446,-0.08833976025919431,-0.6207179251369092,-0.9886107302301345,-0.1439860108651795,-0.7428452149290553,-0.9001356045520171,-0.1814610340646755,-0.23606627303783692,-0.6856675896045081,-0.1660049512589243,-0.4143067718326732,-0.8513482178173641,-0.20391515881027517,-0.5555360766343449,-0.8679346284715106,-0.23844400673124488,-0.6621102125429295,-0.8304062766832019,-0.2659357120133182
C,0.0,0.0,0.0,-0.209841037871716,0.012050582358838857,0.09393368262483301,-0.4099459614400169,-0.11021523307758055,0.11354194944071527,-0.5658345838906366,-0.14190054978780867,0.08889504367587799,-0.6944745886883043,-0.1772966896220325,0.05755140275817666,-0.38123822262168905,-0.6025057394767366,0.1831209947633006,-0.4974307193795152,-0.8329447298777166,0.15104631225619908,-0.6238942398892268,-0.8173385878975022,0.1050397400486964,-0.7188878050937356,-0.7330101768746067,0.0700152018718533,-0.331845370257078,-0.6682367084848964,0.07388204289867108,-0.47121710703944647,-0.9766765504210602,0.013347787475470663,-0.6155265281416369,-0.9095000553332695,-0.07185327399578952,-0.7023555455434737,-0.7533286678048422,-0.124302773334522,-0.26877586163302897,-0.7042062560010551,-0.04222252653035184,-0.40700205362028874,-1.0,-0.10601828034672747,-0.5542327664182578,-0.9308579985670525,-0.17669859908414803,-0.6398475012550043,-0.7790639745347526,-0.2181060061950894,-0.20082635251091704,-0.6935766777447557,-0.15810873283565097,-0.33392147961289836,-0.8943214597412029,-0.21466284426275253,-0.4605377224877076,-0.8758830929353709,-0.25988996224052546,-0.5396199550955588,-0.7970058030687031,-0.2914600860104402
C,0.0,0.0,0.0,-0.21109209446551888,0.014137184626244852,0.10839826597125711,-0.4067938493126526,-0.10536323572074813,0.13433927926798672,-0.5577768017209613,-0.13729945099193766,0.11330738236316484,-0.6797684769865399,-0.17479695973701906,0.08561513484975987,-0.37789744298073097,-0.5791511714991835,0.19595622797418305,-0.4914795497244923,-0.8236273962048808,0.16687379898032503,-0.6154649458328295,-0.7982197026361659,0.12467920681966503,-0.7053336513218109,-0.7092305236438612,0.09256896215811963,-0.33030503474852546,-0.645374701467606,0.08038668826728368,-0.4680846945422758,-0.9827945093458502,0.017699989770304965,-0.6073196773532143,-0.8996910246477712,-0.06342176362270059,-0.6824492345574455,-0.7302895734350259,-0.11012203972782605,-0.2699746071225277,-0.6837949901520752,-0.040711032730327106,-0.4067479672076772,-1.0,-0.10495693494456881,-0.5490979148017104,-0.9142981423960687,-0.1679738628723848,-0.6220052965154931,-0.7531043903917137,-0.20229597747345662,-0.2048824772895529,-0.674198580617965,-0.1606445251853495,-0.33960189626916354,-0.880469469521617,-0.2152382558736432,-0.461975922409537,-0.8439201909460269,-0.2539276986641546,-0.528986736726092,-0.752572683706452,-0.2797730047575371
C,0.0,0.0,0.0,-0.20365493373994242,0.010963467589447702,0.08377064628407575,-0.39635084532503567,-0.10149383130407792,0.09426416589479703,-0.5436600095143699,-0.13362224098803546,0.06277184518359133,-0.6614147846377862,-0.17203877490433625,0.025344764202990006,-0.37510713924828043,-0.5703495439525533,0.15357346589785753,-0.4840029611153846,-0.8254406636783087,0.11193765368190585,-0.6021398156432678,-0.8082734781211383,0.06511162559394028,-0.6882802556991184,-0.7257715692914165,0.0314290342691831,-0.32102512177783643,-0.6363884696597094,0.04773420802554855,-0.44616729731995575,-0.9885695338067038,-0.028296264730463035,-0.5739368386952969,-0.9140674125080054,-0.10822838643494981,-0.6395646756875933,-0.7497520102910671,-0.1518402299504086,-0.25437802642195345,-0.6716818008068007,-0.06407073046473968,-0.37697125815658883,-1.0,-0.1382573327683525,-0.5076848170911686,-0.9230572781139685,-0.19717822004746213,-0.5716514293696527,-0.7668048683892041,-0.2266475901766835,-0.18141339857407557,-0.6596303415957434,-0.17667238487312045,-0.2995707704924134,-0.882098354556579,-0.23680523725602443,-0.41427711733627737,-0.8507409998044578,-0.27311051744635284,-0.4766848638822174,-0.7595924357168785,-0.2958718265037378
C,0.0,0.0,0.0,-0.1688187969568597,-0.007778614822423611,0.03455328012646954,-0.3416099405501622,-0.1114716477012712,0.012856583434658566,-0.46925440146940384,-0.15914032796068678,-0.039592174009586714,-0.5272169260492748,-0.25266050909552845,-0.09703804297733365,-0.3196630117259716,-0.5828112448126516,0.05202914864127525,-0.40182675883066193,-0.8697385800240424,-0.016580001929925283,-0.5057146084999888,-0.8531330257150874,-0.07062612885290809,-0.572522086091112,-0.7644118349898661,-0.10492499275135762,-0.25605173734198466,-0.6265044547030137,-0.031109886354421804,-0.349564421518561,-1.0,-0.13975684352648585,-0.4610062896356114,-0.9209031335723683,-0.22025463895219594,-0.5085971889530237,-0.7555062815659688,-0.2573369633632812,-0.1837425336282831,-0.6398333176279,-0.11941181684720624,-0.2741383574060316,-0.9892740393350823,-0.21798472658851434,-0.3898674444066704,-0.928752709187262,-0.2750837994126133,-0.4395689457246253,-0.7809650147153837,-0.2970936454178018,-0.10394366035863574,-0.6147869171830804,-0.21030946826884298,-0.1861430180150866,-0.8626186562847677,-0.28596144332687934,-0.2882684577455293,-0.8471127599791543,-0.3229088745513981,-0.3430310306391313,-0.7600659940576193,-0.34195302278500544
C,0.0,0.0,0.0,-0.169106476480787,-0.005015657550310222,0.04053869136906416,-0.33775006089332826,-0.11243796331600914,0.021077228623962094,-0.46300738016861026,-0.16020608152203517,-0.029868901463714022,-0.5313302083322627,-0.2394140674379479,-0.08615314753750748,-0.3191577090953564,-0.5806516459697866,0.054118918457499776,-0.40120491709771605,-0.8764223088489054,-0.014349910774483764,-0.5093159084205453,-0.8592259301777058,-0.06758717642509686,-0.5813556447858353,-0.7704342079704999,-0.10120969739860904,-0.25806746672449393,-0.6231728661384791,-0.031477879195768985,-0.35430153553960736,-1.0,-0.1393729529255136,-0.47022208336373716,-0.9187348473247531,-0.2178417400845752,-0.5213585018905195,-0.754573371578797,-0.2536621761938564,-0.18823674503834995,-0.6366140020739702,-0.12141802837671518,-0.28174258720078765,-0.989235035914217,-0.21991912753983017,-0.4015198152542669,-0.9240818981863552,-0.2745042666900779,-0.45412774546691564,-0.775816150452255,-0.2948168164710161,-0.11192204009607272,-0.6119704464380229,-0.21343741814848596,-0.1977761859296844,-0.8587118054948906,-0.2882308561601055,-0.3016749005408972,-0.8345586338517573,-0.3226245127710655,-0.35701763491340816,-0.7402746931438737,-0.3398264412139537
C,0.0,0.0,0.0,-0.18321861288019867,-0.012579994254926318,0.06652485832400144,-0.34897133286847265,-0.12635293433724204,0.05771455793650378,-0.47576306091402115,-0.16614124171585512,0.011044596793589951,-0.5592550975116094,-0.23247863725279969,-0.04239777951096019,-0.3132517458393471,-0.5937222295147626,0.08585936125668882,-0.3936163687224286,-0.8715588130971543,0.020789206242105288,-0.5071265704692662,-0.8651431360178778,-0.034955127841894224,-0.5896634394330728,-0.7927492080870032,-0.07228434921683703,-0.25523622503766,-0.6318728702290882,-0.015224458297725584,-0.35282469053509974,-1.0,-0.11975667325016426,-0.4798605376640059,-0.9289652257537772,-0.20147302797712172,-0.548325803397455,-0.7786775531365009,-0.24232071908124647,-0.191120830360718,-0.6398279456975718,-0.12029771768469912,-0.28638664759641486,-0.9818861054141371,-0.21719970170048494,-0.4172797831229513,-0.9211063497545827,-0.27351704326849285,-0.48606116238129066,-0.7798603411274557,-0.2969880845905094,-0.12660201855449849,-0.6028058385423277,-0.22574728314755874,-0.21869987348218184,-0.8403519121403006,-0.3011980526553888,-0.3278935119457501,-0.8221280605266372,-0.33717761099224686,-0.3912899966102617,-0.7378342065245377,-0.3567713223605312
C,0.0,0.0,0.0,-0.1816886180685661,-0.01703108856058909,0.08214384773805818,-0.35453888637670566,-0.14379695877135754,0.08451581368159533,-0.4851206673619374,-0.18779381000211276,0.047948306724083664,-0.5743049796992751,-0.25638387760350884,0.004744380414294178,-0.3176077353723633,-0.6032273711292105,0.10336828892411908,-0.40704531251187814,-0.876245807470077,0.05000414765888997,-0.5195375376548995,-0.8640059338657439,0.004659221144968234,-0.5983420747275043,-0.7760199864908432,-0.025863593599175897,-0.26339131263973503,-0.6401676037481354,-0.00034065976546483913,-0.37039007932586254,-1.0,-0.08875459409667491,-0.4971463577189821,-0.9365135446924365,-0.16097426544528803,-0.5639178575103856,-0.7801116110024067,-0.1972830197288892,-0.20031960140487476,-0.6435525970126896,-0.10704087786376333,-0.3053493924170253,-0.9785339712844449,-0.189594591149742,-0.43816055672134124,-0.9295754462529385,-0.24130680968155205,-0.5128367346615994,-0.7953080093361039,-0.263799392476923,-0.13759666498622783,-0.5959527937674002,-0.21293972326912197,-0.24168686603123596,-0.8237545853862842,-0.279309463655863,-0.3523568499021864,-0.8253248883841506,-0.3136887574929824,-0.42020385775763,-0.7617500148851745,-0.3329290763515316
C,0.0,0.0,0.0,-0.19822635627343238,-0.009228652486991017,0.10985921922957473,-0.3704041914000122,-0.1226727218867133,0.1337819277835847,-0.504932018155973,-0.16010198706488174,0.11347752168453892,-0.6077233220077922,-0.22461186632752736,0.08742537430001855,-0.3245405163978854,-0.6046743453075867,0.17374314417338543,-0.4242387361328936,-0.8707986075453465,0.146035364877211,-0.5417390389849276,-0.8592108781255915,0.11322459965836168,-0.6276520421553543,-0.7718524810962878,0.08969124468697405,-0.27635996536743357,-0.6527480286020108,0.06457341064143819,-0.4019646968565788,-1.0,0.007169223795156096,-0.536960598113058,-0.9400235490321694,-0.05615569938270907,-0.6146815761414327,-0.7905994728648442,-0.08934557712220603,-0.2212916496261407,-0.6714087635768786,-0.048275698143991436,-0.35032459915452885,-0.9906157348983496,-0.10577034045834881,-0.4904243880624101,-0.9336674951063182,-0.15219472970588813,-0.572389983556075,-0.7986694812282493,-0.173655693070608,-0.17173758539821912,-0.637788091378819,-0.1592469053273995,-0.29357463662779837,-0.8584370918228302,-0.20670362582658416,-0.40999636886723345,-0.8498883943236022,-0.23504615773760446,-0.4818881601832972,-0.7804263239451693,-0.25149049502804977
C,0.0,0.0,0.0,-0.21755667814264065,0.010611715003375863,0.15203565432738317,-0.4004934356401614,-0.09582398557457417,0.20336302415731075,-0.5435255952132274,-0.12517458460156533,0.202046858665008,-0.6698959092677399,-0.18137958755011704,0.1953988369480788,-0.3447125666442315,-0.6321109220952768,0.2646510819060342,-0.46456551447845584,-0.8438228119784535,0.26684529999126483,-0.5941014245658703,-0.8241673538325056,0.24434615871690485,-0.6926771446285659,-0.7350986942763573,0.22445133758308836,-0.302177596905739,-0.695940805090963,0.14074832994385872,-0.4506141020144351,-0.9890817542286181,0.1175547818420117,-0.5985374103355143,-0.9232272008276383,0.0606920204694634,-0.6952105110242263,-0.774515511680019,0.027610454122655153,-0.2572318942590107,-0.7252528031627156,0.012815682435391515,-0.41916570786447604,-1.0,-0.016442283730844744,-0.5710613668878888,-0.9298699010137014,-0.05680006726134741,-0.6659155100809122,-0.7885591640123877,-0.07938473030227772,-0.22207992642837962,-0.6933456453965873,-0.11082585036962235,-0.3824091263883702,-0.8840379649131613,-0.1391621285481211,-0.5140319237842407,-0.8540994558642026,-0.15965943434441196,-0.5947446679187355,-0.7657605079186762,-0.17355882288727778
C,0.0,0.0,0.0,-0.22808580858440006,0.0207816021985426,0.18876816343830585,-0.41693084715516276,-0.07757274269090512,0.2608990152297517,-0.5584222642898132,-0.10553865184401183,0.27290975187395633,-0.6883058023619072,-0.15956508659922092,0.28035152278812725,-0.36655634387869507,-0.665805824094484,0.32918352288600433,-0.4985236336138678,-0.8532916375512741,0.35301171039231616,-0.6254599123034181,-0.8176469919055005,0.3414700217829017,-0.7182626301955749,-0.71906711116315,0.32742624282156,-0.32652246896239234,-0.731690465000946,0.19135124117686006,-0.49991280138925365,-0.9834539965350223,0.18936432021722244,-0.6426403460298445,-0.8921118151273545,0.14175385191936402,-0.7298156680395573,-0.7289309643500956,0.11379726631002172,-0.28722267219686515,-0.7600086028807845,0.04992634987462367,-0.47103240686732256,-1.0,0.038649439846740505,-0.6210271105578575,-0.9021225912658223,0.007712337807784777,-0.7094187056206024,-0.7417697658322896,-0.010553886312070009,-0.26086390051566843,-0.7231490793597508,-0.08511469088935851,-0.43773423559122104,-0.8944073118476672,-0.10144472351827374,-0.5731984847510826,-0.8458416565525222,-0.11432814385882804,-0.6546057125661193,-0.7453198493336792,-0.1236170630671956
C,0.0,0.0,0.0,-0.240895350027961,0.045637291399243676,0.2324936143065728,-0.43875433514811113,-0.04350595408331495,0.3238333366362634,-0.5851208861963948,-0.0690705273579536,0.345788443781185,-0.7118152446962295,-0.1314387463246366,0.36578660461103935,-0.4008182845771024,-0.6632406935717376,0.39008481343901275,-0.5491475191987064,-0.86021181091469,0.4328713911125047,-0.6689436365254211,-0.7686717987343825,0.4415917800942843,-0.7353245805144091,-0.6258403730213766,0.4422264236947191,-0.3620045417435333,-0.735011142188528,0.23199322796176705,-0.5633395476139392,-0.9850743061543894,0.2392213344218982,-0.6998025084159084,-0.825397694834584,0.20716134586610466,-0.7639118228871572,-0.6291200821142381,0.19565955032077176,-0.327220086206094,-0.7687841623960177,0.07258311499406955,-0.5349257219906511,-1.0,0.07458324635563351,-0.684089457062684,-0.8411670362687816,0.06651617412615012,-0.7505611146821635,-0.6454352749586431,0.06590512229402705,-0.30777554373511967,-0.7320553175615743,-0.0788398075934296,-0.5039096708740616,-0.8936737201746465,-0.07895794910712615,-0.6401141303041764,-0.7968571082789503,-0.07271711112968073,-0.7053653756680929,-0.6598380664270586,-0.06678586183195362
C,0.0,0.0,0.0,-0.2327724626997722,0.025780887792547662,0.1834651985907831,-0.43064631605351933,-0.06589695426752307,0.24145552447617483,-0.5797021918896594,-0.09060216295679653,0.23797851846876256,-0.6988786580749458,-0.16120375552589586,0.23099797494441754,-0.39829600386167313,-0.6557527893071602,0.29199691039741615,-0.5498159969576496,-0.8705431967431498,0.29692265344666424,-0.6684935329379281,-0.7785839775551381,0.2856931456583807,-0.7339201824053206,-0.6365421740740557,0.27547793138291254,-0.35736549160793246,-0.7181311512151856,0.14751546702816784,-0.5533865391259986,-0.9913377934541332,0.11607397168366586,-0.6869783351273687,-0.8389743581044511,0.06684639245252091,-0.7472507153965768,-0.6474301118691425,0.045201915422234916,-0.31410317507689894,-0.744484282055232,0.0010277698950432212,-0.5113867089700674,-1.0,-0.03171166175042536,-0.6566102792132593,-0.8503974849507235,-0.057074966509950226,-0.7213700627670313,-0.6597750827724786,-0.06596187585785183,-0.2790224233398405,-0.7078726012573338,-0.13995266998065334,-0.4571220590444564,-0.885038942742935,-0.16605899947114977,-0.5883069885957447,-0.8049951543550744,-0.17491954296580917,-0.6546632215815197,-0.6788231693178916,-0.17842999828892053
C,0.0,0.0,0.0,-0.21792505861107325,0.01624826859607756,0.11975006141320843,-0.41683097121872326,-0.07322197650171415,0.13699856815621675,-0.5703120397999902,-0.08612356543823242,0.10508091655634062,-0.6840027954915335,-0.14245551785597074,0.0684674629482884,-0.3917643237384524,-0.606586424615136,0.16944051247864245,-0.5324458362996511,-0.8809113874625318,0.12906675801654316,-0.658652559616676,-0.7956696178372893,0.09337263281941977,-0.7378269471246492,-0.652239738223508,0.06938790898781237,-0.3424283581662518,-0.6604342436773252,0.04540422060622693,-0.5194811342189369,-1.0,-0.03301563282717019,-0.6585515785859626,-0.8468316570482235,-0.09950328563461114,-0.7209783673386955,-0.6453445220315364,-0.13037312755511887,-0.2868988893769639,-0.6827314863902816,-0.0810984474756468,-0.46065105836535275,-0.9918163289692697,-0.15106120861679978,-0.605015854021822,-0.8518179110054176,-0.189628730634872,-0.6683391649878571,-0.6656094163128123,-0.2042678507282458,-0.23112391045675404,-0.655102340067085,-0.20597418032443948,-0.3832613001980911,-0.8570306359617013,-0.25650294487622677,-0.5059665062751295,-0.789074189080248,-0.27762536270712057,-0.5688328780771865,-0.6762160009492217,-0.28925869301102297
C,0.0,0.0,0.0,-0.20864076009323096,0.007785873889315693,0.09077136400629429,-0.40253513668729124,-0.09580327880802236,0.09379443900890413,-0.5495195397912066,-0.10814864991865851,0.0551029436401235,-0.6713429325580227,-0.13733911657593578,0.008519997380699716,-0.3776998567900296,-0.6095118390987431,0.11250150497999192,-0.4889024378497105,-0.868375953116893,0.05802452726487953,-0.620430056859643,-0.8645072272743011,0.00591095581622516,-0.7243491053477118,-0.7769232271160178,-0.03207434905361674,-0.32081824152943356,-0.660742374869605,-0.0022020758777996177,-0.46324845823441707,-1.0,-0.08856746073474454,-0.6107591534236712,-0.9438771034045755,-0.16930567415847295,-0.7070514444265392,-0.7961629308241954,-0.21720629825820392,-0.2555186603814993,-0.6791904015736696,-0.11903823259769512,-0.39870426347094,-0.9899020960306029,-0.19732535179676064,-0.5454764419468537,-0.9409696364143306,-0.2573726858029717,-0.6427171833480726,-0.8091872020635148,-0.2914052687396638,-0.1932616597934038,-0.6374307282621401,-0.23526857441940613,-0.3292764030528898,-0.8367632828484127,-0.2993686386439102,-0.4566801164111441,-0.8395710938185412,-0.34003157506529585,-0.5473783411646269,-0.7870345122751589,-0.36843666481168585
C,0.0,0.0,0.0,-0.21061747567786557,0.002797759159940224,0.07360434927169099,-0.40044621593762736,-0.12069844662936215,0.06210212051972306,-0.5488100721042104,-0.1353705754654116,0.012253318321734458,-0.6837960118714801,-0.14335288992885364,-0.04694480219937735,-0.37141531756551716,-0.6388178220747392,0.07171781230773486,-0.48295667342133614,-0.8908083037860022,0.002153448397482219,-0.606849822394948,-0.9328004298844386,-0.06173900925827718,-0.7122091814595961,-0.8908271931017289,-0.10817396395308282,-0.30784511809915904,-0.6798830874431374,-0.04082751335450288,-0.43943376359769865,-1.0,-0.1380467144456097,-0.5790892706385707,-0.9951019415701559,-0.22703020063524568,-0.680046616476738,-0.8917228570298729,-0.2830719108128893,-0.23260763578916377,-0.6817072709364119,-0.15611763585305313,-0.360231558395838,-0.989449487749048,-0.2455262386681605,-0.499557652893894,-0.9980228826133909,-0.3168582345523231,-0.599750436287007,-0.9117555917324301,-0.35994187414139645,-0.15948554279733002,-0.6234496246296986,-0.2710875764234131,-0.27784781450884594,-0.8451214703400554,-0.3462403778774944,-0.3973457996395833,-0.8997320874304553,-0.39649195092138134,-0.4875857865230137,-0.8937012586759082,-0.43309944479987855
C,0.0,0.0,0.0,-0.189445999371495,-0.02197782695320263,0.04590574587267637,-0.36325046816270457,-0.15320000661584196,0.023289058632141427,-0.5020604934735506,-0.17194373698982868,-0.03152073886533759,-0.6269287345180766,-0.17286743454188838,-0.09476786957205915,-0.3328474189946598,-0.6451295457988222,0.042974596441021834,-0.4327128181150154,-0.8837562440290058,-0.031665667153023803,-0.5418061616066414,-0.9346580594212871,-0.09843850014318221,-0.6370583236349115,-0.9054175607023188,-0.1451548635093751,-0.26877582508343967,-0.6807314915914486,-0.0521909098717253,-0.3779050831456438,-0.9887004569919079,-0.1503355009352455,-0.5012905354867724,-0.9967149719391164,-0.23839009948359327,-0.5955961070495734,-0.9094645132276147,-0.293294446748087,-0.194186302634339,-0.6792911282872136,-0.15145054596366345,-0.29893482319293657,-0.9808436721178229,-0.24137292533546825,-0.41984868099276484,-1.0,-0.3115672971967172,-0.5094920792357337,-0.9221518078444458,-0.3531119492730021,-0.11964634649317059,-0.6242366119118234,-0.25246729848313093,-0.215668466508219,-0.847000621416583,-0.3259098124610661,-0.3214379269941841,-0.8970365491138316,-0.3732614935543812,-0.40281740354981926,-0.8806854432312192,-0.4069617785869052
C,0.0,0.0,0.0,-0.1718100655951011,-0.028724560441251854,0.024885438207464392,-0.3346187039497882,-0.1612506831587642,-0.010376018298622818,-0.4642937490644354,-0.18233325009182264,-0.07344028172031092,-0.5760624675372288,-0.1951716589314626,-0.14416420415998604,-0.30564488305255266,-0.6321642206673838,0.008095006836308611,-0.39698620698652204,-0.8901227012181329,-0.07896543699374485,-0.4998271316345293,-0.939915751615926,-0.15033474111001263,-0.5867733450541781,-0.9024883711540785,-0.19806721606060013,-0.24077693772546688,-0.6581964175486993,-0.07753139657508422,-0.33334115387584284,-1.0,-0.19320234446454065,-0.4467710587056844,-0.9943436852049791,-0.28395155879651157,-0.5271997866899764,-0.8792344434842652,-0.3357844559068589,-0.165949299474475,-0.6478908332018021,-0.16788590769690118,-0.2503882641535878,-0.9780308413664485,-0.27258728784389885,-0.36216791419788896,-0.9896118100985961,-0.34296237326613777,-0.44178296200108397,-0.8940491979500829,-0.38016789954679586,-0.08889801457395051,-0.5896037970504248,-0.2610667779211515,-0.16503434756488158,-0.8334294056901614,-0.34446020481876793,-0.26023018486370264,-0.8820532420127725,-0.3929216402712672,-0.3320910358586999,-0.8556408120734463,-0.42455845902101613
C,0.0,0.0,0.0,-0.15856852185521783,-0.0322240834802445,0.008822571991255525,-0.3146645878553855,-0.1631701704796673,-0.03089848614987034,-0.437756388989408,-0.19070009990586398,-0.09520650999766557,-0.5416225306015278,-0.20542811408292208,-0.16634739905951,-0.29058307269797884,-0.6273788267719285,-0.0018838735682277653,-0.37071326180834424,-0.8908004238734668,-0.08920808818210488,-0.4694963084584665,-0.9390873696535782,-0.1595508108688054,-0.5521495439639109,-0.9026221474095448,-0.2055557992632937,-0.22710239755258854,-0.654519501712448,-0.07730580783441825,-0.31100576293147514,-1.0,-0.1923644727396143,-0.42283656976905837,-0.9873405535650338,-0.2807028332465482,-0.502153965409868,-0.8739508473183774,-0.32964912846158206,-0.1537456964070055,-0.6473260286446982,-0.15875323898476978,-0.23194236524990158,-0.9770535839530152,-0.26153176238069953,-0.341130966155974,-0.9812224953135809,-0.3298058911938308,-0.41846236952292076,-0.8851683588366099,-0.3647647905610937,-0.07547000597679149,-0.5967602612562384,-0.2446662456244646,-0.14657772766108854,-0.8355533591177846,-0.3247579692002625,-0.23857056220096445,-0.8805587139801104,-0.3714621836640143,-0.30888744085662745,-0.8542269127875534,-0.4012616841555996
C,0.0,0.0,0.0,-0.14900144484471745,-0.028216415010304266,-0.007197527974696309,-0.2968025279348428,-0.15815852942178882,-0.05504663483369379,-0.4159090983432454,-0.18158911393444205,-0.1242900601729548,-0.5064889281506041,-0.18971635228042882,-0.19958470593275815,-0.2736238125772714,-0.6164393636352221,-0.02261939285000736,-0.3458810318679374,-0.8902131159147857,-0.11673120250878322,-0.44197602589725615,-0.9430633261521959,-0.18937934921291125,-0.521761885412091,-0.9033799532200791,-0.23559984519994023,-0.2088650556396585,-0.6358562912894741,-0.0908123021608619,-0.28494093631382367,-1.0,-0.2146712541678117,-0.3903668014717094,-0.9844287988479229,-0.30319822374081484,-0.46232371928966354,-0.8570996554552358,-0.34860491961952006,-0.1343050326453869,-0.6218283294870617,-0.1661976925680764,-0.20230738314278893,-0.9696725057330041,-0.2769130605856319,-0.306800055670786,-0.9764889587505433,-0.34612081127589794,-0.380883774783181,-0.8730493989591589,-0.378401320285839,-0.05537977004251176,-0.5658788729894653,-0.2468994531092015,-0.11485106851294742,-0.8184503494354786,-0.33253135187869354,-0.20371244793921545,-0.8664978464501379,-0.3810160850941784,-0.27262097870634644,-0.8341491734376066,-0.41001169062635195
C,0.0,0.0,0.0,-0.1666963943855642,-0.06962164444386808,0.054890930637981936,-0.306540473740078,-0.21898918811013132,0.03253476810842872,-0.4301700134975891,-0.254275423524327,-0.021799420698479222,-0.5297573048871307,-0.2709654294620757,-0.08190800962907432,-0.23779461002087035,-0.6421957934888004,0.029955438946471895,-0.3068389556280312,-0.9299162826334351,-0.0438828800158656,-0.42019680671150555,-0.9453506024805886,-0.09896556391015283,-0.5121443223706434,-0.8939008500143395,-0.13550812319675562,-0.18855636598726605,-0.6498420533342915,-0.06368592555157362,-0.2701696903548044,-1.0,-0.1661185941284677,-0.40473973931306223,-0.952873026357609,-0.23633645826946167,-0.49522864796846294,-0.8366143309998314,-0.2736722055360883,-0.13286270704789294,-0.6235646986066381,-0.15872436439563237,-0.21042186503133742,-0.9552060322254142,-0.24871136533933685,-0.3437042325114381,-0.9206915128035762,-0.29555476524362706,-0.4333820952960828,-0.813939274242565,-0.31713605276778567,-0.08509433749670213,-0.5533262128537271,-0.25422658355744676,-0.15214327640847203,-0.7837185145721451,-0.3213575837290101,-0.26038399142140944,-0.790052857230628,-0.3523878213898985,-0.3407236655106517,-0.7348494399106426,-0.3715262982776423
C,0.0,0.0,0.0,-0.209562776773458,-0.08112882741551819,0.0679904987554371,-0.3679663221292848,-0.23382268750665275,0.05163466523787397,-0.5105232281132236,-0.26883343037209106,0.0030728470368054568,-0.6138085377730833,-0.2933270307932636,-0.05291312682057147,-0.21715879811800134,-0.7156859555816981,0.030258345007317847,-0.3529767662437016,-0.9339924002166056,-0.0400850553225918,-0.48771015751260344,-0.9646091794460182,-0.09629288163671455,-0.607382292650747,-0.9240075878333536,-0.13573566506236195,-0.1803061998803668,-0.7009050828171026,-0.07084493767443951,-0.35888539755904925,-1.0,-0.17032254108489264,-0.5084178079508933,-0.9737092462113391,-0.24383312063310586,-0.6152421000824774,-0.8749147176481965,-0.28651540246242696,-0.14513501665149675,-0.644223383441625,-0.17181795592060284,-0.2945479266347158,-0.9380943623911855,-0.25914303166505165,-0.44241175724686993,-0.913269258984605,-0.31340097506744513,-0.556011279953386,-0.8210549982926932,-0.3423389395284662,-0.13682664009331655,-0.5311477815081085,-0.27106513377461006,-0.24550031169689918,-0.7309928514412967,-0.3419063314519647,-0.36583523150880554,-0.7578245658760386,-0.3829930338669573,-0.46840575168744536,-0.7419162952748874,-0.41104066495945885
C,0.0,0.0,0.0,-0.2148713553547877,-0.08881356514716054,0.07029712123391547,-0.3853694371769922,-0.25099646436657175,0.06441239797348579,-0.5400280530817577,-0.29732400235422496,0.02674259735227972,-0.6336871114777057,-0.3119263187740846,-0.016224038195013137,-0.20274473414012795,-0.7696547709571128,0.06670220257926052,-0.3834454597397465,-0.9300842451658913,0.01572361205061243,-0.5263980358546738,-0.949345821895151,-0.027421169493531437,-0.6537081190687923,-0.8941769449205879,-0.05680356403671299,-0.17627968020346002,-0.7493965150597363,-0.02753979868108755,-0.42038466660652224,-1.0,-0.10408340453582586,-0.5650408337736765,-0.9430415039544965,-0.1613642438621223,-0.6671226903463889,-0.8205029148569637,-0.1916602565010452,-0.16130113887779082,-0.6871563712286218,-0.12444798048535609,-0.3600868657447384,-0.9303901225657615,-0.1904960589781366,-0.5032858192316119,-0.8928412015139213,-0.23501104782993643,-0.616485374162811,-0.7956262109437091,-0.25777391659048854,-0.1785836415735502,-0.5617099062176455,-0.22074721836947495,-0.3223245393580871,-0.7326471497983014,-0.27538034001588585,-0.44003256391419965,-0.7638685543426428,-0.3107841722902476,-0.5427270344928321,-0.7577517581506447,-0.33505006116052033
C,0.0,0.0,0.0,-0.2340315242882845,-0.07324991238756318,0.1274834199224297,-0.4027405440055192,-0.22980059855613044,0.1478207778758696,-0.5550868709611237,-0.2566462737499233,0.12415873938741738,-0.6765431852779143,-0.2592036125484878,0.09440778571683246,-0.2549665640638638,-0.7705249450794293,0.14335913333983985,-0.4330919619779147,-0.9134148365084994,0.11279401573992562,-0.5749198152921243,-0.9237699675670538,0.0779118063415836,-0.6955818321952797,-0.8681522332116981,0.052139081901454824,-0.21747394120227406,-0.7764895437397502,0.02475288895214675,-0.4505486556978075,-1.0,-0.030182275250215822,-0.6017117347947409,-0.9457525168923109,-0.08061159305417338,-0.7052474790604459,-0.8309739462353841,-0.10910732409473309,-0.19432371033818452,-0.7287343575349134,-0.09397971503683686,-0.4041128707624975,-0.9610501620505782,-0.1416857635587162,-0.5566459935561663,-0.9167186322310614,-0.17382497336458447,-0.6662447156235728,-0.8146108383718916,-0.1911726250140073,-0.2097333292238249,-0.6022114136615627,-0.20873287367662693,-0.37370292342750855,-0.7837530999028766,-0.24906682987030473,-0.5032477050834101,-0.813147189205193,-0.2726906919593526,-0.6032353661805513,-0.7961646455875866,-0.2898043039900008
C,0.0,0.0,0.0,-0.227717415677872,-0.029707263307904044,0.12685200812644143,-0.4159751303341228,-0.1738355666401628,0.15380380151658482,-0.5727019328124365,-0.19961135870915797,0.1352684584269446,-0.7092827019802977,-0.21129813894321858,0.11079757724111909,-0.3108813757669545,-0.7214099353091112,0.17555290100949394,-0.46052652822397894,-0.911737906138327,0.15235639498228273,-0.5981962949811668,-0.9172348114118928,0.11845645138433811,-0.7136524103304929,-0.8474931687033489,0.09254254946482157,-0.26234986052494536,-0.7554458585115661,0.058952164247752806,-0.4571111700867558,-1.0,0.016949412800900267,-0.6124030705089006,-0.9655196138279479,-0.04071450831061593,-0.7251434453583324,-0.8541721428718407,-0.07650516065921546,-0.221929900001108,-0.7397003462737974,-0.05970216264463112,-0.41859590011401765,-0.985507890220179,-0.09885118410326531,-0.5744088732198925,-0.9729546076891461,-0.14060718480182774,-0.6868943044476371,-0.8833512634535258,-0.16625712747644592,-0.20903646400794376,-0.6524795535954068,-0.1748857581938811,-0.37844460120475637,-0.8440918451280812,-0.20864486812829328,-0.5124824765831223,-0.8894583028415767,-0.23441646565715513,-0.6122496400345905,-0.8786577049481328,-0.2545033269328968
C,0.0,0.0,0.0,-0.20626760915830525,0.0006532681690209509,0.10734741277603937,-0.40301459714135535,-0.13089044092230304,0.13829485129422636,-0.5608837272382383,-0.1609747989201056,0.12666827527050623,-0.6977476614259823,-0.16261377801484997,0.10906971001253765,-0.3411395836893522,-0.6632082593094992,0.19684996223856865,-0.469894818949652,-0.8599735549825831,0.18523241040200394,-0.6066174779315837,-0.8843464841844637,0.15147257617735924,-0.7206539527625293,-0.8407064486374645,0.1223580978803997,-0.29942584905802266,-0.7238488261944147,0.09182861796142029,-0.4590651720054155,-0.9773229437624585,0.06851855259570604,-0.6194182355483996,-0.9673131494076062,0.0042408047436829945,-0.7452117740748069,-0.88147508118527,-0.04200091384663525,-0.2537302696390818,-0.748348249605905,-0.018597901622232755,-0.4276141164218683,-1.0,-0.04845210232949046,-0.5855193432673729,-0.9916794919901263,-0.1021966375747759,-0.7042817952842398,-0.9069378106440288,-0.13967223272380852,-0.21604899822446524,-0.715164964993674,-0.12804294685078454,-0.38438784504225937,-0.9143995687060897,-0.16201754635709928,-0.5172481519216722,-0.9459267593858678,-0.19516250410549196,-0.6162911991096135,-0.9170550135712884,-0.22180077656489156
C,0.0,0.0,0.0,-0.19177742618176205,-0.0027774505542714854,0.10320099042605024,-0.3800451094528778,-0.12233049935209746,0.1305882396430834,-0.5337892346625829,-0.1368141677397341,0.11663218530863569,-0.6704926090365141,-0.1365779575024677,0.09693092118781303,-0.3339276502057446,-0.659865991818961,0.18583696110185932,-0.4573495302198807,-0.8653849942521499,0.1731908656794228,-0.5939785684400375,-0.8854897757322924,0.14095099905798067,-0.7082441028682381,-0.8372711522916252,0.11304617675388487,-0.2934581138114949,-0.7146303096527323,0.08330809744980126,-0.435889941871565,-0.9720730647211988,0.05984206765034639,-0.5913694913051073,-0.9651704146170064,9.794336194908733e-05,-0.7158074003062812,-0.886637263942091,-0.04299938295571668,-0.24892364905211248,-0.7359610791334761,-0.024529603344133236,-0.4038405997262155,-0.9978725338067016,-0.054267292307245446,-0.5568436990969985,-1.0,-0.10371595313940415,-0.6770238322521417,-0.9282300175888276,-0.13853903918654872,-0.2095452902156561,-0.7044371168946173,-0.13172919502843614,-0.3612825423777008,-0.9213116269056256,-0.16665170060364765,-0.4919843894077074,-0.9726619654804025,-0.19867686064979295,-0.5965819586560999,-0.9668263235288144,-0.22455288734175285
C,0.0,0.0,0.0,-0.19168167963603636,0.008493672398339197,0.13285439856148062,-0.38045780360033815,-0.12109404844552875,0.17868403688574544,-0.5391697187803913,-0.14248041239717557,0.17980309923996815,-0.6831111910790558,-0.13341786561644553,0.17667124906584805,-0.2755755880318354,-0.7557599695882551,0.23413914363846552,-0.4363079131203034,-0.9014430567613438,0.24596753799647397,-0.5843190371767432,-0.9125203195303737,0.22772162980275729,-0.7057380531721036,-0.8667560577616102,0.20874345760080656,-0.2401786607195914,-0.8106698058456061,0.12838390776834238,-0.43805025267546954,-0.990293004988081,0.13735022729913024,-0.6015089820036925,-0.9851673381006283,0.09848680259873915,-0.7351356591996253,-0.9282244617847892,0.06725174266867705,-0.21899769199536287,-0.8135574515504338,0.017651601767447515,-0.42965762147771513,-1.0,0.016680364579026587,-0.5888793495596943,-0.9966770799838417,-0.012520330485566276,-0.7166493122883285,-0.9332683432742277,-0.03627633899476755,-0.2251214513160513,-0.7378324032918726,-0.09049181787001334,-0.4181243274703901,-0.9114299338283662,-0.10290207910085666,-0.5513126763432941,-0.9417538888956756,-0.11662409011890267,-0.6557990091750794,-0.9200634696098919,-0.1301354778556067
C,0.0,0.0,0.0,-0.17647526415980286,0.02002133186543852,0.05774318477503563,-0.3552142922890866,-0.08853463370019565,0.0688245007909366,-0.5105983402945936,-0.11468515549852476,0.057798689041358084,-0.6493836634122053,-0.09867997817195047,0.045549539845181376,-0.2576634367107572,-0.7291677362471694,0.10164261023436286,-0.43488905273090106,-0.9034362469769478,0.0968803062106238,-0.5806272313727682,-0.9266763452943065,0.07913011778724673,-0.6994297528385527,-0.8747137195002475,0.06583545364970125,-0.22817055811697934,-0.7951069059003073,0.049596152112857096,-0.44341395109670356,-0.9858599179149494,0.0457421307888901,-0.6054924844818426,-0.9635749233420895,0.016415696958633465,-0.7354005425823669,-0.8801308346312597,-0.005916910164347384,-0.22231599088925,-0.7993699373400502,-0.004591525086253577,-0.4436297911763684,-1.0,-0.01023739081395261,-0.5990372813486324,-0.98686757666829,-0.0388099230740195,-0.7193237729797789,-0.9026567822745221,-0.06023735458112197,-0.24681340956746214,-0.7268132921034732,-0.05924314469504888,-0.4328877600194504,-0.9107572407182437,-0.06706015164780314,-0.5639085615754837,-0.9364129454631914,-0.0824621045575026,-0.6703275939010672,-0.8974646714395526,-0.09719894927426097
C,0.0,0.0,0.0,-0.1922500025172887,-0.004372784497270659,0.19799030335735718,-0.34049050086100513,-0.12852416952798482,0.27618269423566366,-0.46547037409866054,-0.16159921826407955,0.30154119078707053,-0.593806024107404,-0.14938404024188512,0.32452435987155065,-0.22514385265630307,-0.7374002310732454,0.3007539029748771,-0.394100759352836,-0.8976669953152565,0.3468032885762999,-0.5318436788663868,-0.9019275410689876,0.35656036883180514,-0.6394672622679487,-0.8465931014835005,0.3572927381805959,-0.19988607074698994,-0.7923866843649767,0.18246238496296058,-0.4128852756532734,-0.983601272925918,0.21998265375581397,-0.5674465242432453,-0.9512927270495095,0.21209471809050748,-0.6769100840183206,-0.8669412928554543,0.20486300956464007,-0.2029056624584682,-0.7947129362495946,0.06649028289572616,-0.4155088447363124,-1.0,0.09543488813358962,-0.5711099875946166,-0.9583752227107661,0.09714475070440741,-0.6761559135637889,-0.8558987556649388,0.09472093656215945,-0.24298408546994177,-0.7288799709638832,-0.04123928644282922,-0.4202898918896099,-0.9006739774888802,-0.02019635081632133,-0.5453211039599584,-0.9046832562611898,-0.00888228853268691,-0.6362958711199921,-0.8477515161699078,-0.005109603503538555
C,0.0,0.0,0.0,-0.21276973503530192,-0.005802003112519882,0.21389322174336586,-0.3473502368003982,-0.13387518738056278,0.2989315900591722,-0.4623812958438705,-0.18363831546304454,0.32665166566937487,-0.5813791504437057,-0.1919236474270217,0.35118631641203124,-0.24910699215576332,-0.7314385963908501,0.31804999490703634,-0.40197041926043325,-0.9065638803224663,0.36011666305176854,-0.5345567618278616,-0.9029437522170982,0.37174505288773185,-0.6318613380259529,-0.8418041386787811,0.374508424493426,-0.21827591644829442,-0.784790562885489,0.18354122476362586,-0.41479382952946026,-1.0,0.2064490461320189,-0.5656101284558125,-0.96005629284006,0.1953895029186282,-0.666039941561581,-0.8682669944157732,0.19086952793607892,-0.21233999344883223,-0.7755747648445457,0.050959178941568734,-0.4086983737941846,-0.9992138241082974,0.06261753424622664,-0.5646024215361773,-0.9608648185126274,0.06267640915646992,-0.6659539843043747,-0.8616573596219204,0.06399114060329103,-0.24625042196386274,-0.6865650639668608,-0.07214076002564968,-0.41390734782123606,-0.870156623688336,-0.07030979892785705,-0.5455194634407649,-0.8847961771504422,-0.06476594137177162,-0.6381793975786426,-0.840021877753493,-0.06080058737627447
C,0.0,0.0,0.0,-0.23455310916225502,-0.023327734521593074,0.2118012340297561,-0.37591091513245867,-0.15356058922331972,0.2918335152479895,-0.5020615711407367,-0.19675621121972725,0.3124398219268497,-0.6261775038894132,-0.22373780801055151,0.3295489586775228,-0.2678223476388438,-0.7322345817104674,0.3182121846861287,-0.43257971019773156,-0.9011384958992651,0.3528681537967192,-0.570999324134765,-0.8919807041386271,0.35892716721565,-0.6734018565343962,-0.8447905546467102,0.3579926605608368,-0.24008104006733147,-0.7747164462969508,0.17914345092237915,-0.45482437523454894,-1.0,0.18886293041506122,-0.606585313867443,-0.9338782458837803,0.17432377805208332,-0.7016469433038333,-0.8347728109071169,0.17010578008878774,-0.23528672352921887,-0.7592003293704433,0.04063112184705752,-0.4447197800796464,-0.9925760485019839,0.042608468861955705,-0.5997068821662664,-0.9239288173633604,0.04607027712481809,-0.6938956025037983,-0.8159363010679035,0.05170870220397266,-0.2712671653374043,-0.6626448738081271,-0.08930004715386428,-0.44853126833125045,-0.8461920185963135,-0.09190576609412217,-0.5782334504104378,-0.8406398130166908,-0.08431161292047035,-0.6639596912880789,-0.7955458477098917,-0.07832618068552429
C,0.0,0.0,0.0,-0.23837842016407157,-0.013736894135915785,0.21144447537509706,-0.40810867033410175,-0.15417183277459118,0.289270347381513,-0.5524642710972814,-0.18915553696425455,0.3095767486782563,-0.6801918068036137,-0.20624074614648474,0.3265055169527361,-0.29140883148657515,-0.7545736982912722,0.3103780675028514,-0.46627943741084704,-0.9064305629954197,0.34827360861253137,-0.6085773723720561,-0.921114096252114,0.35415069900537627,-0.7203087664838967,-0.8808761969821904,0.3515374023087763,-0.25849116294606583,-0.7929438990773231,0.17371636647529748,-0.4810748350857975,-1.0,0.19660720495342227,-0.6360032456198427,-0.9612269180304188,0.1849743164194734,-0.7451708803047903,-0.872982020439731,0.17736410340027955,-0.24775264900961197,-0.7705935858005261,0.03790940376400115,-0.46446327461525033,-0.9851259351658471,0.05444582075749938,-0.6263073889387109,-0.9486144047138979,0.05480286174567551,-0.7415696830216615,-0.859777975226757,0.05250889470331242,-0.2807611633071918,-0.6657750741812973,-0.08917118801334813,-0.46837142899059264,-0.8261580859118732,-0.08058310176668101,-0.6042640797757408,-0.8507840571903195,-0.07541641390894058,-0.7046479360144932,-0.8395763615954547,-0.0754678202877798
C,0.0,0.0,0.0,-0.23469340692763727,-0.035284237698489866,0.1729570455209173,-0.40474356316951265,-0.17907270607224238,0.22184457897206422,-0.5464462541482271,-0.21251299047733016,0.21937104606795976,-0.6645207448752166,-0.2246211125618183,0.21223126960032965,-0.2945616110115086,-0.7413595073198981,0.2174282396048812,-0.4643793810585129,-0.9233216374518934,0.21689826997713363,-0.6057406156934226,-0.9260938890087919,0.20430480798910444,-0.7202960582315286,-0.8738283640083111,0.19198736025551982,-0.255126831221023,-0.7643009217807656,0.08651076666496256,-0.47770339045225735,-1.0,0.06594084887091123,-0.6355387584558302,-0.9496158237725557,0.0358924485471376,-0.7429615474748079,-0.8527293001774326,0.01899245745972691,-0.23377463560776202,-0.7289643304107876,-0.04285883113507918,-0.4492685800330932,-0.9628801784725977,-0.06360267964545696,-0.6123483969448249,-0.9278114099662871,-0.08093763803497254,-0.7242887379773533,-0.8425790985623753,-0.0907567727943914,-0.25322714085559433,-0.6161377165109234,-0.16494063982354493,-0.43085789504050465,-0.781492157989847,-0.18200325116413368,-0.5649501607293329,-0.8065838125296938,-0.19101407038868679,-0.6617384766719875,-0.7974347413265637,-0.19953471946024606
C,0.0,0.0,0.0,-0.23417450604354725,-0.04682002500265204,0.15944717631378288,-0.41062100899284365,-0.19102695586247373,0.19637676014660552,-0.5581268270947425,-0.21628480567335995,0.18520580305224024,-0.6715501945329588,-0.22134306992826303,0.170315739100493,-0.276697344119055,-0.7524948194497894,0.17948068850988103,-0.4515837049580801,-0.9277448503976109,0.16585738220578766,-0.5961890170741655,-0.914558864704625,0.14872341302680725,-0.712083428597133,-0.8497163160634158,0.13461567812575792,-0.2375977158648185,-0.7659267938357961,0.051346590669428,-0.4759903347164073,-1.0,0.011770128265319754,-0.6295103904100892,-0.9167197221833099,-0.020573473498378445,-0.7275600843764239,-0.798817554135665,-0.03547634382691768,-0.2177365639966415,-0.7229276515199143,-0.07424590072495245,-0.44385374493434193,-0.9517776269299,-0.10689133644814239,-0.5979238660567658,-0.8840670697292052,-0.12078834723392307,-0.6970691748894601,-0.7800303226666804,-0.12552973944491866,-0.239573417707396,-0.5964450117867368,-0.1934982505013932,-0.4154062771568241,-0.7537146683464973,-0.21602273027249796,-0.5463497420837775,-0.7596038749683216,-0.22418263921594905,-0.6397576170159712,-0.7394080084638529,-0.23054257150087587
C,0.0,0.0,0.0,-0.23325449998032777,-0.05176073788595947,0.10277484412220322,-0.4239585713403944,-0.17891363019288545,0.1055879973444263,-0.5859966661865917,-0.19999126480246002,0.0692988464236751,-0.6844297089121756,-0.2203024038758288,0.026501956415694312,-0.28640050664145733,-0.7104725994540141,0.088413543176961,-0.4525375568374398,-0.9222556590183154,0.03845236709180221,-0.6084639913138928,-0.920340412813885,-0.004135145792162961,-0.7412474764483553,-0.8441846505253211,-0.03575629439799655,-0.2528112356297879,-0.7057541489481126,-0.028124879983621166,-0.4874567797225023,-1.0,-0.10926048036692308,-0.6455486046965764,-0.9314593807900011,-0.17327709294394714,-0.7486416226387443,-0.7941927901412106,-0.20971374056282974,-0.22384250511027104,-0.659013261979042,-0.14335775545453674,-0.4255546399239677,-0.9446991608795983,-0.21289286066132812,-0.5796670770765676,-0.8984696619731223,-0.2602284268844128,-0.6890155973810289,-0.783705319193864,-0.28657177032097664,-0.22430597592189722,-0.5458188182865946,-0.25537542906929506,-0.3792537614590812,-0.7323571569603101,-0.31236582504446253,-0.5096912865682621,-0.7497719644195913,-0.3475338611879667,-0.6151980345083617,-0.7254283766140714,-0.37320685942901555
C,0.0,0.0,0.0,-0.22305367428377468,-0.04738260071950927,0.09063374603436587,-0.4110304296360277,-0.182971327035413,0.08083209408397032,-0.5686479991946406,-0.19324826662485184,0.030878466219695828,-0.6899481456338257,-0.19042408234126057,-0.027220692204075147,-0.31882052274260797,-0.666516098393061,0.06394109495744095,-0.4639043126770378,-0.9006331726481691,-0.009762300587129069,-0.6075422355234593,-0.9110455862600899,-0.06921208700737398,-0.7305495604766141,-0.8461722413727935,-0.1111755864884935,-0.2665932287688443,-0.6826824155841531,-0.055627658623545385,-0.4508538044436228,-1.0,-0.16249354149315462,-0.6097259121013107,-0.9448237134926513,-0.24230909566985243,-0.7231785760931762,-0.8173512658026518,-0.287966133451761,-0.21150544946126623,-0.6554042346484917,-0.17477258223977368,-0.3851603177876269,-0.9532996344821056,-0.2665111368367403,-0.5411655780717706,-0.9091360387470674,-0.32168349384896183,-0.6548507371919977,-0.7963095678715497,-0.35113407745383574,-0.1780510377796631,-0.5589323224925424,-0.29204363956212587,-0.3217038365719234,-0.7450292822234506,-0.3620609274694976,-0.4545845793887128,-0.7627179980981244,-0.4012298542195918,-0.559682856061845,-0.7369040218943984,-0.4289363033444184
C,0.0,0.0,0.0,-0.22238573723167435,-0.03792911559768021,0.061453079677558455,-0.4129954125849371,-0.15941068529011318,0.027603315711146072,-0.5701838616055361,-0.15629470140000068,-0.04383544131898544,-0.6951268426280299,-0.1536420062605155,-0.12369683741169947,-0.3392387015761809,-0.6593928429636695,0.01754273674345618,-0.47933787228523905,-0.8978185257996981,-0.08314864671536139,-0.6173563218625187,-0.9105669190217348,-0.16262474095465532,-0.7364474276361119,-0.8547581610291373,-0.21739766268556898,-0.2773021749897891,-0.6768348895580384,-0.0989476954236891,-0.44564992866128106,-1.0,-0.23865924159075974,-0.5987923497813754,-0.9271843442659555,-0.3369192273291333,-0.7099349540147172,-0.7870586649576097,-0.392171330225728,-0.20967343648712936,-0.6523994666469823,-0.21673586530873762,-0.3654330720061239,-0.9532867502476006,-0.33427007516589907,-0.515976426922215,-0.9018231595028536,-0.4024758090167075,-0.6272344455186092,-0.782017545022307,-0.4382894109460441,-0.15565543633256385,-0.5636325671600461,-0.3348101114092717,-0.28527106776026195,-0.752236968933349,-0.4227778785838363,-0.4137076782565661,-0.7621334446966387,-0.4714911766634514,-0.5154478862348797,-0.7284563084246979,-0.5050826187903873
C,0.0,0.0,0.0,-0.20513620450267042,-0.010075001916573678,0.030395219343854155,-0.39835621864272514,-0.11817870132967623,-0.022705883378106372,-0.5541547058272358,-0.09474219954513317,-0.10669927559106752,-0.6695873829825294,-0.08890197364498241,-0.2008610727409095,-0.3308630118316482,-0.630463299743605,-0.0471447531959041,-0.4635267511094832,-0.8904539724183752,-0.17339477515664414,-0.6031242280467133,-0.8913117456153054,-0.26479959438115586,-0.7237523105360444,-0.8049562595296302,-0.3253479367578776,-0.2658251488538889,-0.6383274274470386,-0.15551269022261688,-0.43058383093264735,-1.0,-0.326495591723507,-0.5743449577076075,-0.9125512151077114,-0.43656763892232814,-0.6774493811596548,-0.746494160838863,-0.49475987339169275,-0.1922934572433708,-0.6100362445377651,-0.26583992122085365,-0.3379954342955953,-0.9510464492278338,-0.4106677011044963,-0.4799950169084389,-0.900290680341065,-0.49032907447860297,-0.5886332274248917,-0.7707194391679515,-0.5294452784701871,-0.12677240474628823,-0.5291187168326278,-0.37736148373948697,-0.24262566334744498,-0.737703902144007,-0.48739703618120184,-0.3631615373476324,-0.7536521376185081,-0.5474144344111396,-0.46394775846060804,-0.7232887126587562,-0.5862120080288641
C,0.0,0.0,0.0,-0.19229774279505665,-0.006401585162723483,0.02399624054797522,-0.38007466845197974,-0.11862176098729206,-0.024795602318106034,-0.5265463977626053,-0.10422113647641706,-0.10336606225197187,-0.6399554020430415,-0.08123414123543576,-0.19097911673256934,-0.34243228417860017,-0.6335148067440026,-0.029011642550632596,-0.46289318784949757,-0.883560627309144,-0.14538646940229014,-0.5894032778539456,-0.8822872405689727,-0.2319158825002376,-0.6950069858654726,-0.7968077504205576,-0.2885173564731759,-0.2743770310060845,-0.6591065458354936,-0.12905409399663373,-0.41770920711135173,-1.0,-0.28224258149519266,-0.5514701699948416,-0.9182657008715823,-0.3856123598849283,-0.6439634211322921,-0.7585525365196987,-0.4413911340556851,-0.1961821934636882,-0.6411259240662248,-0.23302560101486236,-0.32606415402160727,-0.969302291725645,-0.3636317280907083,-0.46036537460300647,-0.9196696299114906,-0.438857409356973,-0.5586092428742756,-0.7912948989779126,-0.47677725050072406,-0.11925987092657356,-0.5695283761692962,-0.3398993995190089,-0.2247803282561314,-0.779802382059173,-0.43885918006846775,-0.3406234342824129,-0.7959015820026845,-0.49332762773310085,-0.43464592635017024,-0.7629332222743084,-0.5286915694218823
C,0.0,0.0,0.0,-0.1767851111180316,-0.02889415089281417,0.006796529956396177,-0.3486588895187517,-0.15381082353023162,-0.04943871123575732,-0.4808537077491344,-0.15636601450097554,-0.1312920798770983,-0.5917265211748957,-0.13560282841543098,-0.22097295649510823,-0.31752793930261775,-0.6547022983652048,-0.05165219468646944,-0.4169406134244111,-0.9238521295109203,-0.16613399689970518,-0.5272328303166341,-0.9210007602635029,-0.2503873385420006,-0.6171736795947759,-0.8342614674893164,-0.30538228173348275,-0.2468425980148651,-0.6771012160949373,-0.13957000409857953,-0.3649308369279431,-1.0,-0.284115946467078,-0.4868058022195513,-0.9353747711423923,-0.38459932683686093,-0.5680623124249619,-0.7938636216636116,-0.442217707225155,-0.16557367445521165,-0.6563604611582879,-0.2314905928225934,-0.27453047576466805,-0.9568239583834677,-0.35622441348534023,-0.3997675000528112,-0.92305615039236,-0.43205095232204344,-0.48918764178718327,-0.8101874002712209,-0.4729836340486495,-0.08094966079965085,-0.5884992668498762,-0.32721533017670656,-0.1674025753136713,-0.7942767468039424,-0.42223185300453836,-0.27093016747792653,-0.8236885563465016,-0.47577587652980463,-0.3551203670694183,-0.7986612741894352,-0.5118900262509724
C,0.0,0.0,0.0,-0.2117666375776087,-0.11527353562349063,0.06989337375025621,-0.3747358122664921,-0.27212851606412924,0.06849459912682315,-0.5207643983261672,-0.33424615403262214,0.0386513485031886,-0.5856057266052767,-0.35684982925328995,0.0049320191514437475,-0.1640850127719145,-0.7681994100375431,0.06185549154919931,-0.3500082191739314,-0.9274962805397232,0.02462624373239371,-0.4894177188724354,-0.9564280568509277,-0.005928411815330904,-0.611713724278152,-0.9078655221940422,-0.027226011147788158,-0.1495783601649592,-0.7353705332387939,-0.02477794842034051,-0.40370158262656014,-1.0,-0.08921060538099604,-0.5373180797585608,-0.948978814984501,-0.13446506456692664,-0.6264400598749776,-0.8281770326736784,-0.15638009989801163,-0.14971282130531088,-0.6683220537480948,-0.11256803235155247,-0.34993625405656004,-0.9114010926577399,-0.16922788553135013,-0.4846339323861209,-0.8858133270307041,-0.20874017935128886,-0.5899132176437257,-0.7953792145045315,-0.22791990105839233,-0.1827821184106466,-0.5389670278558031,-0.19854769349432821,-0.32620234772938694,-0.7220257385136097,-0.24874665337112395,-0.44170806554734393,-0.7571578778320167,-0.2823259559003569,-0.5432167574184673,-0.7481700028180025,-0.3044442926880159
C,0.0,0.0,0.0,-0.2324129805827222,-0.06761755658980607,0.1276527389626352,-0.39727867797501565,-0.2098457949616841,0.14949118379796547,-0.543231201635178,-0.24394048150390812,0.12621055927027494,-0.6568233370788578,-0.27488085534405127,0.09696674125502316,-0.2555607924831638,-0.7357468182591599,0.15273758948261226,-0.41684602944537386,-0.9117379420936945,0.12405212358892569,-0.5544403210326543,-0.9197405047166666,0.09156948040149639,-0.6707954508320279,-0.8696785954908448,0.06716714490706821,-0.21869921888965366,-0.7414349684737754,0.032443448696310294,-0.4372781739733758,-1.0,-0.026103358868180656,-0.5837078601616719,-0.9411409060535821,-0.07860150010603532,-0.6791590097515098,-0.8247208297014312,-0.10616318063599099,-0.1944553058618976,-0.702075411142923,-0.08850437683880986,-0.38988317098573194,-0.9544384566363443,-0.1399255731092387,-0.5379145989709146,-0.9084496387117513,-0.17413391611882303,-0.6391371819731726,-0.8058841781694968,-0.190951833643462,-0.20388997070541687,-0.5964091112433034,-0.20531185963437584,-0.35873586964304904,-0.7736478440151803,-0.2457592461144089,-0.4855838628509099,-0.7932072052156385,-0.2695266368600169,-0.5790208497897893,-0.7735773657370876,-0.2860369930181025
C,0.0,0.0,0.0,-0.2349701115834219,-0.024670120439249026,0.11422640493347341,-0.41588912504427916,-0.16254737867516825,0.13726337939548192,-0.5736988575982996,-0.19745527807297203,0.11805646022704408,-0.7000690754516472,-0.2253444916755225,0.09338527432109296,-0.2938868225292242,-0.7264479277364506,0.1649186331149293,-0.4674462008501594,-0.8862370483528161,0.14032323371712555,-0.608689116188452,-0.9120031880977684,0.10900674582746916,-0.7306163655685441,-0.8606688363443146,0.08576954664884713,-0.2526675965285158,-0.7451470067304287,0.05380304450684394,-0.4838591480694297,-1.0,0.0034767388431273705,-0.6323080499468651,-0.9582241852639036,-0.049777553206138705,-0.7363018065887353,-0.8403903205809422,-0.0778215050913229,-0.21987181190223168,-0.7198327355650018,-0.06080657610398674,-0.42979897272405243,-0.9759901921714488,-0.10917403204624675,-0.5822531438186327,-0.9453064116188452,-0.14960939281050462,-0.6931500177116543,-0.8513018065887353,-0.16986192225612984,-0.21800699610343607,-0.617962827665604,-0.172663490844511,-0.38451492206872123,-0.798660556145944,-0.21299081051773097,-0.516025726177825,-0.8278850070846617,-0.24040695690455352,-0.6160334750265675,-0.8206907545164719,-0.25896027451879366
C,0.0,0.0,0.0,-0.22647620451152156,0.003024308735788401,0.10672942004179023,-0.4172309657984238,-0.12106537587726963,0.12245364071096126,-0.5767456904965061,-0.13922950134384057,0.09328084693575943,-0.7171964012529618,-0.14497435899261377,0.05553689798568271,-0.35836444795033906,-0.664075452990735,0.15317295465041647,-0.49332161484891923,-0.8749741181205668,0.10869688783939269,-0.6278841312902163,-0.910599568494933,0.06001098501833013,-0.7419454701282472,-0.8664390603806894,0.024523631898366715,-0.3064855925885451,-0.7049582027670384,0.033541649958074744,-0.4784547073339368,-1.0,-0.039359843549474346,-0.6297726630635531,-0.9718070541336787,-0.11457853653147147,-0.7402541449273712,-0.8584889776120704,-0.1578232784904684,-0.2500735964961304,-0.7055651291317417,-0.09072136908707287,-0.42020567625064503,-0.9919265148033671,-0.16012010618187833,-0.5748099335632179,-0.9809508180809712,-0.21757384421347434,-0.6877722788548397,-0.8938236016873383,-0.24873835614322606,-0.20731014625442187,-0.6372264070279581,-0.21363304996934326,-0.35703668528738114,-0.8491385145978546,-0.27221041753688324,-0.49312867989896664,-0.8961550769835368,-0.3124398463817974,-0.5969713484479949,-0.8938824551530066,-0.3399555324322564
C,0.0,0.0,0.0,-0.2199631783045829,0.011405802350990642,0.08096476532953928,-0.41305934998450883,-0.10416556085632377,0.08222338232746783,-0.5717551697631742,-0.11668446437948686,0.04207499974349381,-0.7124631551253462,-0.11901259313930684,-0.006385945218295293,-0.3827631852988009,-0.6419056829701432,0.12542100905986686,-0.5086750393595885,-0.8697144573161978,0.0725560460660628,-0.6367939301139479,-0.9123045780330404,0.01635810717623809,-0.7452117763963436,-0.87850862861866,-0.02537911874639976,-0.3259163716784698,-0.6938768297051657,0.013340566273285791,-0.4768926655730215,-0.9913847288467997,-0.06493116101761151,-0.6231987632928255,-0.976628173369739,-0.14935203354381915,-0.7333176233074724,-0.8790270968077555,-0.20206829162224985,-0.2580147111303957,-0.710035588995606,-0.10478466170773051,-0.4085618935712745,-1.0,-0.1804982228430763,-0.5555562123870215,-0.998136887175983,-0.24971674405506475,-0.6636522250791625,-0.9168012255064695,-0.2910986353899318,-0.19454579181112724,-0.6606733353590015,-0.22341443964068644,-0.33434029745463356,-0.8773661567089391,-0.28893064559850323,-0.46464332568345923,-0.9193477057875972,-0.3370580215091594,-0.5621890209818451,-0.9050580330305057,-0.37162591728933736
C,0.0,0.0,0.0,-0.21411942408027573,0.016327557020746217,0.0871268214681085,-0.40541514966557585,-0.09346942715077108,0.09473746719549682,-0.5599386990973504,-0.10324481962440078,0.059559453247652897,-0.70241627386613,-0.10313670269867072,0.01573648580941628,-0.38471956744610775,-0.6396449556768136,0.14481975742125142,-0.5016019493494384,-0.8617983672569728,0.09925768629641142,-0.6260205752973865,-0.9025564202726714,0.044543332830240444,-0.7307611602682592,-0.8660571347886615,0.002939942730477549,-0.32794968925256285,-0.6940595833264942,0.03134598380846097,-0.466088898096502,-0.9883387086542276,-0.03874228081221435,-0.6059090526251214,-0.9764522476501204,-0.12370047866403369,-0.7096888799206906,-0.8737527657431331,-0.17816545736734418,-0.25947048182948035,-0.7139207766572389,-0.08845882085765261,-0.3962273657120922,-1.0,-0.15760955258299278,-0.5386892236006954,-0.9968819737714422,-0.22844486610591688,-0.6423278524727437,-0.9074523551966756,-0.27250509585248284,-0.19216294247374696,-0.6711531177125247,-0.2086018137306178,-0.32749085775063685,-0.8800759581609044,-0.27119457421873594,-0.457231675622859,-0.9175725050419181,-0.31992292334489325,-0.5536156968031295,-0.8973227625484237,-0.3555869643842024
C,0.0,0.0,0.0,-0.20723184054257351,0.021747303071318325,0.06407435199948168,-0.3973516752935739,-0.0863910095129854,0.055610084389161756,-0.5510828199221911,-0.09358518495865839,0.008277397896447452,-0.6950171683292407,-0.0938752539474641,-0.04769789565001433,-0.3954538395785587,-0.6211666102464418,0.10316553943779122,-0.5131544931563784,-0.8568947611514784,0.04098667342172813,-0.6333266687144402,-0.9051500213454904,-0.02384176167478723,-0.7326572325857154,-0.8747532300659345,-0.07125205319476614,-0.33481677556189415,-0.6784129123023251,-0.0027909106225516484,-0.4641638022676608,-0.9907852127526353,-0.09126259561538799,-0.5969279139207372,-0.9816592655848049,-0.1851093491233937,-0.6912720783243045,-0.8736619229161018,-0.24396745022572683,-0.26037640193290723,-0.6986413532440919,-0.11540727436236996,-0.38644311999391473,-1.0,-0.20112369282843534,-0.5215334610643351,-0.9934927383719013,-0.2789328119496915,-0.6159480781671408,-0.8947479899851359,-0.3254172061284146,-0.18279017334525352,-0.6582160847512423,-0.22948893665380787,-0.3085879840340764,-0.8761268641497117,-0.30361812806521093,-0.43129903744967424,-0.9102035186219968,-0.3571598568699325,-0.5192369095239597,-0.8797877593080307,-0.3951132485383589
C,0.0,0.0,0.0,-0.1686722621094145,-0.01821429653478233,0.011697051878266274,-0.32110242479740797,-0.15420832159707606,-0.0213677957163036,-0.43793343466564466,-0.20656097580306493,-0.0798011913578975,-0.5487465621033831,-0.25186597356280055,-0.14538654003448892,-0.3168668608435232,-0.6164227820413033,0.01831849756996891,-0.40580515989855376,-0.8581308106418151,-0.060355922806943,-0.4898913796391755,-0.9320951162686251,-0.12753723149794902,-0.5610804667776746,-0.9209525342193288,-0.17328109173737935,-0.2518409037368712,-0.6531173063809845,-0.05820585148441243,-0.3361348770125491,-0.9581406418358848,-0.15756547271306887,-0.42500167647434606,-0.994934546113331,-0.2454376296416352,-0.4943189582239456,-0.9291364833363509,-0.29893298450080547,-0.17544223931779496,-0.6509921608453051,-0.14273369152610704,-0.25157716467126406,-0.9417363192807591,-0.23696880635911924,-0.3424650642700962,-1.0,-0.31232226701531574,-0.4134146952237091,-0.9572537545858529,-0.3556140621952876,-0.09221199112258352,-0.596837402111745,-0.23103443848887795,-0.167490495247666,-0.8257253063198277,-0.31011508244164526,-0.2511798697616922,-0.9179408386958496,-0.3640225717486057,-0.31808527686784116,-0.939521012308329,-0.40082839262492426
C,0.0,0.0,0.0,-0.17178970828611992,-0.03034982601580753,0.006263705401174874,-0.3214642827399759,-0.1683084882977485,-0.023710784525950695,-0.43672276170568036,-0.2264555163242741,-0.07879339025976481,-0.5449997086822244,-0.27179377905428487,-0.14051008284511846,-0.3094742794932365,-0.6236210547151839,0.03852985487432311,-0.39712965857446964,-0.8426657430814223,-0.030083035125291757,-0.4750518419457877,-0.9247302896642319,-0.09568994468917204,-0.5453958130777871,-0.9386738775954028,-0.14217132108940383,-0.24829096314703955,-0.664478509910126,-0.032354045089456926,-0.3337253047836793,-0.9373058910159903,-0.11543999376332464,-0.4206924936242005,-0.9957820368083027,-0.20290442528932837,-0.4929572967641563,-0.9657462963416084,-0.260080819244885,-0.17301444991029497,-0.6653290919805976,-0.11331157040914115,-0.25008692900481566,-0.9282769601434491,-0.19457940265048088,-0.33730099731625557,-1.0,-0.2719985965308545,-0.40989519253252144,-0.9841456746881282,-0.31978274904136084,-0.08979587895620238,-0.6136753232118602,-0.19900220722540984,-0.16052190978497458,-0.8330039778317596,-0.2699819204260771,-0.24173779447097515,-0.9302143056449046,-0.324406801531667,-0.31114581809766967,-0.969213745941713,-0.36326499934005757
C,0.0,0.0,0.0,-0.18631342774951704,-0.03422779728964358,0.04768395676817281,-0.35230521916939384,-0.172522238686662,0.03534793516455088,-0.4875002053069592,-0.21059751558456574,-0.00891709841714133,-0.6117348998227127,-0.23657006960640126,-0.06073557897487142,-0.3075325301398774,-0.6328867920567363,0.0749167318134192,-0.4067951545599736,-0.8539276064275926,0.018475312986243497,-0.5091009991677862,-0.9253182475411297,-0.04025188611234202,-0.6024570919332476,-0.9296907691054306,-0.084624573281859,-0.2511145040692111,-0.6741674680436319,-0.014088090697490892,-0.35493945701720697,-0.9479894112731848,-0.0857666578256876,-0.47468992122847853,-0.9941849455123488,-0.1694438395262079,-0.5789269021295471,-0.9651099450038402,-0.2269699113345875,-0.18470099312006863,-0.6779174880304684,-0.10881329535453799,-0.2874336586592058,-0.9458444838126204,-0.1802015570827864,-0.40667963880333075,-1.0,-0.25230234273133506,-0.5066038139126002,-0.975357943845637,-0.2990470390951231,-0.11923727839221211,-0.6262031395703358,-0.20483753560729778,-0.220098632182494,-0.8416743976293817,-0.2690166949984841,-0.32039371946704814,-0.9131677194154902,-0.31777951798168175,-0.40211448220605944,-0.9286828886901264,-0.3542622655076377
C,0.0,0.0,0.0,-0.1946218210987437,-0.014633107362746093,0.07085201922939548,-0.36948638753054475,-0.14229641022785947,0.07469115679756289,-0.511440967517168,-0.1765732910167759,0.04233854429195148,-0.6378138478897022,-0.19911734205603052,0.0025961400758780784,-0.3092670978313884,-0.6380784596926685,0.12024028308266595,-0.42268690515005386,-0.8448281351139223,0.08029685945388783,-0.5402705354384103,-0.9001536796238992,0.031052083643864806,-0.6438789082635354,-0.8880856855893436,-0.006957258580627751,-0.2582094985291701,-0.6885617201964292,0.025105593968471285,-0.3882626267344952,-0.9592942576039097,-0.02911583486273913,-0.5258082898686316,-0.9864136610936072,-0.10532043450060172,-0.6402795051492647,-0.9360735853320803,-0.15749833442358593,-0.2004010452646166,-0.7003651024280186,-0.07566629444576596,-0.33700174242766023,-0.9677214129395705,-0.13197890710709412,-0.47550538347966975,-1.0,-0.19716330772403104,-0.586003262159051,-0.9533157480072257,-0.23961611728597745,-0.14852497317885807,-0.6546874631705912,-0.17659873908446527,-0.28073936441332814,-0.8695516872388744,-0.22928767121852373,-0.39800921480473705,-0.9280308690305961,-0.2720281034647302,-0.4887116562192466,-0.9284990324764326,-0.3045287468628364
C,0.0,0.0,0.0,-0.20304689530206407,0.006854275327967926,0.0728570715635545,-0.39833207893082984,-0.10897960268828283,0.08148781273686545,-0.5542710348918827,-0.13012223273704507,0.05344738623541517,-0.6891474911481177,-0.14076067682439944,0.01913267254511407,-0.3487278936433659,-0.6333956103536258,0.14264421989814083,-0.47509418897399036,-0.8401791268732391,0.11298250049306033,-0.6040978870158966,-0.8806162416141075,0.06872958275354477,-0.7133963129534628,-0.8494995594688409,0.03343137356590566,-0.29989253512614455,-0.69310953865777,0.04975465429110332,-0.44623686412923763,-0.9649411702649348,0.00854505036557614,-0.5958318317738253,-0.9736212499728698,-0.06462478169953088,-0.7158326999409954,-0.9014078901431027,-0.1160723164629662,-0.24590357496488194,-0.7141004782507938,-0.049643481919549697,-0.40187139907633596,-0.9836208800996927,-0.09389285415667799,-0.5505880107918061,-1.0,-0.15708234989642356,-0.666097971179291,-0.9342583063724796,-0.1998428466132817,-0.19922377576621722,-0.6760364156858704,-0.1501429559779346,-0.35341175104595307,-0.8855883559890826,-0.19451882205561313,-0.4810652262591701,-0.9359418395921058,-0.235395725025249,-0.580364234335725,-0.9292195935990608,-0.2674736794323569
C,0.0,0.0,0.0,-0.20547854881422678,0.0247827727356321,0.05892902121256553,-0.42014861216177757,-0.08824334256655854,0.06402822940504636,-0.5881939428104607,-0.1111241720274355,0.03449264912538687,-0.7345943858704479,-0.11290698710571569,-0.0018290654761593335,-0.3773001695601863,-0.6310758803426257,0.13582934635565103,-0.5120970417656505,-0.816375971747974,0.10285527248521491,-0.6426811364766746,-0.8556863806452387,0.052944600199826296,-0.7527638057572098,-0.8254359554808134,0.013772915810865469,-0.3266166517835419,-0.7030291003535506,0.048377235943298943,-0.4819362260735073,-0.9430837392223741,0.006398634980862142,-0.631428103763503,-0.9503593542598705,-0.07510232593458276,-0.7526492067494602,-0.8785632338997347,-0.13397270123790672,-0.2681016400508365,-0.7376869527976377,-0.04723709465735364,-0.4309407209246623,-0.9804694009063012,-0.09271439228319504,-0.5824947487743278,-1.0,-0.16714732337190458,-0.7017899985822585,-0.9347774704249243,-0.21898286136684747,-0.2116885932065961,-0.7148361160458202,-0.1451540832387422,-0.37484429597131824,-0.913807273961357,-0.1917289421966454,-0.5096445387358339,-0.9678089491292056,-0.2405622205477342,-0.615909839230653,-0.9633956760361888,-0.2796994933062229
C,0.0,0.0,0.0,-0.21558220172456863,0.04199201466573688,0.10596804701817548,-0.43180973675095974,-0.07155055803712221,0.14362046935209438,-0.6021308880076857,-0.09175017169943074,0.1363863783163456,-0.7516661751083491,-0.08746214375528519,0.12297794754029186,-0.3825397846862791,-0.6453113719874355,0.23970876962008014,-0.5249335038963515,-0.8089578426066995,0.2381960900502605,-0.6693540295619499,-0.8227679699429254,0.2024983372568812,-0.7876092812384778,-0.7750365661370026,0.17038844121121902,-0.3415460033381254,-0.7237019094552241,0.13517009750033643,-0.5080846838678544,-0.9486237192137984,0.12366044712205476,-0.6737292445688129,-0.9315417083905732,0.05113549514812742,-0.8068924194149089,-0.8382522698576919,-0.0021098447802179055,-0.2939820008217301,-0.7656744959903798,0.021603119871802186,-0.4716599730103345,-1.0,-0.0011271804770165914,-0.6362039966485676,-0.9853008893133625,-0.06575991380364189,-0.7655322182012202,-0.8932544519295088,-0.11197291605608081,-0.24775497305584426,-0.7493927112360756,-0.09190139498621996,-0.4256527758726677,-0.9525546953772919,-0.123672216925487,-0.5678130381492369,-0.9738604350166026,-0.16185489415488227,-0.6780110980933765,-0.934823678537148,-0.193200905381361
C,0.0,0.0,0.0,-0.20963682281481097,0.010322510458083483,0.13201725501768943,-0.41568098636240014,-0.11673982360483338,0.17341828852241012,-0.5789308018079857,-0.13415844482146788,0.16706939649645594,-0.7255632082680378,-0.12805698522269565,0.15529926711409806,-0.33882843562612514,-0.7023346845738412,0.23403672065171477,-0.49775949645785034,-0.8589666506935361,0.22955529912943226,-0.6495828422674939,-0.8446927848937356,0.19841036239598064,-0.7730843769831505,-0.7707093365106912,0.17136274088146883,-0.2989802235374872,-0.7686179788377605,0.1204181978641013,-0.4927282193413026,-0.9678542214393949,0.10719712110241608,-0.6635147967311205,-0.929496483752736,0.04664611285250998,-0.8031200445520832,-0.8336153756491782,0.002678013649655542,-0.26150487612189655,-0.7964515819874891,0.0016258166224386225,-0.4691989172807688,-1.0,-0.015126724946824325,-0.6390324945281235,-0.9678947327522568,-0.0613714813349973,-0.7737836892751221,-0.8675577428671337,-0.09575352839961078,-0.23852843433100643,-0.7557675520961497,-0.11475774401097155,-0.42930335565254557,-0.9360710761141259,-0.13589779814693312,-0.5761128307409374,-0.9484347972491679,-0.1606147370043794,-0.6912948855762631,-0.9029643712846283,-0.18298854711407594
C,0.0,0.0,0.0,-0.22205864611085438,0.0006122413806233519,0.18586019373216528,-0.415715905570134,-0.13560936154146147,0.2491134460265173,-0.5772539400889243,-0.15694361888164443,0.257526404140389,-0.7223959299876429,-0.14925011954238412,0.2602397306812833,-0.2975626380048186,-0.796474030744738,0.2746562365886611,-0.49335131913467745,-0.9005417384288383,0.29135271536903623,-0.650195636672918,-0.8852246314627539,0.2760941771569574,-0.776237799762799,-0.8106897545463181,0.2594180646712814,-0.26396521587170146,-0.8450669076619755,0.1424709051105561,-0.5071643263881846,-0.9942570055043607,0.14529810003097676,-0.6776828196851937,-0.9437530035900793,0.10704308416079839,-0.8080562648826761,-0.8423607205970827,0.07993095535843872,-0.25148380857025704,-0.8317162879454382,0.009856608550350638,-0.49320041315771856,-1.0,0.007394961846744407,-0.6631452933968915,-0.9525047486283188,-0.01655185443670191,-0.7899574677616334,-0.8473602075568423,-0.03487726103111274,-0.274163794509748,-0.7279403718980605,-0.11545331203212239,-0.4827017260196775,-0.8947907777810288,-0.12605980525778673,-0.6245970329439973,-0.909514080750129,-0.13648711016120893,-0.731101180754097,-0.8723075407696645,-0.1472384595973256
C,0.0,0.0,0.0,-0.22190062101313546,0.0074206064436293994,0.22422031831199526,-0.39450903297315615,-0.1375278394556215,0.3176467935649414,-0.5378790513900732,-0.18339245159679615,0.34974971120501913,-0.6891325234070935,-0.17991545344572438,0.37715741253979335,-0.3019878450759773,-0.791074392525168,0.36208463134410485,-0.47931494375422884,-0.8919124527063943,0.41449008333046644,-0.6274664617930382,-0.8889521413435063,0.41878181598003,-0.7446677175686774,-0.8361474269986938,0.41378896203329796,-0.27574440165523095,-0.8441945222034207,0.2222795829137641,-0.49508214041482085,-0.9778051425049661,0.2661399231020822,-0.6609013072754661,-0.9358429870382051,0.24805955201386795,-0.7889333987835427,-0.8466622684769197,0.23145950545898927,-0.26812175186249665,-0.8397739796822931,0.08225087809219833,-0.4873798407726663,-1.0,0.11269726218924475,-0.6560849759205142,-0.9587325494585281,0.1054366187911728,-0.7795308088367431,-0.8610560720949334,0.09416377705002034,-0.29543832141922427,-0.7590329128519205,-0.049191023590169546,-0.49041777576227585,-0.9178215693818453,-0.03209465800652695,-0.6270980752090447,-0.9173516786893233,-0.02562735014490349,-0.7250382509838638,-0.8605595992903396,-0.02705109120329127
C,0.0,0.0,0.0,-0.23286234121999974,-0.02521316507257574,0.22466906662477862,-0.39461974730132504,-0.16178508455244345,0.30552912513975755,-0.5285344374480488,-0.1959314761783989,0.32623134813424326,-0.6609194115364828,-0.21796719120893315,0.3440472495888911,-0.28556772436548306,-0.75132931143364,0.318155000915896,-0.46444907012350267,-0.9272137899525036,0.3560902196464556,-0.6118103075203079,-0.9022807732941965,0.3634683582096873,-0.7233200441433172,-0.8251003176392878,0.36262245896258977,-0.2539188342289273,-0.789553568365199,0.1755998705430891,-0.48577187231113983,-1.0,0.19660447843189544,-0.6453497910035166,-0.9335629236884369,0.18192829347858508,-0.7483628136280719,-0.8190127838977419,0.17290803110782216,-0.24696211960962977,-0.7735508950861968,0.036156018364000536,-0.4761542763382036,-0.9819035176549723,0.05395527249167267,-0.6402766059543887,-0.9256516862387735,0.05302716674376722,-0.7416957618974899,-0.8118628005096299,0.049362631471544176,-0.277488109549851,-0.684430542846898,-0.09294780451819519,-0.47514776026868877,-0.8376361663049404,-0.07897103554914423,-0.6112446768197322,-0.8334356699953552,-0.0706029591673278,-0.6985151365197341,-0.7822579846863092,-0.06915472280971464
C,0.0,0.0,0.0,-0.2299212617826536,-0.034030506824273145,0.2259247924818719,-0.39735347026573303,-0.17140710555586242,0.3086417055215917,-0.532012720656221,-0.20869580215470077,0.3312588719190354,-0.6600508727690034,-0.2311444175985778,0.349748477763901,-0.28323623580111573,-0.749529741042904,0.3119413464595512,-0.45199272553898834,-0.9216691590408503,0.3499566832360089,-0.5903419764612832,-0.9165048830753796,0.3576024080733818,-0.6992616713642941,-0.8577360139411427,0.35627769049055286,-0.24806480816247584,-0.7872229393972184,0.1669042005705518,-0.47393242849507483,-1.0,0.18780879226093591,-0.626388216145205,-0.949104849934982,0.17510764246982924,-0.7275331614440426,-0.8502782951544591,0.16642577971255226,-0.23377788829139895,-0.7726367498263415,0.025364539904918507,-0.4575448714618673,-0.9845716459874555,0.04085349057757207,-0.6151236635785593,-0.9357867836340643,0.04153355915396613,-0.7143481495276672,-0.8312962802880955,0.03914135861513694,-0.2568617973552977,-0.6842933610995384,-0.10573111193990722,-0.4471105741481491,-0.8437040123083519,-0.09639630994351653,-0.5827863148637558,-0.8456830936129994,-0.08875266408090217,-0.6715554570880103,-0.8020096345336906,-0.08699055972519852
C,0.0,0.0,0.0,-0.21979891382187497,-0.040638460435085226,0.16102472917904612,-0.40182429491641125,-0.18012462820599626,0.2071956293261967,-0.5494978193754214,-0.2129741733997923,0.2015637530691674,-0.6855354630536745,-0.22038785841412603,0.19113928136241434,-0.31997040943843075,-0.7323260733557979,0.2304360905042549,-0.46411422401736585,-0.9078287807787996,0.22924004415583438,-0.5981232926516594,-0.9098057991040042,0.21092149808097466,-0.7070435997628391,-0.8521881708991845,0.19438171228523574,-0.27752489670739755,-0.7729097681477244,0.10146369613215207,-0.46680554891486475,-1.0,0.08466652785818866,-0.6159466214678968,-0.9477572132074622,0.0474190046932308,-0.7255862624662702,-0.8487346194916272,0.023211128016581168,-0.24363854803872145,-0.765655780604555,-0.02857256698659941,-0.4336475191217131,-0.9858286410836238,-0.04442819004366254,-0.5884542686021615,-0.9475007131834488,-0.06617423172844626,-0.6984200432841117,-0.8562962359209779,-0.08186062413476197,-0.23761293675734124,-0.6819966612211219,-0.15436998135832355,-0.40590487015247845,-0.8581537752942129,-0.1682681137322313,-0.5391258269531893,-0.8820223967948407,-0.1786146353170078,-0.6370250831993874,-0.8622356341000417,-0.189788618170869
C,0.0,0.0,0.0,-0.21622170826231013,-0.0309635822637093,0.10255573377852403,-0.40762048489622793,-0.16990209662002306,0.11432721451253465,-0.5622274009572569,-0.19335429287293243,0.08328031790958088,-0.6998907995117193,-0.19554620508264883,0.045259158071246815,-0.35000297470574404,-0.7022861432110272,0.14018612833965557,-0.473765522516942,-0.9063051230754867,0.10114696789080127,-0.6037809356697023,-0.9403251449336472,0.05572654149523811,-0.7140090803598412,-0.8996485557323821,0.02202948970521599,-0.29574106806499284,-0.7387326669766683,0.02687752450566065,-0.4548465068769891,-1.0,-0.031555427955267695,-0.6022968566673881,-0.9797305695551116,-0.09816612767830961,-0.7164848032048701,-0.8881076005820263,-0.14079943965246544,-0.2412561996085129,-0.7338568589658704,-0.08949864231843399,-0.40416124643670326,-0.9878009970400831,-0.14156225129240435,-0.5498796062641094,-0.9884783493916642,-0.1905330764848091,-0.6594525254461522,-0.9158980128626953,-0.22185504870004144,-0.2003122820124906,-0.6633887328532486,-0.2054735643071992,-0.3514438160496156,-0.8607246157408333,-0.247560965564749,-0.47484860892712016,-0.9187944844101147,-0.2790260143527455,-0.570838129834673,-0.9230691422088844,-0.3044133780511074
D,0.0,0.0,0.0,-0.1332076976284961,-0.05796110368678618,0.060832177922852435,-0.2406317510413941,-0.1749403308172219,0.056085715770925734,-0.3275443655431698,-0.25715578921542687,0.024886574025411348,-0.3642021864640319,-0.2968139228952714,-0.007465848240412666,-0.13087520572775035,-0.5782847275748924,0.08225111059813531,-0.18137773831417875,-0.7659189962831168,0.05153425215221221,-0.22980478903135707,-0.9013306193990877,0.016814288634006438,-0.26100504552564935,-1.0,-0.008910905139646192,-0.10518623649269843,-0.5432567653009688,0.00864415861492777,-0.29426568009852094,-0.6725479763315004,-0.05005702122136433,-0.3629550185782765,-0.5305491357623258,-0.07603440532095308,-0.3613187745889405,-0.394337257330895,-0.07941485316922163,-0.09799142915137203,-0.46473307856635804,-0.06740420831226496,-0.25276255085096355,-0.5909195396511958,-0.1165239996073487,-0.3167123689362425,-0.46039546635777984,-0.11605420878502588,-0.32239777957085836,-0.34132921462376026,-0.10474894472103297,-0.1098692711659672,-0.3598091322921378,-0.14461730351980762,-0.24258812171592323,-0.44623781151721753,-0.17303881556643141,-0.2991169439849522,-0.36262519108444113,-0.16987101036456312,-0.3122689073979226,-0.2852931688747467,-0.1645477683690503
D,0.0,0.0,0.0,-0.12914463020412018,-0.06274185563854634,0.06284174434822129,-0.23055844738397774,-0.17939135382706609,0.059036823720851395,-0.3137197410895355,-0.2633197238622543,0.029964604214386237,-0.35513833470344564,-0.2954765855577229,0.0006379178474890666,-0.12891541976716162,-0.5773526827171559,0.07888350943404564,-0.17713659956583844,-0.7613365791023589,0.049733894146244795,-0.22219859283770915,-0.8982668819752392,0.017864195626099887,-0.24971345653840413,-1.0,-0.005460591563445585,-0.10053882701923872,-0.5426681189816293,0.006398836304218479,-0.2875235673708967,-0.6578266543756017,-0.045496313003295916,-0.3535449328494933,-0.5195848395545191,-0.06445152341032571,-0.34923306358119893,-0.39005362964581514,-0.06458871206158653,-0.09432982773570382,-0.46167179328333124,-0.06793860313188127,-0.25018684178798256,-0.5855345463561684,-0.11128096304555507,-0.3121724489784745,-0.4565585999476125,-0.10322462375279093,-0.3135654741924742,-0.34080745094513415,-0.0883375640324009,-0.10868528713534524,-0.3571455076275126,-0.14331160084062852,-0.2452707402292664,-0.44368254549139785,-0.1659497509226102,-0.2971808211208415,-0.3573883441626343,-0.15610887941683751,-0.3038762234441642,-0.27592313469361535,-0.14684871389137685
D,0.0,0.0,0.0,-0.13952517564953149,-0.07299237966280785,0.0742902003462816,-0.2393769722988198,-0.18121083270326624,0.06804475562897545,-0.3210712675182555,-0.2540945122340673,0.033744049367341704,-0.36214605875254186,-0.2914208360558579,-0.0029652181334849934,-0.12641439719992317,-0.5711045283125281,0.07022128144983619,-0.18247281472363774,-0.7598777930932755,0.04155591104027771,-0.22912336838330125,-0.8973468250041154,0.009203104064235846,-0.2613544036448046,-1.0,-0.015765272761100877,-0.10461749001995406,-0.5364537702676939,-0.009445936507967915,-0.2924779508651301,-0.6541165414847667,-0.05936717165569766,-0.3592561054646762,-0.5222045326749946,-0.07663933039452547,-0.3626593113714076,-0.3927371922442576,-0.0782705102440758,-0.10177043833629507,-0.45427641021549864,-0.08871744252630377,-0.2569609660477186,-0.5688066412647393,-0.12618449204560095,-0.3179389683706718,-0.4521556730502486,-0.11741001433045362,-0.3275603761747628,-0.3400285946422645,-0.10575903527005176,-0.11844084483381534,-0.34198652262975265,-0.16767743834701265,-0.2500714022485743,-0.4290411081725387,-0.18843961547327523,-0.3031635835758198,-0.35176760634837695,-0.17931620069357615,-0.3176152781771349,-0.2728286546081023,-0.1725291006275125
D,0.0,0.0,0.0,-0.13499075140184852,-0.0635833906272003,0.06308653985540202,-0.24154880947988214,-0.17720120777730672,0.056604006295503766,-0.32954804740242283,-0.2525625356596275,0.02353668507621497,-0.37172656229016826,-0.28284733324347044,-0.011181278411715163,-0.14389420577647685,-0.5808803651345044,0.07162272595265927,-0.20654106445352946,-0.7718236920243172,0.038579947201366864,-0.26304110072500275,-0.9044172630123597,0.0031605593897867526,-0.30160156753007833,-1.0,-0.023342791987663234,-0.11519719507300355,-0.5491020362980807,-0.0047759369438764125,-0.30943357011451494,-0.6612167209232684,-0.06245306890718349,-0.37249359726917225,-0.5121839518435322,-0.08526038539674746,-0.36545040509838855,-0.3746420231499854,-0.08813980226441331,-0.10692767568634036,-0.46800165769418356,-0.08267965124706753,-0.2704958297846278,-0.5828952517503809,-0.13045242119782116,-0.33026958615629565,-0.4481955506825438,-0.12686604790085468,-0.3298551626104115,-0.3295343671581765,-0.11567469818285597,-0.11783974133544788,-0.3560919884724489,-0.16154093313113585,-0.2570258094751129,-0.4356073413461913,-0.1900736240201183,-0.3120336950691128,-0.3513036519725783,-0.1848356906858311,-0.32208829806967987,-0.273331531055284,-0.1789379365803145
D,0.0,0.0,0.0,-0.13701404544058615,-0.07012741610130319,0.06664284605653388,-0.24173295952628424,-0.17872735229359266,0.056009649269923696,-0.32874301222414054,-0.2489826123354041,0.016585775107526853,-0.3686814846299718,-0.28369636822914307,-0.025343459819805864,-0.14226567646646965,-0.5729798467421569,0.06501593431671496,-0.20764839387004175,-0.7680956623071502,0.028336905144175025,-0.26401589175084117,-0.901022510309084,-0.009780154122092165,-0.3032542059323397,-1.0,-0.038623602234400846,-0.11276901976959906,-0.5421465416563674,-0.016803713510045965,-0.29961896919697373,-0.6574771375805197,-0.07734747785837005,-0.36404444398740554,-0.5137443662019215,-0.10112810914590833,-0.3622223821858419,-0.3811787058968557,-0.10560474976008738,-0.10334475041930147,-0.4622539813484959,-0.0993375322472703,-0.2628513312083563,-0.5760482282696088,-0.14737290921740953,-0.32406648849766356,-0.44469073763668476,-0.1415676421994069,-0.32563679803107637,-0.3269359311425173,-0.13033745816887973,-0.11314848902300442,-0.34783340068309543,-0.18281338872232467,-0.2490608167717031,-0.4345858611711292,-0.21177754747682254,-0.30598983773975974,-0.35224941222891404,-0.2043056753654513,-0.31706617580687363,-0.2717414998062028,-0.1974860358701289
D,0.0,0.0,0.0,-0.13641578504758115,-0.07477568273040858,0.06593176217816941,-0.24002551071594844,-0.18453894155927775,0.05449053848419031,-0.32525667554529664,-0.25105678724992503,0.0139863389168743,-0.36309833283763027,-0.28273754568320536,-0.029371888268382416,-0.13907683414148592,-0.5728646014433213,0.06190391564681655,-0.2042893002560977,-0.7722522833030535,0.02548785636983352,-0.2574338312630217,-0.9027689057797621,-0.012899961914065393,-0.2940898650781818,-1.0,-0.04226184882760657,-0.11006944329796359,-0.541161174437775,-0.019312542644661413,-0.2907086284586717,-0.6599522397946341,-0.07936027300624864,-0.3529802759292273,-0.5193275929989289,-0.10381358260509999,-0.35251306205042254,-0.38773976936219906,-0.1094152439765067,-0.0998811582637169,-0.46101729440620914,-0.1010491359303446,-0.2529186580510006,-0.5721324129088693,-0.14769592230146558,-0.3126670457884841,-0.44426490201462016,-0.14324813570657977,-0.31774290105403147,-0.3273415492197566,-0.13368049014704192,-0.10783789062648821,-0.3459860371754426,-0.18374646077212814,-0.23887811267436068,-0.428772425059732,-0.2114715533449895,-0.2960924461205501,-0.3481543464352178,-0.20494844943454013,-0.3112920730606179,-0.26887390406660217,-0.19927314695196954
D,0.0,0.0,0.0,-0.1377675303743956,-0.09309900733836896,0.07673959631054474,-0.2273685276623625,-0.20843731127363027,0.06647456978413524,-0.30313665570933607,-0.27190463746406773,0.026594882649475106,-0.356948818971478,-0.3051781201822026,-0.017087654511255056,-0.12714221231380562,-0.5714188721993476,0.04868238541589891,-0.18886678528425083,-0.7671503896750187,0.010594752846369458,-0.23532282446556443,-0.8958483011969707,-0.027112099851096937,-0.2663417811893184,-1.0,-0.05566792542385607,-0.09389236141935985,-0.5424505075840649,-0.035950403864505806,-0.26547278026530163,-0.6549845642929396,-0.09285567119794834,-0.33651291810510287,-0.526242577544266,-0.11026608126635559,-0.3463558852618694,-0.40842980910737975,-0.11377217177498997,-0.0847544728540366,-0.4636303732702818,-0.1187907693325347,-0.2380024732141406,-0.5632282571592547,-0.1604422649518948,-0.3024184483269544,-0.44196061612790694,-0.14725692643539814,-0.30924992091466413,-0.33718323665958544,-0.13458345447036826,-0.09425146511055067,-0.3519436237213495,-0.20134566955997538,-0.21864125766315023,-0.4303585160215012,-0.22338054775605448,-0.2748643670859961,-0.3548387096774194,-0.20980720657878957,-0.28798115455837875,-0.2804724864304568,-0.2004580538859495
D,0.0,0.0,0.0,-0.13052687224846699,-0.10275790227971782,0.07338316097713123,-0.21565184793975156,-0.21935946095203734,0.06176388552257709,-0.2906802269516946,-0.28418860648624367,0.020301773372214307,-0.33965431122291306,-0.3092430404210596,-0.024756399440893254,-0.11840304176777501,-0.5609361079020536,0.049024893790304114,-0.17807396583061436,-0.759249811685972,0.007317342425266099,-0.22207148445724606,-0.8918009655145382,-0.033039409702814326,-0.250498611325374,-1.0,-0.06310139582787695,-0.08081423015868629,-0.5335599717993776,-0.03563392145441367,-0.2415101654399664,-0.6511105753841531,-0.09506215094577233,-0.31236209357963485,-0.5213397858421016,-0.11380534042259853,-0.3235801574551501,-0.40404941741996464,-0.11737851744481984,-0.06866477188500457,-0.45695510663925665,-0.11929029269962793,-0.21521429106238257,-0.5685071107075431,-0.16474016285214346,-0.28313070626679937,-0.44328845789529486,-0.15196557172850544,-0.29087570168645954,-0.3359472007163722,-0.1385200255122983,-0.07672257713086304,-0.3484908747469255,-0.20309058473084157,-0.19903410858244636,-0.4388425383173193,-0.22820346636511085,-0.2601748619491092,-0.3633416782787369,-0.21454751157153268,-0.27517038713545094,-0.28687864536511315,-0.20432787950121403
D,0.0,0.0,0.0,-0.12039593766234875,-0.10341189052891077,0.05944070549762428,-0.2033811944245523,-0.22366775797902427,0.04664733299194971,-0.2769572503827905,-0.2963216117596669,0.00786231765693097,-0.3204923285805982,-0.31347889371164517,-0.03316487807790594,-0.10645223068722277,-0.5547632131905689,0.042863144632563216,-0.15468638185262892,-0.7541997038174535,-0.0011607059307828492,-0.1952654132664832,-0.8916791824321553,-0.04181590960080142,-0.21913136745523265,-1.0,-0.07100746045253824,-0.06669025457415609,-0.5216386179730684,-0.033445163754558443,-0.21630132105053665,-0.6500991452136784,-0.09548795699453132,-0.289118862263056,-0.5178478029735963,-0.1140971326486702,-0.2991189960520928,-0.4012985199603507,-0.11526030427042007,-0.05517974933964433,-0.4430649447787321,-0.11025408967544315,-0.19082801406757174,-0.5682374023018121,-0.15911826629154405,-0.26192124699924696,-0.4445495634049172,-0.14632349622433483,-0.26728424021048974,-0.3409457201546652,-0.1303973796182072,-0.06360494119971832,-0.34005781319495315,-0.18838143039472693,-0.18045402471655098,-0.43741527872056474,-0.21490733675735035,-0.24209534485129222,-0.36323660679094305,-0.20105784741377278,-0.25399854917409764,-0.2908102571846126,-0.1890977670473893
D,0.0,0.0,0.0,-0.1361533738145596,-0.09310162830304536,0.0620071711738086,-0.23033581738907677,-0.2030581047628733,0.048539288128679796,-0.30536378393478036,-0.27296223969228434,0.005986129164130693,-0.3292138085865341,-0.3074655551278866,-0.03982718802863315,-0.12233744968274544,-0.563863361057438,0.05663116595510313,-0.17758659974434265,-0.7638820268762044,0.01609860701456213,-0.22444462752680475,-0.8963086734266967,-0.0259466133853112,-0.2553234271473094,-1.0,-0.0573645373665115,-0.08713320057001549,-0.538910637070831,-0.022522853680694562,-0.23990958019929945,-0.680427151171248,-0.08806675592780168,-0.3136184526422432,-0.5467686893119522,-0.11542066854087471,-0.32668259483201406,-0.4218382355780804,-0.1216970822835516,-0.07130432879646663,-0.4697912389083199,-0.10247935870244346,-0.2049554530580404,-0.5980915165784653,-0.15355495237202757,-0.27311594305509246,-0.4740525809678163,-0.15132179634251755,-0.28485700051878104,-0.36367734651869604,-0.1418320618991902,-0.07469185307812225,-0.3636482535873773,-0.18350717109422998,-0.18645968633700685,-0.4661586131167927,-0.21386606329719565,-0.24727266641864729,-0.3940150948545418,-0.20883853765100432,-0.2633422628893915,-0.3201184056558718,-0.20321685968400807
D,0.0,0.0,0.0,-0.13968687543416058,-0.08886559992119804,0.0653239228919534,-0.23473743991367177,-0.20123606904461802,0.053659227195866105,-0.31073942739891675,-0.271771886556674,0.012460361406942526,-0.3410574907497812,-0.310713923463601,-0.031956928607024135,-0.12870534932681646,-0.5659273149554491,0.060983012406667515,-0.1883483840166577,-0.7663644992507244,0.02152469159487725,-0.23639532583131606,-0.896879717130128,-0.018973589589522902,-0.2678976305868176,-1.0,-0.04915632593667102,-0.09248481653789674,-0.5428423498311048,-0.019332690041001112,-0.2507562534901192,-0.6867570880933902,-0.08477442991166102,-0.32385443576869677,-0.5509252756165397,-0.11081284183105532,-0.335009154416374,-0.42564662723142355,-0.11566092360656122,-0.0765850647002959,-0.47537786975387464,-0.10037090775313286,-0.21565659263390397,-0.6080953394355836,-0.15177102337964776,-0.2829007109026786,-0.4814763031030807,-0.1479987994163193,-0.2924238283007411,-0.3699809052296535,-0.13689923628181538,-0.08029718850993063,-0.37044309899619243,-0.18216898171155246,-0.1959852511783046,-0.4721979454107783,-0.2117913634186727,-0.2546407891073733,-0.39637760840359876,-0.20534652872353548,-0.26763699598254465,-0.32045434480032337,-0.19854488291295047
D,0.0,0.0,0.0,-0.13487120824794976,-0.08702694581768254,0.05563819869492208,-0.23164128695888808,-0.1969574758898789,0.041880047581207655,-0.3091943931341302,-0.2670333779320752,0.0007597127722066315,-0.34121104138405906,-0.3010676639879934,-0.043297500261508595,-0.12497113794823797,-0.5711502403796597,0.055376467237244154,-0.1867894008238054,-0.7659116233667171,0.015395188231848496,-0.23904994371899907,-0.8979932627724887,-0.026316356281230652,-0.2745011761286093,-1.0,-0.057621086671656906,-0.09061498847579505,-0.5412129483410505,-0.02047744603821733,-0.25628290789294655,-0.6837868455014369,-0.08651157367497192,-0.32926344043903305,-0.5415953705268973,-0.11447345798556058,-0.33804510623296624,-0.413256134216787,-0.12052410044967886,-0.0772684799594282,-0.468982571443886,-0.09788033908524599,-0.21823563700609813,-0.5980990215764452,-0.14918794303759472,-0.284327673966017,-0.4695478295737075,-0.14800382582467939,-0.2922362626941488,-0.3616552953618683,-0.1387597229603269,-0.08264893334102988,-0.36169472298615035,-0.17695700564969288,-0.2002333187648691,-0.45782442492361863,-0.2070132570154864,-0.2575537401095933,-0.3813204027905481,-0.2031816263714091,-0.2693453055872809,-0.31076582877381637,-0.19835507635038105
D,0.0,0.0,0.0,-0.13187956087039854,-0.0825621068301033,0.05953898695734455,-0.2267119890040193,-0.20294558673978647,0.05162111426205257,-0.3040416553505031,-0.2819476072468846,0.016899579577386196,-0.34335785135917524,-0.32070220200352584,-0.020693956178692366,-0.11356620592166254,-0.5730006618827436,0.06341075668414876,-0.1740931512347602,-0.7641505681466269,0.027748135679527407,-0.2247869080551933,-0.8986515158409587,-0.010148423230495569,-0.2597766206432096,-1.0,-0.038869603039442834,-0.08292999237649021,-0.5418691411814629,-0.012471957373106557,-0.2574768068704836,-0.6870568216344588,-0.0719769290101269,-0.3303343295292142,-0.5539483611943868,-0.09664347593243439,-0.33763601727729964,-0.4263048996814709,-0.10172407803720035,-0.07415140911680142,-0.46812184593389056,-0.09020473189493472,-0.22039531325018538,-0.6020717745323481,-0.13839220618262954,-0.287976323857303,-0.4809850792220671,-0.13699108202150664,-0.2974461086579529,-0.3748527135044933,-0.12832480189403025,-0.08500172956005184,-0.36227214828165394,-0.16919919705377692,-0.20765265429421717,-0.4572334297284762,-0.1992588853943386,-0.2672448839787961,-0.38463199524873637,-0.1967345120431708,-0.28183867328644857,-0.31621835569602297,-0.19307562261805017
D,0.0,0.0,0.0,-0.12583639198606042,-0.07333641563620875,0.05295353071645569,-0.22582969809597744,-0.19763093769904294,0.046449769863881614,-0.30651705882205016,-0.2827696754564988,0.01619278607986028,-0.3412019472394529,-0.31928095406255064,-0.015380525854878722,-0.1152854321432938,-0.5762466412298843,0.06101856060126211,-0.1739314533680745,-0.7707477961354819,0.028253411229320236,-0.22513552133728357,-0.9048256960118904,-0.005391819287178646,-0.2593264509605493,-1.0,-0.030399407542047972,-0.08877954337610837,-0.5387961823032467,-0.0076899251557803385,-0.2766008785401428,-0.6773966491511872,-0.06602537353085948,-0.34618177036987274,-0.5433611997941779,-0.0886945571121721,-0.34729937459428023,-0.412695088277322,-0.09112447513656684,-0.0845397603299956,-0.4599054544905884,-0.07840329236331092,-0.2340696492677016,-0.5981091377108022,-0.12657841997532013,-0.30055734119164895,-0.4762596817420496,-0.12546451295764455,-0.3097368319267183,-0.364968609966424,-0.11523479098399836,-0.09944174872669398,-0.3556414704572526,-0.15054301049425706,-0.2303372367454091,-0.4429078833308845,-0.1796460747272217,-0.29047375617882576,-0.3689467445361272,-0.17777603654330879,-0.30753407507383335,-0.3005609336192427,-0.1737593582192146
D,0.0,0.0,0.0,-0.12524085220512693,-0.07487178817396037,0.05952534564143068,-0.22424377952537253,-0.20092064359980438,0.05640381619734972,-0.306497142484314,-0.2899303113401022,0.028750697998550925,-0.34366446698467895,-0.3168752831673585,0.0009517897238087092,-0.1147195136307743,-0.587096705113006,0.07240439351900436,-0.17184923603571994,-0.7757101547602091,0.04423697412209105,-0.22331764098594278,-0.9082682780135876,0.01459128488016504,-0.2578122127327635,-1.0,-0.007449958921775451,-0.08921263927892273,-0.5509028203454199,0.0020749093607270435,-0.27618119581064393,-0.6830967126435442,-0.04991492974799963,-0.3469992011157904,-0.5524087514973564,-0.06825711837656918,-0.34972196134986544,-0.4239345920981003,-0.06794960914151126,-0.08664013681576015,-0.47040730857562985,-0.06985893887242337,-0.23914436141829923,-0.6018719153106256,-0.11315749670963396,-0.3038592184701511,-0.47841438869355574,-0.10679625837851184,-0.31086650197144194,-0.3656169272850639,-0.0929079602642704,-0.10405780111695531,-0.3636724011127076,-0.142866308445413,-0.24095216125565136,-0.4499229502389681,-0.16623834874532376,-0.2955507991577799,-0.3677068869772696,-0.1587763207490182,-0.3062840517849229,-0.2904149720749404,-0.1507739472174952
D,0.0,0.0,0.0,-0.12831915156548046,-0.06873502577023136,0.06367292257739161,-0.22768807330346144,-0.19575110961776318,0.06480912206662329,-0.31071367450668624,-0.28708241313086225,0.04190400016649165,-0.35147175083201015,-0.31223224738464045,0.01913404837486478,-0.11896603372932335,-0.5808647613592576,0.07821370412034127,-0.1753298429367143,-0.7730083978579961,0.057799858082040655,-0.2263807855850258,-0.9072341814564853,0.0332200197217458,-0.26105630147865966,-1.0,0.014029162971544221,-0.09772095452076962,-0.547551906433693,0.010640715540803125,-0.28237905150698783,-0.6761782626292211,-0.033362673925094795,-0.3543651884632258,-0.5465287844237273,-0.047994673772490455,-0.36140500468106407,-0.4147865851659113,-0.04610172911146684,-0.09773703614424714,-0.46678759819413634,-0.057517397134977714,-0.2510535316756373,-0.586474453628268,-0.09240292577244277,-0.31472524118585893,-0.46929610334849625,-0.08607189855532153,-0.3250625315680273,-0.3588421527636755,-0.07337633361045498,-0.11721108379706291,-0.3576087720807961,-0.12610514702672615,-0.256007241977052,-0.432110257435427,-0.14359930161321371,-0.3104142825802429,-0.35543991993860696,-0.13704508484330816,-0.3233852524555413,-0.2838220635654111,-0.13032624528413397
D,0.0,0.0,0.0,-0.13238099378950277,-0.0650573225623189,0.061198403290759165,-0.23257643818102836,-0.19590416922306952,0.06429151888048265,-0.31410979458098676,-0.29449805463502843,0.04548302251069966,-0.356277628655434,-0.3205696712306267,0.026271755602694125,-0.1225244261066441,-0.5790229313016045,0.06724842949197976,-0.187337977643365,-0.7714400087557666,0.05046370809921761,-0.24139839498713483,-0.9066921143627056,0.029615777656919796,-0.2785418805563066,-1.0,0.012926555229296883,-0.10250921457253195,-0.5514118923500487,0.005116222150340559,-0.29199148878184067,-0.6801612531452154,-0.031314304315113395,-0.3605206882472325,-0.5571617789465461,-0.04074334606787038,-0.3649426058056485,-0.42611586186967493,-0.037436656657755724,-0.103769827288506,-0.4751829157269127,-0.05662872104462467,-0.2610587225520905,-0.5975982834521731,-0.0856044230982373,-0.3237340856806845,-0.4871550161052687,-0.07837611243088942,-0.33520120799371284,-0.3752897696186116,-0.06709756560827815,-0.12475579168583101,-0.3673216222178799,-0.11859993504598836,-0.26611844284399605,-0.44340938933803287,-0.13345503038516962,-0.3221641780643503,-0.37182733259580103,-0.12760416483421907,-0.3382357963258098,-0.2998454691601055,-0.12235660480726988
D,0.0,0.0,0.0,-0.12653972192614177,-0.06195606364293854,0.07400392481688518,-0.22515704874502063,-0.18989967709846275,0.08559644049041316,-0.30665534084633644,-0.2939725947143073,0.0744630364220462,-0.34377485765168986,-0.3060884553269458,0.06557223908883479,-0.12002224089321571,-0.5863181431361886,0.0924391956675334,-0.17552654309437885,-0.7715902638587538,0.08229290958647802,-0.22454681856107173,-0.9077659587002092,0.06874730332487103,-0.25545351003688405,-1.0,0.05878423897814917,-0.09766039336418046,-0.5623600013273627,0.027925371205642285,-0.2823857876195748,-0.6740446635962214,0.0019183697992646537,-0.3498927246575042,-0.5502092271819256,0.003172284043386128,-0.3494860846872596,-0.42074990160977327,0.014886126016764938,-0.09946843876085279,-0.48363057936899895,-0.036567608499002195,-0.2556954727092372,-0.6098568361399814,-0.05941256730914035,-0.31803558521296227,-0.49206160303702334,-0.03907968717616195,-0.32224055813227515,-0.3747787233256015,-0.016996517939135054,-0.125051951444896,-0.37662892438107115,-0.1007397390524833,-0.2718085545073209,-0.4596280119812868,-0.10765534109960533,-0.32068198776253654,-0.3722196586537407,-0.08965090918872282,-0.3237275719734912,-0.2849694430924008,-0.07448602570642328
D,0.0,0.0,0.0,-0.12577710670866635,-0.0475128732460365,0.06865231064499949,-0.2212282820920001,-0.16539202874027023,0.07528218855091677,-0.3023316064873871,-0.26399094056699557,0.06098063699285049,-0.34087647411032723,-0.2662592351547653,0.04881837421722765,-0.13130419389269257,-0.5690694296201807,0.07960424098108364,-0.17501595813917165,-0.7533666727409991,0.06477342198751375,-0.21406107307421968,-0.896181188660089,0.04859105534080561,-0.2349563949704527,-1.0,0.03715649542619336,-0.10852877931950121,-0.5511170176763075,0.01697441188676661,-0.2942342436154427,-0.6356360607086142,-0.007969620732398779,-0.3573816155988858,-0.5004241272485878,-0.003569889928374099,-0.34936922396063835,-0.3689213547496941,0.008849433851986716,-0.10890271522661599,-0.4672482232577513,-0.04576077867372073,-0.27095577018196965,-0.5691882956290839,-0.06993916880206269,-0.3285234686173952,-0.44056767240257205,-0.04601683456625711,-0.3247604196495978,-0.3211112904485461,-0.02231748799087898,-0.13237060370187176,-0.3546407726550907,-0.10851776198666166,-0.28365782417410773,-0.41875063129669643,-0.1174280007079279,-0.32682945877697656,-0.3210497487829641,-0.09666576526680119,-0.32236820867935334,-0.22827042928175356,-0.07972815300012065
D,0.0,0.0,0.0,-0.13981946503055978,-0.06145804050231121,0.08385328313895284,-0.235562414531717,-0.17179436244768811,0.08459985833733136,-0.3176078321130282,-0.24664307063508129,0.05795697556763254,-0.37132697012176397,-0.2702208564275184,0.028959234243297768,-0.14870858510259963,-0.5580513974567947,0.07084936172382728,-0.20203744455354708,-0.7489741712834105,0.04817858241007701,-0.23932003616225456,-0.8880526931523016,0.021701823464178684,-0.2613234681854423,-1.0,0.0007328528503179511,-0.12561443492709462,-0.5354982891167648,-0.00836291980678683,-0.3136379592314328,-0.6307454100666958,-0.04406678071643834,-0.3688295641292874,-0.4973902934195623,-0.05142984778469386,-0.36201392317969955,-0.3730405745268775,-0.049828563591362694,-0.12141252998258242,-0.4542723099822768,-0.08544599546844452,-0.28552335527782413,-0.5419060685646896,-0.11038589032034694,-0.3374128205197979,-0.4218713401573297,-0.0943425791338478,-0.33793748300577076,-0.3129023014189645,-0.08130495053502212,-0.13593258783046777,-0.3384221652265049,-0.161398772547905,-0.27601632032104784,-0.4093851474779884,-0.17326868566095055,-0.32401430330620046,-0.3320616399402431,-0.15872239730527607,-0.3334485992987336,-0.2521072844252586,-0.14980958473966707
D,0.0,0.0,0.0,-0.15152717555132209,-0.05550935019622208,0.07582009668376989,-0.2723848526328013,-0.16362062505613764,0.07622149951584208,-0.3645167948136813,-0.22421027319248743,0.04608769520916383,-0.3992261112936908,-0.2777547871865838,0.012486048693015544,-0.14612331555311253,-0.5775998211366877,0.09491744111356312,-0.2185155809702468,-0.7889448783264683,0.0708558850386145,-0.28306703353971063,-0.9165722508097645,0.03905549560963353,-0.33238700772050456,-1.0,0.013840488435224011,-0.12894702743611966,-0.5468011967462061,0.01497758629354209,-0.33465268938356274,-0.6921874185023396,-0.04448001497129413,-0.4054414918348031,-0.5545237936179215,-0.07448786919739571,-0.41322685825127337,-0.4191331735101163,-0.07982985168827955,-0.12595441466428084,-0.4862686390053239,-0.06537709395316613,-0.287931075453028,-0.6299633709816096,-0.10975350411956072,-0.352870503589596,-0.5051268520191543,-0.11543057977016331,-0.37161124788395644,-0.3786220082278917,-0.1095366783096804,-0.14094139073100068,-0.39222895101778577,-0.14558083773057456,-0.27021407254336066,-0.497926437979281,-0.17189443803772686,-0.33310512120276015,-0.420588829143242,-0.17443286831787483,-0.3627716520181978,-0.33739482178157004,-0.17387931939506746
D,0.0,0.0,0.0,-0.15220899974672383,-0.0575443467819855,0.08443943155790136,-0.2723713216325995,-0.16960813485549187,0.09264703359536748,-0.36477652598894966,-0.23065872442614185,0.0696738339668392,-0.3979548793185933,-0.2876246259486131,0.04326846075970619,-0.1464992917647721,-0.567375402193184,0.10787117362895002,-0.22001257000272037,-0.7784477359924205,0.09058834856774162,-0.28076613228520775,-0.9100221194525483,0.06422938118408449,-0.32638691218821236,-1.0,0.042997258260714606,-0.1308731649203118,-0.5378891025580893,0.027658020621998996,-0.33378978077540034,-0.6858729304053357,-0.025112096072653127,-0.40078827049895405,-0.5509189797660479,-0.04964858660293839,-0.4083314728478561,-0.4150316219993809,-0.05066467902060018,-0.12753937506449162,-0.48266018779959285,-0.05281986696090205,-0.28366736395786235,-0.6329301802013076,-0.09138003881347656,-0.3493057418646755,-0.5213717437595565,-0.09462865282996764,-0.3717723516223746,-0.3979628340665835,-0.08692128061717815,-0.14256289222629756,-0.3958647317617703,-0.13236043336147238,-0.26734392090278886,-0.5050073262478542,-0.15378382669937093,-0.33329118317495754,-0.44097130474752116,-0.15536074292124089,-0.3681322289241391,-0.36401106910687314,-0.15412715662441995
D,0.0,0.0,0.0,-0.15106769536136766,-0.05811587645016674,0.07547173772024056,-0.2754686733564777,-0.17078395510044223,0.07889382227194844,-0.3728508253259667,-0.23275173297539423,0.05200715106766837,-0.4054767726161369,-0.2888763322901893,0.02104966315001465,-0.1481819253423173,-0.573778323643374,0.09825266890695321,-0.22418720316973842,-0.7831692060824299,0.07759684276345562,-0.2865060250126432,-0.9136501804271694,0.04687386501170363,-0.33406183575614,-1.0,0.022254872437926218,-0.13179860601474597,-0.5457405879378068,0.019924901042001706,-0.33790309026681925,-0.6857000536148175,-0.03565787372443162,-0.4057759509025161,-0.5586431268465741,-0.0670160420939708,-0.4141245004505926,-0.4226516139581044,-0.07404262991009859,-0.12499233802431299,-0.49035914322761204,-0.05914577664358732,-0.28068718225615713,-0.6350896432143034,-0.1008496061104431,-0.34794799742953075,-0.5311944696886158,-0.11239805717456414,-0.37451797997619657,-0.40616745314407177,-0.11114018130997767,-0.1356035089186918,-0.40249761395049943,-0.1379803958452969,-0.2576338754387099,-0.511773129470278,-0.16389384403855362,-0.32745055839262016,-0.4546212550430249,-0.17184341949285362,-0.3692673782354261,-0.37806051249681544,-0.17576513425441978
D,0.0,0.0,0.0,-0.1507960209141947,-0.06477950717895273,0.08250774949829869,-0.2701924676420258,-0.18000083934126307,0.08649031545273159,-0.3645210448095714,-0.23719540807342898,0.0576678477620483,-0.39689103130408393,-0.29618406875543024,0.024580558057329168,-0.15329458171762675,-0.5678431027891979,0.10097298168715778,-0.22503894877980765,-0.784362129530428,0.07542473370560625,-0.2836673921697367,-0.9099654440769116,0.042257068902013625,-0.3259814438676845,-1.0,0.016959106317399057,-0.12848657342882766,-0.547646605700891,0.017947749731702465,-0.3179287855431374,-0.7052948140570199,-0.04355864250965194,-0.3877688210874153,-0.5644814802087283,-0.074505650007159,-0.39515228722014734,-0.4230430499958489,-0.0794355920013791,-0.11571809446420984,-0.4992327326062489,-0.0655419661900539,-0.2655982906632712,-0.6544483718452097,-0.11176436220220975,-0.3364347398483043,-0.5411889998853509,-0.11938556566552642,-0.3581148334409373,-0.417231828185627,-0.1140524319545098,-0.1195302547552788,-0.41855607149362906,-0.1485304365757525,-0.23865923748279122,-0.5267187260989212,-0.1745705145888736,-0.3094912770851016,-0.46285124227068575,-0.1781752154169324,-0.34400340845539007,-0.38494607992657587,-0.17822157305598707
D,0.0,0.0,0.0,-0.1418681391448732,-0.07347173453852668,0.07732325773331662,-0.24812626875955535,-0.18092617004462883,0.07460603566878028,-0.33528317677702185,-0.23187214433382447,0.03881682456265094,-0.36872373326783453,-0.28683205889757246,-0.0018743754660625154,-0.14249852613130543,-0.5629825443188888,0.0953360517303756,-0.20162611254843493,-0.7692263655200197,0.06156533333716522,-0.2473692792964403,-0.8983236256849004,0.020699739405274437,-0.2764405917878166,-1.0,-0.009448215456968067,-0.110922147353031,-0.5407436816175246,0.011627298403414196,-0.2861946708525218,-0.6951679276837318,-0.054934305816605154,-0.3554611028475931,-0.5518260656996843,-0.08951270753618183,-0.3630977992463944,-0.4159805872312943,-0.0975664683006741,-0.09343656588740022,-0.48843425116239453,-0.0735751120920624,-0.23584451582283003,-0.634229984192193,-0.12509821336120847,-0.3056755540243981,-0.511351049706641,-0.13216024864771075,-0.3236411455715533,-0.3885491268658915,-0.12657383232042527,-0.09260825313961016,-0.40447770206586653,-0.15893671804593767,-0.2039803643642616,-0.5171168590450614,-0.18846526894640508,-0.26987286952681305,-0.4461624426460151,-0.1899964223445585,-0.2970193284642915,-0.36184708929529386,-0.1885532197452988
D,0.0,0.0,0.0,-0.13369368157918887,-0.07946115710028884,0.07005009953641843,-0.23004598539514404,-0.18519196232201918,0.06200612620621707,-0.30855279554293874,-0.24112182860138667,0.022052945307397567,-0.33604686740010103,-0.29936607134878246,-0.02310791288214896,-0.14174718969078337,-0.5587376577108695,0.08146165481556136,-0.18433506429288465,-0.7615681588550787,0.04329090178361613,-0.21998945509030196,-0.8907720976072246,-0.0011864673650955379,-0.2401904608709948,-1.0,-0.03321564775568593,-0.10345330898670567,-0.5461860377962813,0.0019478543132685458,-0.24289165424441125,-0.692691344932734,-0.06442888720613074,-0.31133044447631275,-0.5477311777120837,-0.09818602938240775,-0.3236322717358263,-0.40999400412519593,-0.10709703837309933,-0.0773633810776319,-0.49720284709724905,-0.07892836854239237,-0.2004856275604279,-0.6248908664258955,-0.13235532589338167,-0.2675893533575977,-0.492528844952238,-0.13755034111853479,-0.28216640729933573,-0.3699508656003457,-0.1311394661733055,-0.06597391404380833,-0.4139037343647316,-0.1604195431026346,-0.16469066633644674,-0.5145544293372608,-0.19116767494152415,-0.22492317918388868,-0.4323637094535527,-0.18916495417325782,-0.24384841259675566,-0.3417427356934129,-0.18488477263172934
D,0.0,0.0,0.0,-0.12519680276443987,-0.08094102959936296,0.061477744006382895,-0.2164373190294926,-0.18294975253401308,0.049095388148078616,-0.2913743023867376,-0.2397201084147523,0.007003747627709956,-0.3155343266051211,-0.2954614385856101,-0.040369887487966334,-0.1393462967569858,-0.5480141947898669,0.06315862562597026,-0.17336719022449715,-0.7595591334089874,0.019821669155163518,-0.205560061477435,-0.8898343278546624,-0.026522728369949424,-0.22227111526110302,-1.0,-0.05913910362369152,-0.09729028436153549,-0.535042819510566,-0.012266405468795531,-0.22162589753988024,-0.6864115500787779,-0.08328729802222479,-0.2878112635930221,-0.5407978094403986,-0.11698333735949076,-0.29933814065973513,-0.4030879858869983,-0.12532153218968378,-0.06558019045282243,-0.4867003361266263,-0.08897920741230092,-0.17802286774286255,-0.6179033150332321,-0.14670937612594354,-0.24407901985975602,-0.48342866765948406,-0.15165697419506136,-0.25681227231368486,-0.36062402663567805,-0.14440937693530556,-0.045357641456601726,-0.4061229514621338,-0.16671996456904908,-0.13840814678248778,-0.511534544706886,-0.2010806835892269,-0.1985504184259641,-0.4296126251387275,-0.1993731249715377,-0.2157885514748564,-0.3379388872039013,-0.19444247735696896
D,0.0,0.0,0.0,-0.11843273768935984,-0.08298174734364781,0.05108225913409166,-0.20422968981055015,-0.18963921004668582,0.035252889794848745,-0.2713877443629111,-0.24961811488730468,-0.008015514213427565,-0.2991173952589326,-0.30165845589473794,-0.05663480770364405,-0.13750651963557414,-0.5481069243466715,0.049423236945840596,-0.16394894181522918,-0.7566192451510755,0.001368541463053234,-0.19250726888545305,-0.8873742392790473,-0.04757106222092384,-0.20778615827642324,-1.0,-0.0816523165189464,-0.0921453928102214,-0.5359828706376523,-0.02129175344604613,-0.19532755578426714,-0.6865109465988121,-0.09611786685169466,-0.2602027214614206,-0.5457890414364224,-0.13120710091503357,-0.27563988262913525,-0.41254743797198384,-0.1408583940680513,-0.05617530007748057,-0.4863613289485759,-0.09401334228268758,-0.15040029691204504,-0.6167627526395086,-0.15692833378538082,-0.21861427106118178,-0.4908547953734691,-0.16473105977714952,-0.23609139570732093,-0.37515377046933246,-0.15910693027192163,-0.029666665117829706,-0.40527811690853693,-0.16841652337115598,-0.1114163610617742,-0.5007040916013155,-0.2070522068612897,-0.17438979695909096,-0.4237857505450938,-0.20812861829704996,-0.19602206395689897,-0.3390498001419509,-0.20485097678465713
D,0.0,0.0,0.0,-0.11209333600944361,-0.09024315429926123,0.04608415603348729,-0.193130124202613,-0.198816150711189,0.02618067659341724,-0.25716873048613653,-0.2610674941422255,-0.021267189323352757,-0.2771581319764156,-0.3069713282999321,-0.07431722828975422,-0.12087251056024993,-0.5428475546358887,0.0429610408770985,-0.15011631340863787,-0.753533391859211,-0.010077948059196725,-0.17859946046746356,-0.8863341685072247,-0.06287536031742692,-0.19295131004800084,-1.0,-0.09958549620227178,-0.07442871916416904,-0.5244370191577912,-0.02748240907328094,-0.1696036879357634,-0.6858890662466902,-0.10942175750144814,-0.23731977352843164,-0.5476181288262989,-0.14847815183923424,-0.2559529113939252,-0.41765699710697446,-0.15951981604983015,-0.038650071756318925,-0.4717338536566506,-0.10022143241409318,-0.12383707643397127,-0.6111708175299673,-0.16784031252344953,-0.1952678393663096,-0.4837299256032067,-0.1768859143066704,-0.2152012973618615,-0.3664326729926262,-0.1713194450507328,-0.012855580769994839,-0.38753040005383466,-0.17520079958918908,-0.0886578445337604,-0.49063426083595835,-0.21625239596683313,-0.15366154932579668,-0.4110287181243816,-0.2179465722124198,-0.1768751706587793,-0.3234515203120651,-0.21482201087275762
D,0.0,0.0,0.0,-0.09891502515515889,-0.0848463337685966,0.024823159885692034,-0.1784312700751553,-0.18805283166139852,-0.004379312037289303,-0.2400182276676293,-0.25447929516677303,-0.057333342763297906,-0.25200848368589907,-0.31213993494737924,-0.11542826198893785,-0.11755101058656017,-0.5205427844491827,0.024611211081826324,-0.13999826295741652,-0.7437858429525513,-0.033379490288595,-0.16658704594853616,-0.8822159549993176,-0.08932976114692338,-0.1808999760498674,-1.0,-0.12812154087488448,-0.07054558552434435,-0.5015951841058348,-0.035988644803796564,-0.1500240817267256,-0.682852344236722,-0.12524672599963382,-0.21699211149557487,-0.5430783176855374,-0.16910261463038934,-0.23644247663170148,-0.40973285262622416,-0.18189407214071102,-0.030511641757150168,-0.4542224986116819,-0.10023522091239256,-0.09987212809899489,-0.6169256376581809,-0.17580771179761878,-0.1698644166826773,-0.48645283497005104,-0.19056574966138728,-0.18808682054658188,-0.3662679865683746,-0.18686408183731887,0.0036751610054243104,-0.37809250917305115,-0.16810127725799334,-0.06258180925392517,-0.4981056084292435,-0.21620182871261612,-0.12683599197350973,-0.41835099013307175,-0.22284669336428833,-0.14870001913754707,-0.32824946337791616,-0.22194286724601076
D,0.0,0.0,0.0,-0.10539010103770301,-0.07986372273653038,0.029389622177949323,-0.187054480661404,-0.18705979995504438,0.003818422000638268,-0.25088220485025353,-0.2535845579993741,-0.0462734068770964,-0.2663675805162481,-0.30569539809669594,-0.10194884812390236,-0.10804230084678595,-0.5440491466257212,0.03197682449317948,-0.13495503905045442,-0.7550691728543983,-0.02164543589961844,-0.16710667357060321,-0.8893279923572389,-0.07672214552819344,-0.18551051768733526,-1.0,-0.11556970688282604,-0.06393942935529705,-0.5296786949067459,-0.030464371190563284,-0.1637216270776971,-0.6754575846364209,-0.11168966212172995,-0.2330461573346752,-0.5348792923090157,-0.15376282414239892,-0.2527994302580572,-0.4017337249751931,-0.16760337922740806,-0.030718768793254407,-0.47858338395527783,-0.0964540842845821,-0.12003442038924766,-0.6101691824139289,-0.16527077397872425,-0.18975273035543064,-0.48749137704505946,-0.18059052963773076,-0.21058460404925908,-0.37291987122446035,-0.17987255797862334,-0.006567047948568813,-0.3954724604210358,-0.1657429752741698,-0.08542648804579943,-0.4917428604820709,-0.20986148168946592,-0.1506963487304594,-0.4170844465221774,-0.21682494999658247,-0.1777352301833135,-0.3340826444974719,-0.21765422787511443
D,0.0,0.0,0.0,-0.12674548919951076,-0.09618046465148145,0.053802932074545055,-0.2164004696001558,-0.20009648867156235,0.03932444840464648,-0.2873170985081079,-0.2616311435374519,-0.0036647488724936505,-0.30027556003021894,-0.3135140871813917,-0.051166822970565566,-0.11258922694851059,-0.5578146917549188,0.062148192708469344,-0.14722066671785985,-0.7608396699865895,0.02277228999826931,-0.18594187298492332,-0.893412051084809,-0.02253085849848479,-0.21080454577501315,-1.0,-0.056100870022190004,-0.07488589683196527,-0.5364452801008056,-0.010594463212194398,-0.19430447399977577,-0.6841183029549693,-0.07602626812028841,-0.2703923628153676,-0.5623568143889368,-0.11105174664557148,-0.29453518760430425,-0.4438395066773424,-0.12235219269985692,-0.04905205044414577,-0.48135931971145607,-0.0853068802216084,-0.15359870861454034,-0.6185507629056592,-0.13839980542851793,-0.22604140330992367,-0.5083111833004844,-0.14742060183577438,-0.25021102219164604,-0.4012141466223651,-0.14484483255716266,-0.038462845350034885,-0.3936911437440209,-0.16147018355603596,-0.1230393721979404,-0.5086871987254993,-0.1960894986241805,-0.1905372844291743,-0.4507029856852185,-0.19945939840978286,-0.21974583931896902,-0.3791151572686012,-0.1990721938314957
D,0.0,0.0,0.0,-0.14341493144140874,-0.07938745426364967,0.0667194360585747,-0.24452126054908166,-0.19074456476191679,0.06140037259000657,-0.32545312230158985,-0.25189049391264084,0.026269843159479417,-0.3574436940519033,-0.30004701633632497,-0.01333546735168562,-0.12325745794274696,-0.5754491643307377,0.07979715727973288,-0.19125888310274702,-0.7725395546534771,0.05037434181456819,-0.24103998915879102,-0.9009945182466814,0.012856522775609986,-0.2760579365594645,-1.0,-0.016395668741957376,-0.09481439004909481,-0.5535538148230293,0.0027952499485577706,-0.2654560940477783,-0.6958674862643887,-0.0525575332643189,-0.33675389162945085,-0.560186647738125,-0.08137058065350333,-0.3493453225717195,-0.43786283517658575,-0.08959863014658531,-0.08309356744767235,-0.496577480874286,-0.07567815162718305,-0.22218915440458248,-0.6273479663510022,-0.11944591529086097,-0.29265526974406525,-0.51272164455214,-0.12629960479509209,-0.31363817987953535,-0.4088560650855989,-0.12396771543119828,-0.09127226031799428,-0.40416183903157676,-0.15462425129019633,-0.20098038574892288,-0.49841456033625176,-0.18188502971630668,-0.2662057119401886,-0.43058307374128174,-0.1849704677097186,-0.29241357934046697,-0.36216551696691324,-0.18609494901582282
D,0.0,0.0,0.0,-0.14370779882645834,-0.06544477569743204,0.07500148603675771,-0.25684616021789597,-0.18740739819860644,0.0798669699379603,-0.3494003991891061,-0.25277506829502894,0.05482511011733978,-0.3878258078313309,-0.30493616927361356,0.026073671633431453,-0.12905298537661547,-0.5796761369199916,0.09955215559134577,-0.20388997757093053,-0.7798816680455811,0.08121421396447624,-0.26236773141772474,-0.9087681500229152,0.05161020290876228,-0.30472524634331577,-1.0,0.02725259418532513,-0.10958815132756429,-0.5543864775772861,0.023507553231355633,-0.30064549400874113,-0.7073086750925023,-0.02705865916063192,-0.3679255785678836,-0.5735303176569172,-0.0549113813166051,-0.3739553203772643,-0.4382313595463509,-0.06070876742276247,-0.1047719846297248,-0.5000125017233521,-0.05319008520357946,-0.25215710601447433,-0.6433881318556064,-0.09216102121109893,-0.31974938444726947,-0.5301290834365017,-0.10100682858705984,-0.34170576307097084,-0.4145328413288256,-0.0987806575352682,-0.11769988404826195,-0.41258885826859093,-0.12952414130879955,-0.24030435480421672,-0.506465067181747,-0.1532632726667116,-0.3066063715766405,-0.4365853225856693,-0.1587942725405769,-0.337381144579567,-0.36170125686320165,-0.16116160306505004
D,0.0,0.0,0.0,-0.15139283573173926,-0.0680000946707027,0.09898452703845743,-0.26408895192201426,-0.19317794259199308,0.11587452917692619,-0.35627664315281926,-0.2564542763894409,0.09844321622762871,-0.4026021736700529,-0.3152650294453114,0.07845409253693464,-0.14403770407348626,-0.5927279635263664,0.13940192674563454,-0.21678013071398955,-0.7922399067312057,0.13332789530337175,-0.2746901157712384,-0.9134784480679182,0.11222684466103872,-0.31679484097730604,-1.0,0.09327648059423946,-0.12796476909389734,-0.5717732039044264,0.05444730672109136,-0.32493819699646725,-0.7111333653975649,0.01743422224033538,-0.39101429813856875,-0.5689688286937126,-0.002376346640524961,-0.3978747125407194,-0.43785255847923105,-0.003319393501109016,-0.12903323549065013,-0.5205543988958435,-0.030636126286435587,-0.2876024735304276,-0.6619358776340675,-0.05688958934213638,-0.35225125325229817,-0.5440556328614297,-0.05510641935649128,-0.36975493064358694,-0.43022388713576654,-0.04719279775040281,-0.15042937282823768,-0.4342993352175782,-0.11423411592683562,-0.2819368927609237,-0.5327403894051754,-0.12632372523774113,-0.3444425958678752,-0.4583384328214669,-0.12215150324164567,-0.369921302534822,-0.38013135629814654,-0.11844183943644054
D,0.0,0.0,0.0,-0.1526552880502931,-0.05859200816889878,0.1073608824353695,-0.2699797577291452,-0.18295303905466767,0.1301910744900154,-0.3664996392559241,-0.24387681745255507,0.11623811311302842,-0.41070803025959607,-0.31419261213986244,0.09877912750434857,-0.14670801413373835,-0.5876953658460381,0.15842555259606797,-0.21904083686290443,-0.7948662756050184,0.15579883754990842,-0.28055212921073863,-0.915222478524173,0.13452963212131122,-0.32606549085167136,-1.0,0.11503520691671079,-0.1329509297348866,-0.5716832530232023,0.0696880351977793,-0.3347761176623208,-0.7119530184654029,0.03339957529710019,-0.40894944788374754,-0.5743443075074363,0.008908942391200478,-0.4210555756088915,-0.4447350298407557,0.005188613879402612,-0.1349334023673623,-0.5282753236797998,-0.01912824423713032,-0.2966403359246531,-0.6721811820743238,-0.045134465362666236,-0.3665826442288795,-0.5558845198533066,-0.04732925578914766,-0.38691691886116314,-0.43814243365397393,-0.041774824684211086,-0.15696607537081914,-0.45120221868765176,-0.10601447807473746,-0.28649105223669247,-0.5525942689565576,-0.1197095967056176,-0.35599227513823245,-0.4848247759981582,-0.11853678251163763,-0.38806171077784657,-0.40829231918198133,-0.11653027407227079
D,0.0,0.0,0.0,-0.16304810032311323,-0.053088158661122015,0.13786859024480344,-0.2745138588438474,-0.17729176244916914,0.175841119733925,-0.36658790060567237,-0.23959929534990143,0.17056585642641384,-0.41778068033189464,-0.3095071765095709,0.16193193099819694,-0.15446931708220074,-0.5908267796998282,0.206743143908745,-0.21968397748515245,-0.7868830076104065,0.21620714472767422,-0.2740717939865055,-0.9068270379336161,0.20118491129788368,-0.3144432939645699,-1.0,0.18542405433265144,-0.13959062811088788,-0.58470307216172,0.10536342111058929,-0.33573595381181964,-0.7049845897917045,0.08284888565141643,-0.4127797190887201,-0.5644870760052659,0.06533962722109979,-0.4328979858834574,-0.44061361198803994,0.06560871735004191,-0.14241065521116855,-0.5449255098958112,0.004643266451645136,-0.31174532156348433,-0.670020305593294,-0.012320246556436083,-0.38393814373421037,-0.5409263102778831,-0.00490736077958931,-0.40488282998550823,-0.41742307647037213,0.0068132626080099744,-0.17060521938993337,-0.4653987768136019,-0.09219105319996396,-0.3065974809365326,-0.5645659728476445,-0.09878138277261914,-0.37860304794338545,-0.4858775722171832,-0.08803715406593883,-0.41085395131579744,-0.3992131716352298,-0.07902545471997655
D,0.0,0.0,0.0,-0.17089846662141775,-0.04837942191645998,0.16887490639071345,-0.2737660553593771,-0.17692588334885465,0.22324914242306268,-0.3600800782919256,-0.24566417369644128,0.22974581916824052,-0.42348102863308307,-0.3122241530134016,0.23295300298604485,-0.16021215810597234,-0.6048446481992729,0.24412926026616522,-0.22091936225582107,-0.7899295312743226,0.2676188889973272,-0.2721529038225813,-0.9061407197201283,0.2631402568345442,-0.3096780816708974,-1.0,0.25464727652637886,-0.1427777510647214,-0.6088173869941406,0.13270542110818864,-0.33583215348025386,-0.7246810758319623,0.12688253761337132,-0.4100726517451814,-0.5770832034341608,0.12245870387727327,-0.4290854674964804,-0.4476887887395003,0.13093742500166813,-0.1472988843343524,-0.5693068741857373,0.023660720965892876,-0.32212072212002296,-0.685979921071717,0.019884469532127042,-0.3947291636138875,-0.5512140656084397,0.039082309116862515,-0.41368669047251816,-0.4229065235328789,0.05771930753781174,-0.1799869618090012,-0.4856305238062557,-0.0790323911866628,-0.32198367700671215,-0.5762639290555758,-0.07576290927140991,-0.39327866843229664,-0.4938141360072516,-0.0561710003335716,-0.4209450163020192,-0.40195567157741424,-0.04081868381457741
D,0.0,0.0,0.0,-0.17713301855333605,-0.04084920571149325,0.18291056805845585,-0.28550781105894135,-0.1669438552817697,0.2458873052232224,-0.37704936022095387,-0.22987155471589196,0.2570386873147515,-0.43938745178437777,-0.3103895952945148,0.2644736519494693,-0.17162281643125307,-0.5881568447900416,0.27772833215596415,-0.23393968297765907,-0.7702061981525716,0.3091942394001852,-0.2816566977670921,-0.8917004335751181,0.3075599852837411,-0.31482028150003694,-1.0,0.3000065323524905,-0.15282597023776134,-0.6002652838351498,0.15946426998658983,-0.34191004505695705,-0.7189576004295251,0.16112584950759606,-0.4225043946253348,-0.5810780850327605,0.15623943908463994,-0.4468148360558749,-0.4643986797461863,0.1640090587070671,-0.15611794149966585,-0.5724215990104811,0.042861859532157154,-0.33334365706610053,-0.6893102223219462,0.04192332483513814,-0.411194637087945,-0.5429737649404447,0.06108836461146977,-0.43174420764592975,-0.41066220681411125,0.080332434186498,-0.18890431191996235,-0.5012013431826076,-0.0664393887226447,-0.33378079134516,-0.5927844038574952,-0.06085145629270296,-0.4069482619995886,-0.4948674804511457,-0.03884850449926482,-0.43242441890559913,-0.39347210884766276,-0.021678413277173826
D,0.0,0.0,0.0,-0.17808105830999363,-0.04273641168385275,0.1768229376281906,-0.290317084672851,-0.16838915695216844,0.2385151294145272,-0.38321984575658063,-0.22603001478022325,0.24943743403665386,-0.443657156331054,-0.3110538241671028,0.25592673203355976,-0.17377322709209173,-0.5885542411189262,0.27616325514419293,-0.238633965183085,-0.7715600036806781,0.30853230351635547,-0.2903311028807058,-0.8935520557162657,0.30687481218607787,-0.3281813424123395,-1.0,0.29933544258847955,-0.15624363789028128,-0.5953893754924345,0.16060778904956496,-0.3497994317953083,-0.7107211253673489,0.1618951817204146,-0.4277747424963049,-0.5681246082090625,0.15558506517519113,-0.4479611055837038,-0.44646094167850425,0.1628895579029762,-0.15897805108091165,-0.570027058735572,0.045943031794603253,-0.3347011030532376,-0.6984556967121192,0.04537710506166521,-0.41073111783346083,-0.5599586786365388,0.06184481501847475,-0.430116645867001,-0.43129503798574886,0.07908333770065394,-0.19054619251097016,-0.509545177448945,-0.062141704497746114,-0.33173635992431605,-0.6150827289928169,-0.05639115257574199,-0.4040410539391883,-0.5322806977185547,-0.03723509182154802,-0.4303753716622288,-0.4426246973504868,-0.022485984943136927
D,0.0,0.0,0.0,-0.16353655675396672,-0.04866931672688515,0.1604733153926278,-0.26982846111047804,-0.17115317839642308,0.21161680743909547,-0.35625108091621477,-0.22356953726730974,0.21667578021676526,-0.4148527607773212,-0.28782549822696224,0.21731006855493618,-0.15989891338593235,-0.5794906789829668,0.23579294818276583,-0.22584854436616414,-0.7676770188833549,0.25575266101097893,-0.27331769216846874,-0.8946298071444372,0.24699863061796112,-0.30812145141072134,-1.0,0.23529366544189748,-0.14394090321023736,-0.5796455935486898,0.1279268862705664,-0.3441092244887015,-0.6899563611500278,0.11889830315900243,-0.4142395377365447,-0.5492826068012254,0.10938412053276148,-0.42882677856802903,-0.42864947479202836,0.1134522534469116,-0.14553160967696527,-0.5463844106744247,0.021766170787824186,-0.31928977939254183,-0.6670462330488875,0.016671446077911933,-0.3865023227129824,-0.5422463617533299,0.03076802217106177,-0.40298969694125847,-0.42226224870792806,0.04500723102418453,-0.17522653992854223,-0.47552517445484954,-0.07889441565530789,-0.31071095797665893,-0.5772256148653631,-0.076806278249909,-0.37719732670147943,-0.5085729224622768,-0.06179385190303713,-0.40383318027336285,-0.427664483606942,-0.0510050009253526
D,0.0,0.0,0.0,-0.15687650794788957,-0.053804377414210465,0.1362021125587288,-0.2643239281204313,-0.17320184890843496,0.17199475370663483,-0.3509763734359501,-0.2306831958337151,0.16591258656393132,-0.4034018374888626,-0.29586306073751845,0.15562863093029777,-0.15271712789788247,-0.5750077347684814,0.19303514977989536,-0.22194987870024022,-0.7712553429656098,0.19912959960216167,-0.26959485747444206,-0.8982402239829609,0.18471370076894983,-0.3039845012501776,-1.0,0.17045862204693277,-0.13474736851889474,-0.570096256372055,0.09305172309819736,-0.331630555588752,-0.6952558980099404,0.06998542351766746,-0.40194238958535,-0.5582858956330758,0.05821371172377215,-0.4160849987982892,-0.4361298007019053,0.06215302018235561,-0.13392449538104856,-0.5323609434691333,-0.006235045870741412,-0.30029730723828263,-0.6746711229555978,-0.023935851394594376,-0.36638310275092184,-0.5542448276640468,-0.012008767853783346,-0.3821002186980891,-0.43506333215154036,0.002756744641436367,-0.15954032237718316,-0.4561710173909464,-0.10163688939720494,-0.2899493156887662,-0.5701090038016553,-0.10847942079770927,-0.35505515255088016,-0.5010847929804154,-0.09582269214666617,-0.380505860497973,-0.41814324392870467,-0.08563005159629589
D,0.0,0.0,0.0,-0.1464754445619027,-0.061568106310565904,0.10930970669358726,-0.252166312408109,-0.18229386237792305,0.12898650849816878,-0.33862783260149637,-0.23938572202683617,0.10990849643757142,-0.3894406049292368,-0.3054841199449625,0.08592876368203399,-0.15063326775620065,-0.558420832663726,0.1534234147264201,-0.21660265934911957,-0.7669939200735011,0.13963855947138706,-0.2635015902335586,-0.894731585646234,0.1122674738812117,-0.29481764832511986,-1.0,0.09084380073984792,-0.12710942555549046,-0.5494984148331551,0.06014921892755719,-0.3118427156961723,-0.7050315195061331,0.01341415644393469,-0.37827304831813036,-0.5682824763030451,-0.011786675622503698,-0.38572059776308487,-0.4383359509188745,-0.013880622936086636,-0.11810093855024692,-0.5131831342872699,-0.03410034767354967,-0.27132394657501196,-0.67227794380287,-0.0699219200060191,-0.339682358625372,-0.5582256992292229,-0.06982226651726844,-0.3563332686786024,-0.4367361685537144,-0.060146751528045606,-0.12892006115913157,-0.4455977858201392,-0.1265265306894837,-0.24450076435922896,-0.5688205223210173,-0.14485184345836868,-0.31334506125981626,-0.5142194071503282,-0.14164282735830133,-0.3454430821624786,-0.43898488001697217,-0.1371917843493074
D,0.0,0.0,0.0,-0.1435475859678484,-0.0639582730294024,0.10289359751786573,-0.2489971385594449,-0.17903748792507582,0.1155380512614772,-0.33633280409429,-0.23314854773343788,0.08957792676545276,-0.3826342166483482,-0.299082005602817,0.05825252781987651,-0.15258345302766407,-0.5598650009774784,0.13924907839152514,-0.21532986174097635,-0.7734521063026601,0.11713905537576047,-0.2629000385510143,-0.8980060747211055,0.08408072863072676,-0.29337791713332884,-1.0,0.05916708260916794,-0.12599865267206556,-0.5482344444569148,0.04573494071402931,-0.3015914756581796,-0.7123303474785366,-0.011113692574862905,-0.3675097950114413,-0.5640267878652787,-0.041209207394687156,-0.3725634493056772,-0.4284467595353728,-0.045171713988424456,-0.1114352696626486,-0.5101264927425171,-0.04872597003867598,-0.25827965902841526,-0.6735005756551258,-0.09285598839151668,-0.3255389115981131,-0.5449837091295954,-0.09480143453011189,-0.33808991599950616,-0.41755309638771515,-0.08521479791165966,-0.11343237925010577,-0.4410151862807459,-0.14174899092565207,-0.22686776010254517,-0.5681481183737997,-0.16557569393693783,-0.2953053373448661,-0.49807303655403523,-0.16292136394286535,-0.3219291585308018,-0.4132661557330474,-0.15804323813292212
D,0.0,0.0,0.0,-0.14260934177760307,-0.06788392955866505,0.09379821893346404,-0.24691077173437478,-0.18027538928482056,0.1002320473254253,-0.3322428826201713,-0.23979855009821727,0.06942947092730384,-0.3723401581951511,-0.32138700357687583,0.03379649110430127,-0.16048671117349145,-0.5591673116611655,0.12581117677595346,-0.21425703246804434,-0.7774843045460341,0.09871586111573394,-0.25878334374671,-0.8999314621703453,0.06368376112165924,-0.2867473601957891,-1.0,0.03834301208200888,-0.1268269921071719,-0.5505279343899075,0.03607506064625906,-0.2767567348800152,-0.7274862091094209,-0.025277291119191844,-0.3455883169849492,-0.5802184243229674,-0.055933912988499646,-0.35626365929053955,-0.4426514802425356,-0.05928095994974231,-0.10430817528543321,-0.5152177921137321,-0.05515970466524022,-0.23569051268201144,-0.687811177882517,-0.10443241688121559,-0.30522069921812384,-0.5617850943578897,-0.10713332583409194,-0.317698631412493,-0.4364514651118375,-0.09652233693981266,-0.09507858175629312,-0.4471519370732257,-0.14536770034637822,-0.2047970396736425,-0.576502012753168,-0.17266465669537254,-0.27345562393761075,-0.5033566607078521,-0.16970520987580823,-0.2941871931867419,-0.41441103757968084,-0.16332040911165507
D,0.0,0.0,0.0,-0.13764566948231288,-0.07800185498356103,0.08014217509231432,-0.24032165843496622,-0.18189946977652582,0.07953961928752443,-0.3234856811924635,-0.2352708343699231,0.0449810773748012,-0.34863292733192935,-0.3093961667660588,0.005811414600815322,-0.15970013706318545,-0.5531213670746399,0.10166571426318229,-0.20512994777033566,-0.7722752324464244,0.06796052673743734,-0.2472194472106922,-0.8981247787010922,0.02848267894297283,-0.2742720247748297,-1.0,0.0006745705729674977,-0.11960365057504688,-0.542445385220641,0.01896848759900628,-0.25311685154169955,-0.7182022841760937,-0.048126307486831894,-0.3240092726830436,-0.578785763333097,-0.08159238374044604,-0.3399318174244491,-0.44162990100466337,-0.08697193137343588,-0.08946368417140069,-0.5043411886736237,-0.06517810107689156,-0.20864391315690242,-0.667571526008911,-0.11866385752823742,-0.28222764451332183,-0.5471817651868974,-0.12467673001780323,-0.30074593054847426,-0.42438792674004616,-0.11606190491188703,-0.07232187980781839,-0.43249761357041877,-0.1490576254749339,-0.17439474604925376,-0.556088998985221,-0.17962288672414853,-0.24586938830829272,-0.4864898475110442,-0.179199103629055,-0.27059518470665894,-0.3988072683122443,-0.17433410984793637
D,0.0,0.0,0.0,-0.13645013075044232,-0.0781900530785786,0.07946467545820189,-0.2385202847267074,-0.19349487622361586,0.08100108190904792,-0.32229536977234907,-0.2546364864210985,0.049589168280865153,-0.3524456801863115,-0.30980346935727165,0.01347448965523586,-0.11874175577963239,-0.554203973845704,0.10362594437388836,-0.1804152299545792,-0.7709316416070418,0.076893706461204,-0.22806761260000882,-0.9017625538306829,0.04128562272701133,-0.260464111475534,-1.0,0.013872527838138688,-0.09523981082735682,-0.536092657673673,0.021104630861834707,-0.26438964894084777,-0.7018771576978665,-0.03873106918949773,-0.33434744694771873,-0.5714639789368716,-0.0712143370051659,-0.34484035402549373,-0.4436474008747552,-0.07851080896534961,-0.08494229308716206,-0.49044301573844024,-0.06252033738411077,-0.22106055123460816,-0.6505413047274227,-0.10959664773522251,-0.28881029194270125,-0.532469934235578,-0.11711685264946159,-0.30795121525330665,-0.4121456694569912,-0.1121519040634177,-0.09237234738593786,-0.41398806205333943,-0.14580219501733843,-0.19651617918385636,-0.5397458202986117,-0.17370897957679463,-0.2612159528162362,-0.4740546364338264,-0.17600419616705873,-0.29060061577883295,-0.39500676367935744,-0.17506590658901555
D,0.0,0.0,0.0,-0.1365374494637309,-0.0791378716617547,0.07732588405584676,-0.2380170567684788,-0.19951625645892943,0.0791070835373172,-0.32031682607840134,-0.26896552771155563,0.05014462551074609,-0.35118305151044277,-0.3200292968279438,0.01726390796255738,-0.10276411584788488,-0.5580064189783035,0.09503994004470942,-0.1716494178819827,-0.771093250765705,0.07112343554229576,-0.221332307310682,-0.9062043412824345,0.03868114997650836,-0.25941686348492715,-1.0,0.012654393815372372,-0.08648095683080984,-0.5311531276099831,0.01508408941523093,-0.26678952007368034,-0.6900519829914171,-0.03955488001947244,-0.33994630807095794,-0.5791117656428024,-0.06890786808271805,-0.35772467199651903,-0.4604402062263284,-0.07634130532526764,-0.086008342176706,-0.47706066424933513,-0.06535629437163094,-0.22803828680356253,-0.6373627098984981,-0.10895652676470535,-0.29917656137591064,-0.5338570642986297,-0.11615833084573289,-0.3265047776654988,-0.41900035003847913,-0.1126702069721119,-0.10609261676238764,-0.39451165011624273,-0.1451321586871321,-0.21903022509329023,-0.5118216040739383,-0.1719039801341079,-0.28433566914545133,-0.4469961675308056,-0.17449606688820432,-0.3182179153561676,-0.36900999705407933,-0.17473395839845435
D,0.0,0.0,0.0,-0.1371021089447214,-0.07444075421061298,0.0767341697019484,-0.24444901453448054,-0.18674945665652973,0.07868769530246164,-0.32743814493213075,-0.25540087850491555,0.050832550056725545,-0.3503443168083584,-0.3010529350795936,0.019614709123643735,-0.11082116091370524,-0.5638990368421376,0.09527230247247742,-0.1756299265589568,-0.7706134708186466,0.07333745312944304,-0.22757158093306815,-0.9082111991954213,0.04374976644373231,-0.26832155548252523,-1.0,0.020023843682201503,-0.10119709788654592,-0.5306448450181501,0.016761910366723407,-0.2991032526818723,-0.6739594827356499,-0.03801110196295439,-0.3690101890992421,-0.5551111864189071,-0.06454829767523822,-0.3805894004125379,-0.42728503173289845,-0.06856677186565474,-0.10516150675413,-0.4696529092532708,-0.06191873989294046,-0.2570056633436343,-0.6209880549841045,-0.10517411542338785,-0.3228416060693225,-0.5098564316084129,-0.1091063097111245,-0.34698416190508075,-0.3860565186526858,-0.10211959762748002,-0.1287873994874363,-0.3808594153002515,-0.13994443366790846,-0.25041311867878546,-0.4950645077318408,-0.1651285401625454,-0.3088017884386895,-0.4207884134097373,-0.1651799365945501,-0.3375757281759032,-0.33292521366499433,-0.16305367183921352
D,0.0,0.0,0.0,-0.13665899967270603,-0.06878032360148224,0.07234794609165589,-0.24623820304458247,-0.17591167329141466,0.07169525191289745,-0.3317367923751385,-0.23902445777194603,0.042033133483337766,-0.35802215569615087,-0.28643673783556284,0.00884812339648268,-0.11737210497759441,-0.5623266857016048,0.09127094785751767,-0.18211260126936943,-0.7667902011833718,0.06705035632136483,-0.23412338261765384,-0.9055408733931767,0.03488040047638492,-0.2740107268228345,-1.0,0.00943420466475877,-0.10642986423869265,-0.5279477538834197,0.014474675729684597,-0.30429551776788066,-0.6686126084028804,-0.042402271374484296,-0.37311129703755885,-0.543596134230357,-0.07086283022785646,-0.38303888413243015,-0.4113435254489062,-0.07613467579285384,-0.10899213661083082,-0.4640091772264994,-0.06310684983837242,-0.2619326333828818,-0.6085712594658512,-0.10818062287802357,-0.3269166578498355,-0.49658629718941083,-0.11440333984729001,-0.3502100430510916,-0.37418640895245736,-0.10891636330750049,-0.13028262970312024,-0.3720062385025108,-0.14030151597099103,-0.25151332843546004,-0.4793107700617988,-0.16758872263360547,-0.30898880293047454,-0.40636489984903795,-0.16974125955729372,-0.33763387516468873,-0.3223896329321287,-0.16906761951877558
D,0.0,0.0,0.0,-0.13885974347347738,-0.07119360874725682,0.07514769880593578,-0.24735670121936215,-0.17797728473694138,0.07186173629250545,-0.33410590653079925,-0.23101593595155828,0.03809474727974122,-0.36514006202847404,-0.27743433054591854,-4.511492318876751e-05,-0.13046659613183217,-0.5536145294728986,0.08182927613531353,-0.19262600485776452,-0.7646556037113977,0.05039478309271963,-0.2431568322126262,-0.9013590258225451,0.014773675616730179,-0.28011907732937774,-1.0,-0.01233371183802852,-0.11223533326537619,-0.5204996256498402,0.0002448040490250585,-0.30454806152231045,-0.6723109912487595,-0.06609969861098955,-0.36747506382699513,-0.5374385310007628,-0.09488660893625823,-0.37083894272735474,-0.40021810729965235,-0.09875789633758855,-0.10717135395246984,-0.45693127774672837,-0.08173602175133629,-0.2574758722827392,-0.6045030106188904,-0.13336860805398698,-0.31749946395869144,-0.48604271458348713,-0.1369919580426803,-0.33397292141927337,-0.3607780624948007,-0.12858272763103573,-0.1185420203660547,-0.36617714085525244,-0.16329275711037852,-0.23306431675530387,-0.476553172368623,-0.1942993233234898,-0.290085051887627,-0.41172761719972023,-0.1958236175650587,-0.3178943184307991,-0.3345546580525121,-0.1938984274022076
D,0.0,0.0,0.0,-0.13019079141997278,-0.07671626434099912,0.0610193499744279,-0.23645445717450408,-0.18617008230414045,0.05310953517312695,-0.3215469338899206,-0.24134786088265672,0.01711637362381002,-0.34946421006829054,-0.2926408634410162,-0.022874834901637463,-0.12274917206837109,-0.5614424132939007,0.07147310336541239,-0.1806924254816114,-0.7743100923026053,0.03777061045623763,-0.23005053433649042,-0.904188393847462,0.00035204758993683454,-0.26392994776392603,-1.0,-0.027103558905856077,-0.0972600512277491,-0.5305149996654057,-0.0014725799844828602,-0.27485664678379185,-0.6954792222999073,-0.06812374779190537,-0.34284651024206764,-0.5561617280447854,-0.09872091987965567,-0.3478154626167333,-0.42151704750360863,-0.10351987829215867,-0.08631291318988878,-0.4745422189869696,-0.07580218060824763,-0.22611958127567935,-0.6384764665146812,-0.1272134597894878,-0.29081997403790516,-0.5193539332392029,-0.13304604583699658,-0.3058546128744012,-0.4006306421152173,-0.1259552679067757,-0.09020450221604374,-0.3927787284023925,-0.150987595620237,-0.20001834969615506,-0.5117474391424455,-0.1798805037200533,-0.2590922593048251,-0.44204720837836226,-0.18132582616751516,-0.2827659411471346,-0.36350339302838724,-0.17940684840304716
D,0.0,0.0,0.0,-0.1322562055393144,-0.08268250705577034,0.07680573628943425,-0.2292807663861468,-0.18737979526017107,0.07261880056635486,-0.3086626739055876,-0.2382888211244592,0.036089029745707914,-0.33735502520945665,-0.2998717556871959,-0.004921682316937372,-0.1360758484617293,-0.5626905485730196,0.08658058352782635,-0.18165289731822398,-0.7755469437179341,0.052250425777211375,-0.22299982812617872,-0.90045130488005,0.01263919454237185,-0.250604630327408,-1.0,-0.016148355707389588,-0.09900585382014844,-0.5467499904730574,0.005196584771578423,-0.24098514030270013,-0.7006356220549109,-0.059266364584166946,-0.31290601301730325,-0.56313609840204,-0.089496865071402,-0.3294800933562602,-0.4331980896341421,-0.09514963756723543,-0.07566165588372309,-0.49931320465350315,-0.07677341938236297,-0.2013894559688045,-0.6450474286198687,-0.1284912729505335,-0.2725349522136337,-0.5229957062653063,-0.13113650632951837,-0.2910382189828025,-0.40527100457526555,-0.12238693309766059,-0.0674631968375217,-0.4205237563062527,-0.1584459149824709,-0.17072452203912347,-0.5304684067141225,-0.18764370947582032,-0.23582783687074543,-0.4568068643760008,-0.18426609724649243,-0.2577099407618599,-0.37082002477782783,-0.17846765002147694
D,0.0,0.0,0.0,-0.12042871499082718,-0.08484022261673428,0.05521163916998785,-0.2117203105671344,-0.1941435021148096,0.04324317913840768,-0.286480928442152,-0.26079873876854626,0.002457145073011466,-0.3061563428238449,-0.34910855158382326,-0.042694272636402755,-0.13647219389581755,-0.5405657177389686,0.0698947095898757,-0.16916702057525784,-0.7682027328327584,0.02704330835490961,-0.20694810012814782,-0.8970454702580981,-0.016728313891084843,-0.23108152819375755,-1.0,-0.0468352298115085,-0.09245023469077854,-0.5253086566452922,-0.0012643744200538291,-0.19429396470625998,-0.7296030596220751,-0.07904258662976327,-0.26745998775311663,-0.5964950549504816,-0.11648444055419802,-0.2892688845212728,-0.46138991014837,-0.12289235297293279,-0.05706868625015741,-0.48663136016948105,-0.07498922086646885,-0.14973790188172376,-0.682389364470705,-0.14053991742339095,-0.22557706647637907,-0.5675178888447189,-0.15159007339522804,-0.2475395122481179,-0.4476067651684811,-0.14397080208478683,-0.032263500583949174,-0.4170119333038684,-0.1496857281744755,-0.11556344922605129,-0.560308956027269,-0.19081669336036394,-0.18707361216392057,-0.4974842654709494,-0.19554773877753573,-0.21304330112765155,-0.4136299972098834,-0.19240912770003224
D,0.0,0.0,0.0,-0.11555921315409091,-0.07907994314644914,0.043188339617850964,-0.2070768502650503,-0.193950342070874,0.027959433705805156,-0.27731434798533144,-0.26769747640773583,-0.014076243611858785,-0.28907709443989754,-0.35226728403714475,-0.06045682722742508,-0.147680715763898,-0.5331018194040626,0.05900258454481706,-0.17222918070295226,-0.7619913212421566,0.014797088236831187,-0.20571112909765335,-0.8923143705941136,-0.030684454801246524,-0.22555726879882554,-1.0,-0.06160639901709106,-0.10392970778902691,-0.5246323435208505,-0.0052482301249666035,-0.18660881832939186,-0.7344278998400805,-0.08144123903734853,-0.2592806789869457,-0.6119694660860732,-0.1212893494706986,-0.2838283902999281,-0.4805369284311465,-0.13074454941523173,-0.06337226565620482,-0.49263775154154216,-0.07251611612093621,-0.14162442592533978,-0.6880098091969511,-0.13601731306754483,-0.21651104288283074,-0.5797888038296263,-0.15064430019108976,-0.2402312727689277,-0.46131697663307003,-0.14647538206653346,-0.026803314146013543,-0.4335741922258949,-0.14180892000934528,-0.09993684613517942,-0.5797141948485136,-0.18158812075875105,-0.17302305040703345,-0.5273004059030023,-0.18906373341906615,-0.20490761297985255,-0.44824261936306536,-0.18877443521073678
D,0.0,0.0,0.0,-0.13018575534167368,-0.07836070834214273,0.08032563257007344,-0.2231023410546874,-0.1993576974731821,0.08606656752817783,-0.29962269706939565,-0.264850648632442,0.057451035472923274,-0.33907981098366313,-0.33935185809965307,0.024108115781160514,-0.13894595809032065,-0.5557022182264856,0.11951893754053135,-0.179696616769227,-0.7775412895761613,0.0948982094210631,-0.22330327034193037,-0.9008385406078875,0.05801244950242875,-0.2530915012980789,-1.0,0.030492917894016938,-0.10693579480992653,-0.5493950807455119,0.03925711254137212,-0.22596861804420687,-0.7310511507842918,-0.016201130163141803,-0.3031657358870917,-0.6074929915736084,-0.053395182254595046,-0.330431997253538,-0.4764915947080624,-0.06426785585010897,-0.08326741010502947,-0.5174587486246804,-0.04283247100304764,-0.19271317872631538,-0.6827423663115131,-0.08731939514053154,-0.2699701326540295,-0.5787696001557167,-0.10133086588936158,-0.2972773795964806,-0.462241681088377,-0.10089801822082321,-0.07029797442000234,-0.45750713302539886,-0.12472023271719296,-0.1619891342525384,-0.5843692009247888,-0.15176767823404572,-0.23734475731290852,-0.534910464010273,-0.15790644639756415,-0.2740775442813804,-0.459300073467002,-0.15923853117030165
D,0.0,0.0,0.0,-0.14260117820846888,-0.07687982864470784,0.09561337588765025,-0.23907689600832802,-0.20467902030248933,0.10924767403886268,-0.3235010424104872,-0.27082772312094433,0.0856065201562529,-0.3689945125981761,-0.34404321377246083,0.05741115798059251,-0.11923313017459189,-0.575958143486803,0.14319418898420647,-0.184759406471572,-0.78040494930617,0.1296206137739967,-0.2325006080482199,-0.9027610858833967,0.09949703210828977,-0.26551986992844717,-1.0,0.07466979116810998,-0.09464630000447398,-0.5701231732433367,0.05563500786221552,-0.26423361785775884,-0.7214218155451908,0.013437567817276615,-0.3396296319829499,-0.5950738170211447,-0.016145505161807246,-0.35801132433721106,-0.47583970427469197,-0.024686209126399548,-0.08763099893692275,-0.5363158232258896,-0.033618163994384796,-0.23264353950158323,-0.6828043832399704,-0.06862721986794064,-0.3073575177457391,-0.5724430909116753,-0.07544712014475734,-0.3295071766721195,-0.4587160314263164,-0.07290689348901075,-0.10265216451737806,-0.46937510198277105,-0.12190370727048506,-0.2161278166159321,-0.5846375282579479,-0.14342408623666095,-0.28621807370192925,-0.526795029417874,-0.14499421969415643,-0.317553862460508,-0.45085008514640224,-0.1447228005937848
D,0.0,0.0,0.0,-0.13620732583085354,-0.06872971961495086,0.09142595532432593,-0.22897957550670672,-0.20422064201606988,0.11204069769593623,-0.30835717077978964,-0.2976975664192843,0.10547753613312057,-0.3533468655965724,-0.33060866249807547,0.09746542586093251,-0.10258994753757382,-0.5782278252211396,0.11477056805745771,-0.16119559415165224,-0.7836704551367608,0.11919699224044641,-0.2088091247161148,-0.9147707348276137,0.11002924012305842,-0.2435895497142781,-1.0,0.1002993512456667,-0.09333999031459238,-0.5687790158868549,0.045940663295711705,-0.2740416667807784,-0.7052086512337583,0.031124381883180615,-0.3516234607864232,-0.5774441454782995,0.03002808682546528,-0.37099469279194436,-0.4373449742391257,0.037803712298706514,-0.10445427538588324,-0.5146648669161408,-0.020676477759259473,-0.25971836111090935,-0.6432563950303166,-0.028673529002734118,-0.3256195582839706,-0.5332862954816157,-0.015655346596764076,-0.34419877542821375,-0.41383755878193434,-0.002758993668023743,-0.13753124032158792,-0.42756907104271497,-0.08539996548895301,-0.2699046498172644,-0.5327357013722344,-0.085878073836205,-0.3260821573572721,-0.4664940741475466,-0.0747412392927117,-0.3459067602692529,-0.3857436848677473,-0.06638960690144123
D,0.0,0.0,0.0,-0.029591850477471076,-0.21983306095431698,0.171201289569069,-0.08360919017719629,-0.3989234973831496,0.22112820531025942,-0.15706190471994122,-0.4894229427874375,0.23848590383199708,-0.22592455203780462,-0.4981397363934225,0.25172176710055744,-0.08295873944243802,-0.5635450629176406,0.11117684806244196,-0.15962862455441548,-0.7693355708927286,0.13044327115370907,-0.21071178631030657,-0.9009733649402731,0.1465981955939576,-0.24639756650728517,-1.0,0.15694244620194003,-0.11658082390758943,-0.5270247149664026,0.022447034911288046,-0.2855596777741549,-0.6601127215161355,0.04083700736744844,-0.33054552897423817,-0.5512783911963466,0.08400655622477288,-0.326989831386609,-0.4505049722402857,0.11725200998371692,-0.16136798169559805,-0.45100378415344383,-0.051426822372970395,-0.3112503757023618,-0.5778517645166599,-0.01892010386145618,-0.3495965415263966,-0.46701941536694297,0.039428514939440995,-0.34233528108300715,-0.3667107782668536,0.0742824812395973,-0.21105973533150735,-0.3492769693606999,-0.11576703304784462,-0.33002327290116157,-0.46800273991841546,-0.07809875954173504,-0.3652881666905265,-0.39435659720045696,-0.030442830522005197,-0.36865220965641116,-0.31778065499879093,0.0005757660525432398
D,0.0,0.0,0.0,-0.1101166104801886,-0.1115321301481089,0.13857469775231968,-0.18649606592616022,-0.24719293483539193,0.1747216396359788,-0.2644905707066072,-0.32634181752769886,0.1800119864686304,-0.32807374616475876,-0.3375047927471161,0.18353740017544468,-0.0966129324276783,-0.5650927273078417,0.1211275816016204,-0.16727515330251097,-0.7653068613215387,0.13714198012987622,-0.21614639700348184,-0.9008373734148454,0.14480368278414396,-0.2492004759993083,-1.0,0.14828721474086545,-0.10599433313484259,-0.5485980522453822,0.040062125324024714,-0.2754990426193698,-0.6763649401497268,0.05272577165326603,-0.3325654734198934,-0.5628300553234264,0.08462874257486434,-0.33463173251915584,-0.4477543673481973,0.1107905534538006,-0.13547969742508775,-0.4848377211585989,-0.033078869017180365,-0.28430456230565687,-0.617743291086289,-0.011930318408191889,-0.33618901008406793,-0.5124375996709124,0.03302417202643382,-0.3379211056915601,-0.4040559789523752,0.061503657733013445,-0.1846783701437276,-0.38968049261620574,-0.10021822596284145,-0.3071827396207979,-0.5138126568374142,-0.0740175457586945,-0.3483503015179894,-0.43552044377624116,-0.03799186267291616,-0.352495119871691,-0.3445424851534066,-0.014983321453509947
D,0.0,0.0,0.0,-0.12699217429153148,-0.06880341841910258,0.0880404574904261,-0.22071176671079232,-0.2097587987510522,0.10399328043804368,-0.2979793965876961,-0.3075503652956539,0.09330243734655609,-0.3382178437304402,-0.3192412650992468,0.08288496739891334,-0.10306348788103341,-0.5843147693835119,0.10599347114584672,-0.1631605583214026,-0.7781130168277013,0.09769259504780144,-0.21822464019007604,-0.9148728816988856,0.08352256406242047,-0.2584564549954316,-1.0,0.07214353165749446,-0.08779258725008453,-0.5584882227673978,0.032659305632157576,-0.2767043758138665,-0.6876970591091894,0.005302097748399293,-0.34654530538428885,-0.5699098946380138,0.002733290594021073,-0.3520386231357511,-0.4423630770808003,0.011771139297238926,-0.09505814424052318,-0.48839284750750017,-0.039704111215418274,-0.25126486542875026,-0.6326953099707188,-0.06202795113529964,-0.3173228896127255,-0.5236060625409181,-0.04507364172911641,-0.3275151621977453,-0.40760614437721676,-0.02643923269061198,-0.127537262494874,-0.39411034950394613,-0.11079523989647794,-0.2663523088627812,-0.49881831981985225,-0.11837163852153819,-0.31944877857076054,-0.4224836012647755,-0.10298496706909677,-0.3290974243149133,-0.33851393825046583,-0.09059384981476754
D,0.0,0.0,0.0,-0.13384562731725136,-0.06785140329271605,0.071571510705675,-0.2391076080630679,-0.19137799603099717,0.07429793589826575,-0.32155789884214897,-0.2735268723111497,0.05082531455665147,-0.3545607188004833,-0.3073166316501649,0.024905777186262617,-0.10972990465167318,-0.5723020868716775,0.08491403121118002,-0.17682669417663693,-0.7774085668582207,0.06641546623541665,-0.23384546423307803,-0.9147980132620049,0.04150091870197158,-0.2793645285399633,-1.0,0.021347488019618083,-0.09895656416127441,-0.5420709406834904,0.013165702474490596,-0.2985046113214897,-0.6870092622491357,-0.034270718432481063,-0.36119509946037776,-0.5687880888911254,-0.05383696782499252,-0.36401447535122505,-0.43337475671336,-0.05447070272980495,-0.10407647529437858,-0.4732856475210507,-0.05811780724602507,-0.25830051846788477,-0.630050076160309,-0.09732407977785094,-0.31952546233198253,-0.5249215914592352,-0.09802423508057943,-0.3378872841406233,-0.4004458488321542,-0.08976303882788098,-0.1298311939019566,-0.372875304443205,-0.12881180408265805,-0.25714669794155154,-0.48950599940078215,-0.1528702143101791,-0.3142629107915593,-0.4211966790470852,-0.1518866711341102,-0.34124489604781816,-0.3357145952413902,-0.14912885951869623
D,0.0,0.0,0.0,-0.1292128185610975,-0.08132803399216203,0.06397556624799704,-0.23229375024209473,-0.2067636230299151,0.05812810735851366,-0.3149853546842449,-0.2815231732351795,0.02501237907861423,-0.3467776849953648,-0.32730441228284285,-0.011749362109384329,-0.10359360629481729,-0.5645460416705503,0.066985663986613,-0.17127977997501553,-0.7755131551736784,0.035925410723727715,-0.22648126986737535,-0.9100263602326641,0.0028067955458122595,-0.270080099310671,-1.0,-0.02254085366933041,-0.08695537541481317,-0.5280830760523288,-0.00805735936877033,-0.27907792206962584,-0.6861923218555894,-0.07002166125554415,-0.3433562149514338,-0.5555950263129026,-0.0950166683692819,-0.3482913178832903,-0.42168845911254443,-0.09768068315856236,-0.08838607906072064,-0.45892229500986065,-0.08357824759989715,-0.24309232225629793,-0.6094075094751595,-0.13222111171574627,-0.3031106770295698,-0.49110174459779576,-0.13260717114755668,-0.3173645179804592,-0.370488247073855,-0.12321902053992287,-0.10751764612896113,-0.36311277116715185,-0.1595416075094973,-0.22898924062773254,-0.4778019383723069,-0.1891608054896476,-0.28512130347114045,-0.41121173153760165,-0.18840430845102876,-0.3095842683924776,-0.336770076760073,-0.18512963419947243
D,0.0,0.0,0.0,-0.1266586617574309,-0.08986507827867346,0.0582664503721538,-0.23055334068250996,-0.21718491736851658,0.048070588571709684,-0.31355251965555575,-0.28971308797925516,0.00958914736580319,-0.3396052264730622,-0.33143744935160885,-0.032984943133643134,-0.09587035810990635,-0.5637843489524937,0.06401560684137925,-0.16088293332163903,-0.7797914332320677,0.025942072346085348,-0.21937641366454458,-0.9130963712123673,-0.013824715577852748,-0.2666034843429929,-1.0,-0.04360874740550444,-0.07607173075713268,-0.5256221307629088,-0.012831780741755424,-0.2635536174750613,-0.688925001528366,-0.0849980629940502,-0.3335451444390175,-0.5516228760965397,-0.11844199498463488,-0.3427106057235397,-0.41088288893540564,-0.12523377667822536,-0.07355828631499632,-0.4581351709944132,-0.09116915499777557,-0.22319433991486484,-0.6079170481663425,-0.14750409582293697,-0.2883497796164331,-0.4840148306833864,-0.1536250609737664,-0.30533550340587406,-0.36094565402848566,-0.14680782377533313,-0.08727126516329903,-0.3654628705902795,-0.17079736969292117,-0.20244028409319903,-0.48563427720362706,-0.2058396203566581,-0.2622073534258567,-0.42155689033836574,-0.2088686108994905,-0.28889294874970195,-0.3498994000815878,-0.20751650266289104
D,0.0,0.0,0.0,-0.13479426129764172,-0.098668951585398,0.07960145654353644,-0.22433516204587564,-0.2221356175294862,0.07297742720889334,-0.298624984257411,-0.28772386727286287,0.03398473524561903,-0.33637055833676266,-0.3302133652430261,-0.009756567305322457,-0.09918626277829923,-0.5678425177963415,0.07046354633938172,-0.16271834484923106,-0.7779046151674793,0.03279157144057902,-0.21606277761591758,-0.905348663149359,-0.007505529409980249,-0.2562681422661152,-1.0,-0.037759378528206766,-0.06817669069514914,-0.5432926792631726,-0.016518421607352316,-0.23798388359449635,-0.6827314313733275,-0.0823065204987324,-0.31035255034653725,-0.5500663810047006,-0.11043095021645202,-0.32586104745679284,-0.4238559982827766,-0.1168085910983386,-0.058833515686216066,-0.4804295320483768,-0.10264942825181463,-0.20601662016835057,-0.6085862819344823,-0.1528299540713688,-0.2754580195074976,-0.48716529842117,-0.150639863944237,-0.29379458657575686,-0.37182245634811284,-0.14148375919502337,-0.06759988459165461,-0.38693510613244086,-0.1882556242520837,-0.17724641295759097,-0.5033897372575156,-0.21742326924677688,-0.23890163676978685,-0.4388242109178227,-0.2119565705510349,-0.2639941160122482,-0.36157083528851675,-0.20615397596031218
D,0.0,0.0,0.0,-0.1382594366426337,-0.1097847377651086,0.0786361127342161,-0.22474005136826292,-0.22292604343107095,0.06805300613675415,-0.2983093472637917,-0.2803469671223158,0.023855287845073982,-0.32878954344664535,-0.32216689030278123,-0.025309856916594032,-0.10774222482702601,-0.5586121073175128,0.06667118746557302,-0.1565614896493827,-0.7695984922782789,0.020570779839989776,-0.2061233654831039,-0.8985017438778291,-0.025543038014065204,-0.24221300258776773,-1.0,-0.059121692529080276,-0.07141742958486544,-0.5344557779618478,-0.023521860475417287,-0.2145739376679728,-0.6840757477747527,-0.09963377538119526,-0.288787015254735,-0.5510410797919746,-0.13161782236927497,-0.3077280113079129,-0.4264568630279453,-0.13876428905475185,-0.052739171944569695,-0.47206496122582225,-0.11346486010556338,-0.17791346144250283,-0.6074768554010315,-0.17338760509295417,-0.2528484648340904,-0.4868563354946955,-0.17150721699735103,-0.27370907224731766,-0.37328765652637924,-0.1607132437713872,-0.051867973947526715,-0.37658071721417447,-0.20312797248520587,-0.14918969332366813,-0.4942064788849101,-0.2390751568626734,-0.21796207772617565,-0.4266368606146712,-0.23340975398954658,-0.24358342776251085,-0.3461590686334548,-0.22614608625444665
D,0.0,0.0,0.0,-0.13151335746498644,-0.1113876700248782,0.06631753275537014,-0.21371472342039335,-0.22875375313638124,0.050353891861167115,-0.2821394727638515,-0.2931870083796464,0.00403991984201723,-0.3145417315871988,-0.33275644557486656,-0.04709371388331438,-0.09260941115122304,-0.5709071282865188,0.0468180142778701,-0.1439427873752401,-0.7739840349910583,-0.0009747774479123443,-0.19305463579762885,-0.9004921222229693,-0.047885084033865516,-0.2285234978868276,-1.0,-0.08179810949714537,-0.053887951797321205,-0.5475198945856639,-0.035969476906159474,-0.19969672578002592,-0.6795570101839575,-0.10867103762316271,-0.2753123562416345,-0.5467389132822934,-0.13807253330273256,-0.2948486192666564,-0.4198562984727208,-0.1456923162194377,-0.03740003124892673,-0.48116514477298816,-0.11873526450730128,-0.16829034509747393,-0.5987210917194697,-0.17611804112439694,-0.2432095259886101,-0.4782039945415961,-0.17440111879055684,-0.26425393671173253,-0.3659487556300069,-0.16551245288753783,-0.03998810509120478,-0.38043681742742,-0.2020087111188002,-0.1414191704909516,-0.48099753249573957,-0.23651460379083014,-0.2078921921702573,-0.41042707995226557,-0.23104462065847836,-0.23313053779596385,-0.33084027203013056,-0.2248210322900448
D,0.0,0.0,0.0,-0.13053043743427314,-0.13166237898152988,0.05795283656074235,-0.19965716841041486,-0.25563654550299364,0.037711434177142414,-0.25617875857391975,-0.33240262991050795,-0.009399551114335585,-0.298528421022159,-0.3630206288315785,-0.06064692459800326,-0.08041133439076487,-0.5727520403683067,0.024755176352445313,-0.1288798572974349,-0.7662102195132334,-0.026926028089182406,-0.1715326900187173,-0.8973535934624666,-0.07509795569756898,-0.20314045071354642,-1.0,-0.10991209015040924,-0.04229982623897183,-0.5380605420774871,-0.05375445776244315,-0.18535613071182658,-0.6627584329614734,-0.12365179104887182,-0.26326502780048194,-0.54391605237126,-0.14889857952964736,-0.28775048573508744,-0.43211792224293233,-0.15669619040864755,-0.03206214966167871,-0.460311169717516,-0.1315312102640407,-0.16445631474546554,-0.5757106988508418,-0.18454301210134783,-0.23705863272771957,-0.4639742532462397,-0.17642494706790413,-0.25541154967586005,-0.3624249151242329,-0.16643811579761272,-0.04216424243434736,-0.3540107796453531,-0.21047236121297158,-0.14634879226893818,-0.4473039190987317,-0.24017069579801215,-0.21243233864290506,-0.38245919339728857,-0.22993573700419012,-0.23862102231776605,-0.31403700961490716,-0.22245971014467197
D,0.0,0.0,0.0,-0.13696822512804868,-0.1097021002208588,0.06152271190560398,-0.22023534102654804,-0.23487547690936872,0.04968196963675378,-0.2834818815165078,-0.3224742285764156,0.01071821902925517,-0.3147208445552909,-0.3461173014563538,-0.03184652484669789,-0.10297644683448774,-0.5829299805995567,0.04824115987845625,-0.1590036405898561,-0.7728767286805681,0.010052357750985907,-0.20722282657256963,-0.9036013480975511,-0.031118700616780147,-0.24488493277985887,-1.0,-0.06245485173505242,-0.06910791857927781,-0.5601188801382286,-0.0286012315008621,-0.2281589736945738,-0.6630806312426093,-0.08254564777849051,-0.30083379552097717,-0.5371491767029145,-0.10587518864298347,-0.31857001673164326,-0.4108872068747735,-0.11447899272976896,-0.05984281530260831,-0.4854540346329835,-0.10504011417757012,-0.20535189376318067,-0.5794646997125114,-0.14759819471835078,-0.27160357242107785,-0.46001572581760425,-0.14311757405389444,-0.2860442068357466,-0.34831514494114396,-0.13660373500860118,-0.07178406648736489,-0.37813915872074777,-0.18243879006455968,-0.1894344771117123,-0.45643800873134327,-0.20729188648608698,-0.24929489956265646,-0.3781940597502045,-0.1991106972840381,-0.2704401142412785,-0.2969828210381022,-0.19358468684688104
D,0.0,0.0,0.0,-0.14064375414305616,-0.11711815070072258,0.0695427762380074,-0.21992518310725656,-0.24027795383785525,0.059300933320658146,-0.28287884824562626,-0.3156867731530117,0.018878994848666498,-0.31989621981342514,-0.3436970761453279,-0.025164447044135552,-0.10456858837782577,-0.5780724888878955,0.059741551886270165,-0.15817100160009304,-0.7750772810391399,0.020510358625917668,-0.20596887688536897,-0.9023607194588475,-0.021830185585464047,-0.24329026144022753,-1.0,-0.0538889094647698,-0.07209031045743716,-0.5533125458266364,-0.02225560105945937,-0.2245625925227185,-0.6716015763659522,-0.0832622251820224,-0.29773453273360195,-0.5478301522425139,-0.11046103232571801,-0.31749178188029453,-0.42833257238908723,-0.11940558871918928,-0.06199332796999196,-0.4847436279581284,-0.1034810719396262,-0.2026972594909494,-0.5885805532036014,-0.15031456566781484,-0.26899725575526284,-0.4677128047925576,-0.14638323423004285,-0.28407129815733745,-0.35875642588890194,-0.13859850887412492,-0.0728171281385824,-0.3846459843010507,-0.18522525032538134,-0.18526395126538958,-0.4649538673968814,-0.20952936928714805,-0.24743296591787772,-0.38702822694155276,-0.20058343545694235,-0.2710773610672372,-0.30799344707430876,-0.19421999035363813
D,0.0,0.0,0.0,-0.14210813017979818,-0.11191424250990528,0.07150067509787224,-0.22839958539179128,-0.22490700481466025,0.061460655758463364,-0.295671113384576,-0.2965227653111132,0.020996240719492885,-0.32392818842237986,-0.33459546533489487,-0.023215958812951108,-0.09332382067746263,-0.576616814965382,0.06415754978657955,-0.14182939141437936,-0.774747488344753,0.028948038589016938,-0.1904731648875308,-0.9048032630204477,-0.011689615739241484,-0.23049488246036767,-1.0,-0.04343913604001192,-0.06422191410789685,-0.5491015476014197,-0.019188668540090444,-0.2196003787113941,-0.6754157972906879,-0.07777161794577381,-0.2960254149447413,-0.5612915673895388,-0.10689088959940544,-0.3206292711600504,-0.4397115690946375,-0.1179750519248011,-0.05573572765086758,-0.47864453628046183,-0.10175696082765982,-0.19144794288816797,-0.5895969236429882,-0.14626298700541188,-0.26333616020748357,-0.48382193385114486,-0.14716040737057223,-0.2901837468197666,-0.3744719802926488,-0.14327868288759854,-0.06830607418974159,-0.3761368745540943,-0.18444749438893793,-0.17126477939163873,-0.4731770924477589,-0.21223908870108765,-0.23871812475040496,-0.4118730509151444,-0.2094289514406428,-0.2733167310565779,-0.33776551303278723,-0.2073026036274319
D,0.0,0.0,0.0,-0.14096313533997126,-0.10648542952361668,0.07831083006295293,-0.22491071664382617,-0.23545862446407978,0.07817143944937013,-0.2914130491134268,-0.31827112599248564,0.04936249922886885,-0.3288395755873725,-0.34603225841161217,0.0180797638323588,-0.08803774208725951,-0.5820265341037477,0.07158128967048766,-0.1416210590360821,-0.777703957813064,0.04583904076678261,-0.18900565094438362,-0.9069782364788659,0.015391496633757986,-0.22706545098488026,-1.0,-0.008703027595509737,-0.0626123072619086,-0.5529282299739706,-0.007447546884969753,-0.22426844382362637,-0.6936247135156074,-0.054027828969999005,-0.30226184502307035,-0.5868522860549718,-0.07126126520784146,-0.32599013799181653,-0.470853471608822,-0.07418380339842413,-0.06075591774290893,-0.47939317641373874,-0.0849138605143394,-0.19833592061875738,-0.6062200493589499,-0.11974145511165704,-0.27108530020825444,-0.5100438517979433,-0.11357817685962511,-0.298837629009681,-0.4087597952474159,-0.1045691169588321,-0.08152619516446626,-0.37420383505150606,-0.16153911227335113,-0.19552580584892795,-0.46625446172235935,-0.17993669245229935,-0.25905388498758203,-0.4034433883363804,-0.17228370758571815,-0.28809173760915263,-0.33201709466921386,-0.1666849490914498
D,0.0,0.0,0.0,-0.13004186622271657,-0.07804445709418488,0.06264612185776788,-0.22205840343300934,-0.21055978938182182,0.05986137974679362,-0.2973916537524211,-0.3028144858595551,0.033227909710808134,-0.32895591856125017,-0.3281650539991608,0.004916293521314557,-0.09023494683795438,-0.5580743421059515,0.050806072724339055,-0.15037225465462198,-0.7656613262206448,0.020634685818076072,-0.203776435835645,-0.9060112194361402,-0.009503724145739623,-0.24545409835894033,-1.0,-0.03207687738464288,-0.0708967491678552,-0.5236636764215,-0.018021443813917633,-0.24767224429532167,-0.6779136578480071,-0.07293556985782641,-0.3313149091259157,-0.569522310689019,-0.0914591759825796,-0.35587607765498924,-0.44134888553810286,-0.09210090978413936,-0.07365922924713,-0.44733300337043497,-0.08574993930605242,-0.217143281679839,-0.586642153143943,-0.12761571076523834,-0.2919916330338205,-0.48450154500069587,-0.12266648964858948,-0.3190212449367612,-0.37104795309643673,-0.11084311414906715,-0.09842779306094303,-0.3484401928294807,-0.15347075851742714,-0.22316632536783365,-0.4398879102779955,-0.17685567558547308,-0.284988536754065,-0.3788057087069396,-0.17244022003262652,-0.3118752112407826,-0.31269704906436685,-0.1669287975960563
D,0.0,0.0,0.0,-0.13452005777690237,-0.060227131799911,0.05984765382321305,-0.2347056715470641,-0.18915119201336456,0.05900754605460881,-0.31624578710086887,-0.2828665404620693,0.034972876721596456,-0.34975246937897125,-0.3006300199155232,0.010037021273962247,-0.11556611515987132,-0.5731079341109871,0.05945122340603572,-0.18496610531153568,-0.7751932735867638,0.030025520008040773,-0.2461197101671299,-0.9126580293115648,0.000742687136896726,-0.2917222915253248,-1.0,-0.020707255934002685,-0.09326806987211754,-0.5404933013080049,-0.007894326565376746,-0.2867461463827428,-0.6781372420283195,-0.06372117441634224,-0.3654120069449004,-0.5479196758803317,-0.08253856968886758,-0.3798165656300381,-0.4070558765383465,-0.08160747310177181,-0.0923529953530446,-0.4625895469036103,-0.07534240281155595,-0.25066658642096895,-0.5948629531146273,-0.12024028389199133,-0.32206496801114687,-0.47254229313023877,-0.11628122304705885,-0.3406908607445342,-0.3475315785058251,-0.1032235795645597,-0.11357889428723583,-0.36003372143070783,-0.1432678925154858,-0.2526679414790012,-0.44169238176525943,-0.16856985114882864,-0.31401623333989886,-0.3690273947869477,-0.16535043422045156,-0.3370175683365067,-0.29837903690572587,-0.1596437426183462
D,0.0,0.0,0.0,-0.14082672322091358,-0.04585323063265759,0.06630529212258843,-0.25516994972105517,-0.1660214393400219,0.06999808559340445,-0.34644163586411675,-0.2510240412945489,0.0496111000115328,-0.37937405774808486,-0.2694194771601962,0.029727043631387243,-0.1429812276633683,-0.581552381553673,0.075306525719274,-0.22173913875305157,-0.785096253185481,0.050183379043892695,-0.2905452912275868,-0.9185253422718124,0.024550068872259356,-0.34013691829097503,-1.0,0.005958131388132953,-0.11916042962860926,-0.551235545759962,0.00554499749353794,-0.3216046884924735,-0.669871279778987,-0.04759180335598945,-0.4007854171927972,-0.5339497669720137,-0.06436794926226361,-0.4094287848872359,-0.3939019560575797,-0.06089614928967022,-0.11529743592686978,-0.471912522671442,-0.06467646053532726,-0.28117634172846306,-0.6017727728417169,-0.10959974801638656,-0.3541054442072074,-0.4789772596827146,-0.10467116066724252,-0.36794172004499853,-0.35725816171912667,-0.08919724382647448,-0.13549558624331337,-0.3643747943308003,-0.13498120309966824,-0.2820808079068806,-0.4368676867858974,-0.1587144572025296,-0.34072618446327035,-0.35655482088604207,-0.15339330474712634,-0.3546179431549464,-0.28212624645101053,-0.14569369860364387
D,0.0,0.0,0.0,-0.14911595939152253,-0.04592202369057545,0.07622230659656357,-0.2731907462442671,-0.1492719868247876,0.08048294451743157,-0.36959379709739754,-0.21190543457823866,0.056237344232644586,-0.39619253686824885,-0.2443724301002021,0.02892177845662221,-0.14824255030531172,-0.5719699915440022,0.09020496558704146,-0.236106913737994,-0.7845960070758687,0.07104486907398389,-0.3065129394485587,-0.9205596413633156,0.0428372425194929,-0.3625811761023067,-1.0,0.019621461362857105,-0.13757460523090584,-0.5417991095115702,0.014187830801672695,-0.3469634206726013,-0.6609873337224995,-0.0381272752671423,-0.41768076294953865,-0.5296644081244518,-0.0646959216159527,-0.4300283408820423,-0.38529719534536205,-0.06920359784573926,-0.13859272114796814,-0.47602813218919776,-0.06112152600076655,-0.30081596933396465,-0.6023421834193535,-0.10150914404265672,-0.36617276026803247,-0.48750500813606773,-0.10910436076820693,-0.39282908745116146,-0.35398120976879394,-0.10518211041948315,-0.15816825762147252,-0.37402704344256565,-0.13570741498060307,-0.2923548034300441,-0.4660632949646945,-0.16007467328820255,-0.35510465650831274,-0.3885631891416719,-0.1642511603723796,-0.39144329805571115,-0.29957365626910354,-0.16532898631467208
D,0.0,0.0,0.0,-0.1424284519323115,-0.05726504278930961,0.07668465056016437,-0.2583864898379767,-0.1736898062602237,0.08132384125186186,-0.3503178944742043,-0.23980815347721823,0.05586452994033097,-0.3813135998155888,-0.2806371444941755,0.02655597349389776,-0.13426099193901325,-0.573406304902126,0.09737802260608057,-0.21251610304094495,-0.7837884323041987,0.07790708992293441,-0.2763086565841125,-0.9164647888678119,0.04778935492714645,-0.32611321228618256,-1.0,0.023287959780332653,-0.11825344456405375,-0.5478909452747657,0.019664508494338727,-0.31318757299263794,-0.6952442302951185,-0.03233864533066839,-0.386031183962398,-0.5749838183207827,-0.06242491018009657,-0.40059202452422066,-0.4341081903570842,-0.07011169744285677,-0.11430052117292455,-0.49056584065025366,-0.058211208182233395,-0.26497429982559517,-0.6346325800320987,-0.09820913732493616,-0.3345629391650764,-0.5284518017422918,-0.10942558860582602,-0.3639194074626949,-0.3996882482134868,-0.10866911068169598,-0.12797135454038394,-0.4016705261737252,-0.13570218154718347,-0.2482545567762985,-0.5037504817706989,-0.1599873121715856,-0.31522658920826513,-0.4384779856162588,-0.16633799067446958,-0.3554879602727757,-0.3554820253088229,-0.16951683155464373
D,0.0,0.0,0.0,-0.12658953580444268,-0.10761848452215615,0.0896099601136906,-0.21000019843526327,-0.24052722329109366,0.0988089815077858,-0.28147167272605456,-0.31841626469301104,0.0734424870459433,-0.3064354689590705,-0.4033561590785093,0.04340688285217405,-0.08629053440323368,-0.5444508858854278,0.11703111303537247,-0.12642844051006824,-0.7722998028236271,0.09575292509285382,-0.16726727117586976,-0.9010345731838852,0.06526911458316752,-0.1962394597269232,-1.0,0.042270977660915525,-0.0591838506981614,-0.5311727929464586,0.033657420307683476,-0.17948213517196762,-0.7416208576372079,-0.01912922356417685,-0.2596393129701769,-0.6499796123769834,-0.04821450887994603,-0.28803646600025135,-0.5379488237589741,-0.05355463118861443,-0.04416976926246307,-0.4980221551904584,-0.05017520064127663,-0.1460882541900246,-0.697432311704672,-0.09234934860186354,-0.22621918732438212,-0.6217670254788744,-0.0977772665123957,-0.25667025201491805,-0.5150438467251887,-0.09138637747547458,-0.04697304075582925,-0.4406210212929572,-0.1327309380128458,-0.12744515452025929,-0.5884307547346547,-0.15727755344338526,-0.2014484920733647,-0.5571443415971308,-0.15761362649914107,-0.23791854637848175,-0.49221077580293204,-0.15463180327594217
D,0.0,0.0,0.0,-0.11779637612008327,-0.10796125263490623,0.07057590260556604,-0.19689753269987573,-0.24927226910195702,0.07267519031447282,-0.2632114407773507,-0.34236946390722983,0.04376764958461104,-0.2806265535029473,-0.4349007828914516,0.011354463749875534,-0.09774651810405635,-0.5323234835461466,0.09893929482832498,-0.11037368190311099,-0.76958339136225,0.07153989121895139,-0.13728851276375081,-0.8990374102500991,0.04059027804024644,-0.15380470481646805,-1.0,0.019291726479560067,-0.06239891434245208,-0.5190667104717928,0.026055275015589748,-0.14265349623060608,-0.7503193646911942,-0.03451134610597742,-0.22390292085914412,-0.6595485482613536,-0.06353595615165736,-0.25744796227837874,-0.546719304348274,-0.06520194489036371,-0.03506970873382227,-0.4904928784839077,-0.04846450976919611,-0.10805331206882011,-0.7087218051889332,-0.0982163704319854,-0.1893171142779461,-0.6367716709302274,-0.10346931740682443,-0.22000552356603484,-0.5333492273552569,-0.0931409973069453,-0.018070902073011073,-0.43696643349950526,-0.12308511197308608,-0.0808904142953494,-0.6114664853231726,-0.15189634839566077,-0.15408882297614632,-0.5880724449805398,-0.15231010619523,-0.18855917973113065,-0.5220952297977289,-0.14680893807045492
D,0.0,0.0,0.0,-0.10766625259941329,-0.10968901336208818,0.059407146029243546,-0.18128084589887927,-0.2513731413079073,0.05595285371379935,-0.24362678011232736,-0.3502307625776002,0.022927061268939095,-0.25572785015490906,-0.4525183104217189,-0.013507080889393681,-0.08546762925275561,-0.528231357645592,0.09157500245770447,-0.09104732714937308,-0.7673422067528778,0.06059866517710105,-0.11306954694114632,-0.8978453428338943,0.02646307553806228,-0.12529206815848482,-1.0,0.0030166645275216883,-0.04893006967512773,-0.5134493812137484,0.022992738183369364,-0.11284824066320039,-0.7557230926044894,-0.04174113887917574,-0.19392160390816196,-0.6685750323967802,-0.07500244009273599,-0.23027613143369155,-0.5553782610736262,-0.07904367180436471,-0.01902293171375626,-0.4861910762680235,-0.048320069366873844,-0.07794685078493702,-0.7117265492588752,-0.10264917363880131,-0.15955070762949652,-0.6410488078701216,-0.11216717444555357,-0.19262412903417556,-0.5368843262020325,-0.10400107970059409,0.0023509782860053285,-0.43409921342189434,-0.12050340507363683,-0.0512179703263562,-0.6143573463474254,-0.15359906401735585,-0.12390051138856005,-0.5918091232283604,-0.15711259518567233,-0.1592423755978076,-0.5237904783348103,-0.1533140119093494
D,0.0,0.0,0.0,-0.08961692025027464,-0.0918039993670374,0.005179329844557822,-0.16028831344470557,-0.2212387444342286,-0.023800269832041032,-0.20903192848540295,-0.32146033222395276,-0.07126532682411527,-0.19023558521818637,-0.4095410461487737,-0.12098586162662738,-0.10026860205326146,-0.5018746174366948,0.02390774347950835,-0.09938225089436495,-0.743194151099976,-0.025414055734478296,-0.11204313100748411,-0.8858445852950171,-0.07138751811619849,-0.11531052056085371,-1.0,-0.10238977419027344,-0.05387447903972858,-0.4798473155822264,-0.020028998612656907,-0.0887735128559079,-0.7219996733424546,-0.1027688012494244,-0.14976831228461335,-0.6158274230535764,-0.14396445181947234,-0.17271513986488995,-0.48943659714423965,-0.15224606013468772,-0.010779291946873883,-0.4435891421474223,-0.0692868925822635,-0.03999061749978757,-0.6646852155914359,-0.13937982334663707,-0.10706816712044251,-0.57034651649239,-0.15814323373282058,-0.13028100181086325,-0.45622397106689305,-0.15421927268953134,0.027773014728591845,-0.38254753198012986,-0.12331011655994496,-0.008704355077769427,-0.5552685740685808,-0.16799884041271299,-0.07190536496857321,-0.5144774929389563,-0.17976831940410437,-0.09758207270827089,-0.43576849240419446,-0.18095770649380444
D,0.0,0.0,0.0,-0.10881680842827918,-0.11477812847096956,0.08201340502594157,-0.1883179267633126,-0.2679049021449012,0.10110089137185103,-0.25268334605173526,-0.38105738697525626,0.09496161641058594,-0.270667786081006,-0.4246959542948055,0.08844719994708991,-0.0177419095400966,-0.5570146147076255,0.11626487650291463,-0.047272555596615605,-0.7656426420824449,0.12162992353523762,-0.08278562038609767,-0.9107958864656498,0.11378044044270441,-0.11837555961142479,-1.0,0.10442948394089233,-0.01746323971015831,-0.5393884346171434,0.05189900025028435,-0.15794751105435587,-0.7452097094919248,0.034732418439695024,-0.23202250582668532,-0.6793552658048513,0.028360548696741827,-0.26138122889217047,-0.5666521204079276,0.03317757813902406,-0.03288763568703498,-0.4936038589295611,-0.011259617366140206,-0.1397752717918658,-0.6797028719495419,-0.026817285322159674,-0.20814547317155302,-0.6210863235156183,-0.022525369771025327,-0.24649119380358622,-0.5261250876587912,-0.013067408571934534,-0.07014771381068041,-0.42844441863394545,-0.07251032781492188,-0.16372144965967395,-0.5665251104704444,-0.07959147781679152,-0.2210798059004054,-0.5206206273747777,-0.07387114764108957,-0.2545866150326706,-0.44853580311955626,-0.06833953715508227
D,0.0,0.0,0.0,-0.11443311374778259,-0.11548142187547733,0.1105583370810079,-0.1876651120887096,-0.2671304596142414,0.13939622034608368,-0.2528369414411401,-0.3655886451608382,0.135332096496373,-0.2790120150302026,-0.43289541412824595,0.12967550018664975,-0.025707528602091953,-0.5539155469219718,0.15024701425827566,-0.060323376888013994,-0.7695803624973735,0.15715503250150878,-0.09638653422259587,-0.9044788072368957,0.15019163700367136,-0.1274740055389299,-1.0,0.14098581855412717,-0.018577631793759885,-0.5396312263551715,0.06876194356098432,-0.16190568270820452,-0.7508113328963011,0.049267959178738815,-0.23885942674166805,-0.6566690146111641,0.04641643775231271,-0.2651724644252465,-0.5490506701605891,0.05575123141551236,-0.03263245018428609,-0.504366289853146,-0.01125764443196768,-0.14441643432673687,-0.7043888239885836,-0.0263653911391425,-0.21450307030332721,-0.6235769031024512,-0.01096535353708329,-0.2430228765272817,-0.5300602410364126,0.005982354122420448,-0.07222113761031516,-0.44770158935731835,-0.08807143720206881,-0.16678369890716013,-0.592065027952511,-0.09300235332416966,-0.22463773749396543,-0.5351517730959285,-0.07904859226418495,-0.24860976538329765,-0.462082703780906,-0.06729588545792344
D,0.0,0.0,0.0,-0.1253000984510348,-0.12329859016346144,0.13461505706349136,-0.19079372071644002,-0.2695638631654433,0.17527236965126322,-0.2526600919807787,-0.360675428396041,0.17606252241223713,-0.29059333134242704,-0.44163927845285456,0.1742273568430869,-0.04349974969787108,-0.5584819252555927,0.1920602192009977,-0.07572857684695652,-0.7708223029817817,0.20745699493244846,-0.10771181597573927,-0.8997018297897814,0.20215137927043028,-0.13513066202783233,-1.0,0.19299115626015045,-0.02956325430707658,-0.552650061720745,0.09800339391574585,-0.15647682742988728,-0.7422360618859093,0.08673631222955804,-0.23479305233535236,-0.6618079163174155,0.08220997990034877,-0.2673656118384785,-0.5751042130386338,0.08946729332870869,-0.03691453752720126,-0.52458578036275,0.005964534144602758,-0.1479482665768222,-0.711064103812169,-0.004318498221529904,-0.22233326566978226,-0.6372202616705143,0.012231583474540494,-0.2505040972419511,-0.5494883147470608,0.02923048434177745,-0.07271745416324515,-0.47136247167417084,-0.08146064118403025,-0.1655781240823817,-0.6147829221134974,-0.08272184272966719,-0.22888553587658167,-0.5672329011612723,-0.06475895190876368,-0.2538373696137191,-0.49405675854937675,-0.0501977661298322
D,0.0,0.0,0.0,-0.13969360921283025,-0.11314376130263826,0.144531047281157,-0.2077739895917015,-0.2636357349188675,0.19737896513088402,-0.27298391564429914,-0.35827840702826974,0.20635296376828569,-0.3103371533468732,-0.45947825454360974,0.21259720401442445,-0.07607505633820007,-0.5586488021267446,0.23286775360771494,-0.11021539535094087,-0.7660271021620898,0.2646962641231021,-0.1424817428814767,-0.894235065202029,0.2714538568277688,-0.17060788780268696,-1.0,0.2686580355104995,-0.05390758692546941,-0.5612299376301366,0.131505343732682,-0.15300371089080764,-0.7608821807125092,0.1408067105666941,-0.2243936688713766,-0.7316109650158742,0.14086430810530645,-0.2603704286010681,-0.6881703061251595,0.14761280724895623,-0.052181964070383204,-0.5439452318750373,0.029885248063634014,-0.1660371768704797,-0.7285471528658717,0.02264795692837232,-0.24950936648749958,-0.6466095016704633,0.035551680750582675,-0.28466818433413954,-0.5544698322309783,0.05127484409654409,-0.07891487972210078,-0.4993858256749995,-0.06607436761136785,-0.17584075355947104,-0.6529667383861466,-0.07304672839074347,-0.24571232615444552,-0.5988354019988126,-0.05780127238934019,-0.2768482004680312,-0.5165982615504378,-0.04310405117817837
D,0.0,0.0,0.0,-0.13753723427120332,-0.10261446039777464,0.1337181194383559,-0.21477928610061434,-0.24799793761920744,0.17485680293199352,-0.2832935780618434,-0.3380690421005152,0.17310571303965905,-0.32333302959595467,-0.44023352415304867,0.16820493937146264,-0.08593221371983735,-0.552340156807515,0.21220253597461705,-0.12074315157026039,-0.7691563193399806,0.22437131904422372,-0.15769238460144885,-0.8968932934667048,0.2131320232423732,-0.18817500493623132,-1.0,0.19996078708432616,-0.06539988622420871,-0.5512143727729335,0.11368272285811948,-0.18121818166360992,-0.7370876390900667,0.09463635365531754,-0.262340488483943,-0.6504833315831514,0.07814714834605203,-0.30190553496115013,-0.5593307464168469,0.0795388273148808,-0.06150693892232462,-0.5321053801867996,0.014824672002543974,-0.17211779470378602,-0.7170578552652676,-0.005539821009081584,-0.2540998259836272,-0.6370517533769031,0.0010286039137811954,-0.2887879118430397,-0.5404450666603764,0.013978148743824267,-0.08052792350320236,-0.4862532094483958,-0.07977490272421511,-0.17019263455615766,-0.6452979238612213,-0.09104979087921171,-0.24168890116078368,-0.6037535953066229,-0.0799963670864211,-0.27648762565537527,-0.52772761055392,-0.06867544685316516
D,0.0,0.0,0.0,-0.14061735418498347,-0.10164389807376245,0.13976376324734743,-0.21934835519173707,-0.25327924278048203,0.18603842831883224,-0.2899754176592852,-0.34603149688504337,0.18860472474948023,-0.3307899875334223,-0.44914869585564954,0.18795877676094402,-0.08322842046978057,-0.560488097679331,0.22712688375675438,-0.1204774599188256,-0.768639076723401,0.2470454242376887,-0.15755073038762366,-0.8967570623144435,0.24171729139973938,-0.1879676850297029,-1.0,0.23222927762658818,-0.0627989534391829,-0.5587713965279478,0.12684415549427175,-0.1862157818603278,-0.7423313549075893,0.11704808639029933,-0.2675825942416491,-0.6579940708710655,0.1065950159244187,-0.3059793159211132,-0.5703374294256803,0.11140312785574487,-0.06084500033092308,-0.540012337583977,0.025777990197168515,-0.18031727385928284,-0.7295146859322971,0.011952276134179327,-0.26337788196932144,-0.6461913887907371,0.022275792512279863,-0.29806416628661747,-0.5488978332555152,0.03709170554834662,-0.08446024998978298,-0.49660535608348133,-0.07071127984799977,-0.1828274670737563,-0.6567855084382974,-0.07708894065943762,-0.2556274102683081,-0.6106743609598048,-0.06306704711395668,-0.2905000723931911,-0.5346440298402202,-0.05008238494663836
D,0.0,0.0,0.0,-0.15369549181695585,-0.1071436197546896,0.1725932399933522,-0.22602916019413194,-0.255863320524438,0.24686174820350332,-0.2887574996480569,-0.3508779781065194,0.27361623079475567,-0.3292445709663647,-0.4586208920315356,0.2985118401945831,-0.08046754918604293,-0.5656495628937304,0.29233765260131495,-0.1074394948795319,-0.7609733038549307,0.34838099153036206,-0.13409024856195612,-0.8928253095213101,0.3697810166170948,-0.15782751451980964,-1.0,0.3768340709651613,-0.05879041287877674,-0.5776955419392761,0.18704983732456879,-0.16793841398913956,-0.7810465259158608,0.22249561974229817,-0.24378166768466975,-0.7481440356932294,0.23592061789148036,-0.2818168369312507,-0.6972879093839596,0.2513927516076016,-0.059525369757598486,-0.5705346990301715,0.08171492848389933,-0.18372873493437492,-0.7683577792590003,0.09768160455702525,-0.27147910839041245,-0.6892226910392416,0.12150594525991662,-0.3090964211512611,-0.5952639266209232,0.14320252474400708,-0.08969926224292013,-0.5413825602711311,-0.01641948791136733,-0.19501802038060487,-0.7021660130520057,-0.005653301738370139,-0.27389444162648463,-0.6554475354203056,0.017983517295728,-0.3127901292785058,-0.5798702368931731,0.03803429739146419
D,0.0,0.0,0.0,-0.1560077637440147,-0.09962950582942966,0.18625631416554414,-0.23396834007063438,-0.2497196396342946,0.2654462978445184,-0.3007391342810935,-0.34742065814893824,0.2945252762998109,-0.34242290685890975,-0.46167949234776445,0.3200136357162376,-0.07347057262379691,-0.5935742781482072,0.3160811743561733,-0.09915513132307315,-0.7606740885573241,0.3804338107501007,-0.12282618081111418,-0.8906614438678023,0.40355801184886964,-0.14067680607962182,-1.0,0.411005208218726,-0.0532144368769365,-0.6093363047735689,0.20579595502881567,-0.18294063458648369,-0.7859930001287248,0.2498387707050523,-0.26135015831024144,-0.7286893013848769,0.26526954963805666,-0.29539864674805816,-0.6572715705318875,0.2813985311657915,-0.05874218447473684,-0.6005693818404884,0.0958479677036999,-0.19541210192668623,-0.785193105651228,0.11799203320181431,-0.28554590679163383,-0.693262451734844,0.1409336342170976,-0.3254715007132834,-0.5857937151602253,0.16060095691201096,-0.09626120845514949,-0.5728277435188682,-0.005919262117703799,-0.20891283745879352,-0.7152396849369276,0.009286754454480852,-0.2891692698552615,-0.655875066017781,0.032920302681098905,-0.3307078960179558,-0.5731887554966258,0.05168414150116979
D,0.0,0.0,0.0,-0.16047105703096637,-0.061907674213337975,0.18251450548277715,-0.25109193210150754,-0.19867886306702723,0.2545623754754471,-0.32541124456249043,-0.2797007774051193,0.27654439700441347,-0.38579307431351495,-0.37296171671667677,0.2943193528310577,-0.12034601851293773,-0.584936396165185,0.29503876623470815,-0.1572697261804347,-0.7564506554108519,0.34230280755338166,-0.186767562662283,-0.8865619581564859,0.3497828254885353,-0.20657849096400138,-1.0,0.34735456254798175,-0.10059240919453374,-0.6026771684378488,0.1844712131328815,-0.25235688767984243,-0.7477689077988056,0.20838375770960324,-0.3282316885811506,-0.650505484518788,0.21009036480536522,-0.3563094581901225,-0.5535416732526981,0.21865011814996618,-0.10215292945400496,-0.5868683959424723,0.07513630531416744,-0.2574508388534759,-0.7214827939678989,0.08559165295106656,-0.33810302387171576,-0.6032781426636679,0.102216749225628,-0.3669545997554317,-0.4843646611840986,0.11838375169329773,-0.13141273901277678,-0.5401153577355414,-0.026203568308413083,-0.2568826808394781,-0.6553028865249305,-0.018004601865943128,-0.33064280505102756,-0.5817994944771956,0.0011579067189146186,-0.36412431087322517,-0.4901544254357145,0.016738788142264205
D,0.0,0.0,0.0,-0.16163024771413378,-0.054130727210586954,0.17743240074746264,-0.25315906806827987,-0.1894712119818879,0.24702351701262698,-0.3273753717934787,-0.2728795104190363,0.2692461082656112,-0.3880379778725602,-0.35488482724693016,0.28791841443287675,-0.11379065837248253,-0.5859958773877415,0.2832814684150232,-0.15671001328356024,-0.7631155495426463,0.33184714870200216,-0.18807895747801215,-0.8927017158675498,0.34171523470223747,-0.2094708685082253,-1.0,0.3417701853309928,-0.09662625831395794,-0.600618675488198,0.1793360364780685,-0.2589890435511711,-0.7262418468197201,0.20901209646177257,-0.33519893855292276,-0.6159665846541641,0.21728251420465242,-0.3612738499524475,-0.5125966902857242,0.22998392269937498,-0.10254266951134373,-0.5796528574610602,0.07718889029810161,-0.26194931205474453,-0.7122934123247118,0.09770053402947776,-0.338621504040225,-0.5962140641325152,0.12118007901248536,-0.3638337086187083,-0.4778668614598982,0.1400773062775072,-0.13990187689790473,-0.5286012220751658,-0.017607875987617014,-0.26847159841554463,-0.6416128244195127,0.0003894344822154374,-0.3368995973364391,-0.5658856491598072,0.024810162416245403,-0.36493591869638026,-0.47191238966746646,0.043027288621620065
D,0.0,0.0,0.0,-0.16235787683743172,-0.058678660594310025,0.1707239066762004,-0.2523406997778618,-0.19449126688955445,0.23631439994025322,-0.3267547188860226,-0.28413454221862594,0.25847673971534935,-0.38440130030219644,-0.35492877291374864,0.2776852065529126,-0.10818720298331626,-0.5973750982182755,0.25412308431595915,-0.15762044586081758,-0.774687812610774,0.29633499207060515,-0.19322377176652747,-0.9006461201950025,0.30484201736573585,-0.21766672100299322,-1.0,0.3054510616488467,-0.0953780749283325,-0.6072660202976505,0.1563831870237464,-0.26973311408454503,-0.7255733096729268,0.18286534640472654,-0.3445582479977748,-0.5957033930780994,0.19509870612243643,-0.36769861832394485,-0.4792025455153822,0.2103533537678431,-0.10573189772217578,-0.576048354416419,0.06164131482222661,-0.2730100891081543,-0.6980309970858996,0.08243181203320549,-0.3450005276564282,-0.576006645765065,0.10940559931217879,-0.3645177504835451,-0.45447659328214524,0.13002449738080696,-0.148900258565646,-0.5111510925287303,-0.025698044470372272,-0.2826454407265479,-0.6238280405490202,-0.008028914518671264,-0.3460517349632614,-0.5510352003288919,0.01686054312166785,-0.3682784338933272,-0.46025515430754727,0.035408509260401275
D,0.0,0.0,0.0,-0.14237085859550064,-0.05791539503732157,0.11473865020343668,-0.2399991691644089,-0.1892125486433083,0.15560660457124495,-0.32240934115635134,-0.2965713799961202,0.16776960596652732,-0.36804802913531853,-0.34391781121321185,0.18012376579236983,-0.08555247425531552,-0.5973195038526795,0.17477124425977392,-0.13143374571242464,-0.7821279400478611,0.20838546754965975,-0.17557761344271472,-0.9171039344980161,0.21579189244744326,-0.2090368670899398,-1.0,0.21679594700205704,-0.08660469505021576,-0.6010997203152679,0.10783879354394538,-0.26826313605988444,-0.7247774619263393,0.1295527394142373,-0.33924162575207395,-0.6042742046362592,0.14229867198466356,-0.3524570402653101,-0.46365421238132226,0.1567040533375588,-0.10519404306267026,-0.5568411425681821,0.04321832236186677,-0.25745611903788385,-0.6846938757629829,0.06129929109394199,-0.31844081905516297,-0.5825009698424203,0.0796445277284407,-0.3367215954128986,-0.4562157550105177,0.0942816423338765,-0.1499699270852018,-0.4805288935257265,-0.017371781501557194,-0.28262274452604785,-0.5941524132846338,-0.002764337234694597,-0.33831437220348926,-0.5278266029025993,0.012293545987634144,-0.36119517409317864,-0.43755358066847305,0.023250079492382877
D,0.0,0.0,0.0,-0.14097793600959957,-0.0668758912322083,0.13265917850422002,-0.229985644104205,-0.20441156697016732,0.17502235362133414,-0.304231574853118,-0.30429697756744606,0.18353736383281383,-0.35215068169826225,-0.3485904657077218,0.19066012338108113,-0.0846329590053863,-0.5880928203016181,0.17642497253837677,-0.1360621141119629,-0.7785252495834905,0.20175286616124663,-0.17626462399883353,-0.910843019827987,0.2056598704264654,-0.20536760076490398,-1.0,0.20468344637373234,-0.07711349352253441,-0.5943691725460181,0.09548722842034102,-0.2546638579406878,-0.7234016490332613,0.10929632866942919,-0.32719916146025796,-0.6004729385689617,0.1251501389834757,-0.34415385334518533,-0.46562831522030806,0.14185785867744485,-0.09302974419267178,-0.5500131286330967,0.017755578257921074,-0.24237030208936666,-0.691821178976259,0.02948822888950932,-0.30932359935759146,-0.5837799344857163,0.05646236173127072,-0.32995946378238133,-0.4598284025136956,0.07632595956151644,-0.13946813358542873,-0.4690968135220497,-0.05516615431384253,-0.27042268043021905,-0.5865670134485294,-0.043662956602014205,-0.3283620986653807,-0.5098033859754652,-0.021607728241704493,-0.34886892738201974,-0.4116349120458527,-0.005939381510753371
D,0.0,0.0,0.0,-0.13894279873362772,-0.06906985399573083,0.13339652962627457,-0.22534998165128592,-0.20302212072369005,0.17463874516443142,-0.2996453498051796,-0.2958302348331641,0.18204724641224523,-0.3502530126389877,-0.33755616536321126,0.18797947897702516,-0.08388190226622892,-0.5816766573257223,0.16878684698742716,-0.13904549945894076,-0.7783252216636042,0.19299597546183972,-0.17964671239790136,-0.9102394937519627,0.19722433428544486,-0.20956618201085417,-1.0,0.1963722979687326,-0.07658508805719302,-0.5876927500954321,0.08749297587741603,-0.25157070633942646,-0.7192382759527988,0.10275863408564131,-0.32395251407759346,-0.5986022431284898,0.12081444317858996,-0.3432038373619742,-0.4699708865141074,0.13784418523631614,-0.09393341029619612,-0.5457909988166273,0.010045988256035707,-0.2442942876265443,-0.6822978376000663,0.024487787302972974,-0.3099072496731296,-0.5694894081559708,0.054072745013417974,-0.3296803938963368,-0.44761431277809655,0.07440183375711472,-0.14191070504626524,-0.4672206768093517,-0.06259435680538294,-0.27166121026874174,-0.582670973925443,-0.04889444167089779,-0.32777963490904694,-0.5010066117569765,-0.024878801453380547,-0.34672459180439535,-0.4002805610236861,-0.008369096519616006
D,0.0,0.0,0.0,-0.14287504099437673,-0.07209860767185557,0.12476193393109687,-0.23195779755325266,-0.20939689480237209,0.1616967111270477,-0.3091334608476177,-0.3051513373295847,0.16651216550488818,-0.3610500303622422,-0.3472027494378826,0.17051202938043286,-0.09092354299375643,-0.588961162629861,0.159428378624704,-0.1414516016471059,-0.7842188544381578,0.18103715224621436,-0.1830871162689916,-0.9137581166449905,0.18389157231841416,-0.2139191673380276,-1.0,0.1822375600949627,-0.08221489122848387,-0.5904015830197306,0.08082021597558403,-0.25479667859090205,-0.7237557814064901,0.0919349468712726,-0.32857440764980783,-0.602379913828802,0.10734355182823221,-0.34758433969595515,-0.47062172636043864,0.12322087842952555,-0.0965452344947377,-0.5415186146396054,0.005371859825930519,-0.24799867023250152,-0.6704178434034482,0.01698392850744851,-0.31298291134176953,-0.5653676606259944,0.04399159186732174,-0.33103872968547865,-0.4479873771488871,0.06337951605428357,-0.1400089033124975,-0.45524987914812876,-0.06578629695834459,-0.27069272920766246,-0.5684355689888334,-0.05422190494835311,-0.3278745263859516,-0.4985627204127249,-0.03274674918007587,-0.34602512103652283,-0.4079940535978308,-0.017784604134774798
D,0.0,0.0,0.0,-0.13845531682193907,-0.07796453411265937,0.11638077137232253,-0.22595943134299495,-0.20938500908005903,0.15203927417672178,-0.3063018150261268,-0.30407431640642624,0.15901665850609892,-0.35808813842060977,-0.33773842183145786,0.16593191721177297,-0.08509954052027538,-0.5928865536133027,0.14899022492088956,-0.13352365292558932,-0.7819941756013031,0.1744417220234754,-0.17395806305216316,-0.9118767810791589,0.18048031529388903,-0.2027107040853116,-1.0,0.18104402723812674,-0.0815306837414258,-0.5938621688548075,0.0783351348609477,-0.25297276315477113,-0.7259221559687731,0.09524262335174208,-0.32260718821926027,-0.6057387833401151,0.11465652501166933,-0.336812160018392,-0.47018941859717706,0.1325808433686319,-0.10152187647982194,-0.5397225684829144,0.011062144015765728,-0.2531801030854986,-0.6657794155804401,0.028633503580897467,-0.31448865336220405,-0.5633643878154924,0.0563242389636406,-0.33055267371330893,-0.44859274703126284,0.07539662756684416,-0.14845414094700551,-0.4481797331083206,-0.05216013685848271,-0.2800581468072219,-0.5610240218615558,-0.03710993553675486,-0.3348473243708618,-0.498977807894244,-0.0161457121476584,-0.3530384705462765,-0.4183182711667553,-0.0017898160535189198
D,0.0,0.0,0.0,-0.1319773311394785,-0.09148031759459539,0.16781978836776387,-0.2204016461571882,-0.22728321502239726,0.22845260641515647,-0.31254624869609915,-0.30396540903044494,0.25458795091584563,-0.3838350763973285,-0.331297031857406,0.27924116663317033,-0.0925331782240756,-0.6117031248204543,0.19091791704315014,-0.15353547513245117,-0.8025709760738863,0.23846899101607572,-0.19717706258012868,-0.9179550456746058,0.26188656742662786,-0.22077774598013675,-1.0,0.2736856505966715,-0.09817321640313231,-0.6275258012321555,0.10726091351543594,-0.2690942797624552,-0.736800565134671,0.15797706266181522,-0.3362732957999572,-0.589357250509659,0.19975082749217724,-0.34512619681183354,-0.4547453236948178,0.2284913837295885,-0.13101566833321568,-0.5751573116851588,0.031718705977279237,-0.30318045112644815,-0.6744369400795647,0.07894542121225864,-0.3626459552762227,-0.5310317191501019,0.1227299065291355,-0.36846160398366684,-0.40831658485309946,0.14743566131241573,-0.19139978991669443,-0.47943666010224734,-0.034749083316351674,-0.32671590984329113,-0.5866594000241127,-0.0008995425880194076,-0.3808476545835023,-0.502220138047969,0.031871154538515016,-0.3963790086687179,-0.41273150795418295,0.05330433699416962
D,0.0,0.0,0.0,-0.05149422119337373,-0.16045545669502778,0.18266263785208664,-0.13299469777610276,-0.31884216493108475,0.2479850857085075,-0.24899722226333879,-0.36957050403393826,0.27897697537270977,-0.35911815281228254,-0.3376888439092118,0.30913303174548085,-0.06616116440816784,-0.6232781656058779,0.18098900624467784,-0.14005857536161134,-0.8111038799024011,0.23136999512069226,-0.18931670880940338,-0.9234361425605842,0.2639606985418147,-0.2147331076113922,-1.0,0.28311366424317436,-0.10092630522531615,-0.6270522615357317,0.095463654361121,-0.2737052205339703,-0.7365064059983862,0.15648634385679397,-0.32426357583119714,-0.5858549893424048,0.21403006758124787,-0.31508915169449575,-0.45821536911443467,0.25270617655203303,-0.1559196658297621,-0.5631883761048166,0.021415962646072192,-0.3281583646705776,-0.6640864731272976,0.08303769308855936,-0.3693278694142387,-0.511521600045662,0.14185019826970469,-0.356609422502058,-0.3927354621882814,0.1742692099666694,-0.22509330469123348,-0.4544264344945478,-0.042485641614659314,-0.35746676087520796,-0.5582746393968763,0.008129165669874,-0.39698858335430276,-0.4528613934492252,0.05423147543502124,-0.3994608046103369,-0.35557872121565015,0.0838737100271444
D,0.0,0.0,0.0,-0.01611901893318789,-0.19271519171598803,0.1954364153827326,-0.088779152471092,-0.3574788216179708,0.26440062580166684,-0.20313338229380104,-0.4068686981442185,0.2985271710452218,-0.3152697051828898,-0.3779652204398547,0.33090284684484483,-0.04953403108697985,-0.6105533833672605,0.17177290713322682,-0.12316478530191385,-0.8096113006358387,0.22398059591983116,-0.17106736836910147,-0.9224789881957397,0.25938006199207125,-0.19575385567439188,-1.0,0.28009191358904495,-0.09241238826284402,-0.6128301089674015,0.08410242643035051,-0.2610392702488987,-0.725759394619955,0.15341397121623912,-0.3050929115206124,-0.5808482290229104,0.21593827006749855,-0.2906819626249066,-0.4642331238409746,0.25457358911425604,-0.15381562060773205,-0.5537562610799099,0.011349258410397545,-0.3249702779812998,-0.6447724008694196,0.08458273192383745,-0.35980178334741386,-0.48811184981663863,0.14841299484891077,-0.34205139151405894,-0.37214637915331245,0.17994241051099955,-0.22433604674183463,-0.4524371642176229,-0.04999467285912675,-0.3572892572438136,-0.5461734607547472,0.009234324637361502,-0.3913625802329242,-0.43768336935256763,0.059716211046835346,-0.3885915299392459,-0.34118146869459104,0.09054831000822766
D,0.0,0.0,0.0,-0.04754131681099854,-0.1504071641911055,0.2140620361873747,-0.13159709817862725,-0.3052115409791903,0.2968633130568604,-0.24310026194216788,-0.363759828425294,0.3384578614728401,-0.3411780505015872,-0.36270375495926266,0.3781839044976179,-0.058569929799176204,-0.6357546125448396,0.23199366109781114,-0.12655409977513596,-0.8197907653986901,0.2948091786356186,-0.17577735755746018,-0.9277262055991995,0.3315093089042431,-0.20276610547800603,-1.0,0.3531616394683701,-0.0937417614623129,-0.6419927457033419,0.13505558086036445,-0.26816383085202533,-0.7459011309083211,0.20662401796077187,-0.32327956773691524,-0.5886258576745307,0.2635663511040071,-0.31923996751299394,-0.459830893989482,0.30232013892846676,-0.1495824804931786,-0.5895185497158414,0.05086469985482698,-0.32430603886577786,-0.6757727906541423,0.12223284431393891,-0.36515447633007025,-0.5021601085873886,0.18339249257948223,-0.3520492428826279,-0.3734140052655478,0.2176133812577841,-0.22397909627476045,-0.49655899424830624,-0.021132485098631505,-0.3556453949602883,-0.5960682593946796,0.03725328982654556,-0.3877688828521804,-0.4771592291375328,0.08741974382346816,-0.3814882353085747,-0.37236864293018973,0.12033569031638171
D,0.0,0.0,0.0,-0.08770685764277543,-0.09477087055612497,0.2328622896672774,-0.1737879294556942,-0.2353152806153677,0.3325172282330076,-0.27709822538132983,-0.29698164055835424,0.3853060031059921,-0.3680819454071776,-0.3119087233621668,0.43588680041895556,-0.07115377254071797,-0.6305576950850095,0.29394524926493193,-0.13097910491981055,-0.7988835137783753,0.37083087021875444,-0.17762104344040713,-0.9190470643044241,0.41319741375940444,-0.2086980028951204,-1.0,0.438453935113127,-0.09718961617015974,-0.6486400211157697,0.18823283971309113,-0.2628631018195503,-0.7620017741027538,0.2674978451123539,-0.32653453628665,-0.6315198249145951,0.3229415326109401,-0.3380216838549181,-0.5099678461463919,0.3625634013009993,-0.14617576302310803,-0.6117305013303245,0.0926496264325246,-0.3151369705530475,-0.7114385107292376,0.16193869517938514,-0.3697289090610168,-0.5468889109125431,0.2179451824483561,-0.3697893758974644,-0.4082175296605888,0.25294110364275074,-0.22300705041148294,-0.5371368657101915,0.01013097601226746,-0.35311701671348816,-0.6332415423185056,0.06710389429260073,-0.39348277901972506,-0.5162579124156634,0.11458116628437291,-0.3900804912447015,-0.40562084703142287,0.1473713557782745
D,0.0,0.0,0.0,-0.009252755390466647,-0.18620456856935794,0.2246126485616018,-0.07012432556084454,-0.3437151806212877,0.3137046163025241,-0.1601372715354361,-0.41928432210931454,0.3611409486098644,-0.24596219233466102,-0.41699675970857425,0.4079866409273156,-0.057420211253616356,-0.6062317497101543,0.23326800665475875,-0.11267657870716663,-0.7994531747335688,0.29820030801438374,-0.15734840245961884,-0.916682262646241,0.342597323193657,-0.18409933371922405,-1.0,0.3708130676309902,-0.10348848818264972,-0.6078868965647491,0.1349197936734614,-0.25580527978708356,-0.7295851478557028,0.21052694715411796,-0.2948246415428038,-0.6089374782440362,0.27751324757723145,-0.28320185038684986,-0.5041015658545969,0.3230493737165563,-0.16161306747611112,-0.5504373295148445,0.051275956361779014,-0.3131169635513917,-0.6539326605404518,0.12739183672534474,-0.34166155791416186,-0.49731907677183956,0.2016079172146956,-0.322821397898385,-0.37526013922858853,0.24479102916039025,-0.23092730307341502,-0.45579417385296334,-0.019779085653618887,-0.3521771428653543,-0.535579738314631,0.04986316162085966,-0.37490834867213607,-0.40864418030918565,0.11203018460576386,-0.36147105795621115,-0.30246125428353415,0.15330081603388776
D,0.0,0.0,0.0,-0.014081597757951899,-0.19077356666634784,0.22486223099065494,-0.07489336025482457,-0.35136512801048264,0.3131027376999691,-0.16049886979740588,-0.4311236870025947,0.3585446174657434,-0.23765023573084618,-0.42962464789713184,0.40259867455829956,-0.0646701068587214,-0.6001570252524058,0.2318949420120054,-0.12078124677513458,-0.7941815750884589,0.29178921928222257,-0.16825146726657764,-0.9126574804041445,0.33169715865550753,-0.19877158530902747,-1.0,0.3568331126896286,-0.10889857306364188,-0.5987824921709706,0.12962258961498754,-0.26486267170127414,-0.7240068924655565,0.1946225031990814,-0.3073625848658733,-0.5994493209303855,0.25496897896546045,-0.2998369508038441,-0.4903225763148935,0.29775899787795906,-0.16370988351303647,-0.5432636116378566,0.042273890862346626,-0.318358916636505,-0.6602262485881906,0.10993119843467884,-0.3457653269516445,-0.4990482001076927,0.1812369981501272,-0.3259227750546979,-0.37256632253000266,0.2236781317187467,-0.23191493788709922,-0.450625894467553,-0.03269914611644591,-0.35768337245540816,-0.5384717741319774,0.031932715411377245,-0.3770567111515616,-0.40958139296064416,0.09290816263886133,-0.35789253250790204,-0.30292657953594154,0.1335141831259752
D,0.0,0.0,0.0,-0.0859301315716968,-0.11962432436446432,0.2260349928365089,-0.16973937030858297,-0.26521723258740737,0.31510955970869026,-0.2699294872533369,-0.335523997250057,0.35736394248237674,-0.3623220785360509,-0.34670740409518314,0.3969148462006433,-0.08269493718728803,-0.6259620879301626,0.2681459585603545,-0.14769502810252408,-0.8079982644212038,0.3293704125935418,-0.20140486942004268,-0.9233803867103856,0.3629771254969677,-0.23987353482463006,-1.0,0.38265409741720713,-0.10741968263503723,-0.6330851231721006,0.1581133130505192,-0.2801009242401256,-0.7604296084967853,0.2189861645534591,-0.33245921688252905,-0.6199131710915089,0.26647415923123957,-0.33284600569115497,-0.4944484103228074,0.30162103522410677,-0.15082275512584958,-0.5857322347811712,0.05867879887863834,-0.32012444838395043,-0.69805065241745,0.11559624770550561,-0.3639015052093042,-0.5267688461385246,0.1702273171476733,-0.3546733658472127,-0.38463446453632605,0.2039829991764239,-0.22071939491260548,-0.4984579804353188,-0.02846971397018295,-0.3514726984322188,-0.6033327304704704,0.021639673628257087,-0.39024183522189493,-0.4794213016202483,0.0685789302268641,-0.38509034198425346,-0.3655350472682886,0.10028384907425877
D,0.0,0.0,0.0,-0.14439374666933677,-0.0768251134771263,0.20379310011372892,-0.23564276883931093,-0.21907479991598952,0.28059674824556263,-0.3249079175247449,-0.30699145576429354,0.31085311644795693,-0.3929761341350147,-0.36226973275773644,0.3385762525683233,-0.09852117909784368,-0.6206684025747103,0.26297482444162584,-0.1738867776300768,-0.7917113432910257,0.31465540673603215,-0.22940477240178705,-0.9121402851574721,0.33946484716918485,-0.26733561208753437,-1.0,0.3524876279416853,-0.09339356440670428,-0.6398548222862213,0.15280112802433335,-0.27389144345064037,-0.7729005028546339,0.19663236696550312,-0.34309692168953604,-0.6398863133616505,0.23389128992959224,-0.3559579732960822,-0.5185069836922502,0.2646640796352754,-0.11843819175931256,-0.6072633587069995,0.04895451886765406,-0.29146147124761984,-0.7456244757378616,0.08579243346694233,-0.3613888341901048,-0.5988860899678174,0.13375794450539974,-0.3701608660534176,-0.463926266153315,0.1660340153240726,-0.1800248059699881,-0.5298043106012328,-0.04504973139924887,-0.3217681287694496,-0.6368230671998985,-0.012493956366607408,-0.3820082103017719,-0.5278954372902148,0.027814622191157892,-0.390584885029297,-0.4173483948934586,0.056238492982247125
D,0.0,0.0,0.0,-0.16499041731097705,-0.06809691674817017,0.18249080092777714,-0.2571800677541409,-0.2068977672568316,0.24692032864884325,-0.3428276330157971,-0.3032505082571332,0.26699654858283267,-0.4037408337779649,-0.3691982847814213,0.284894205539875,-0.1167396291981357,-0.6167053263427105,0.2436906958586995,-0.19173445218339885,-0.7922866713001844,0.28499588223565214,-0.2442830153612356,-0.9145280236640427,0.30207087080452566,-0.2807655234950554,-1.0,0.3096701535653003,-0.10181333864322162,-0.6358461933243232,0.1371685322342055,-0.2898468728114557,-0.7762018539208796,0.16164442503392873,-0.36563514674357245,-0.6477134651531632,0.18728599898286208,-0.38363741793373496,-0.5235343489084301,0.21295268413811505,-0.11892967383985911,-0.6019687438445958,0.03536939168814193,-0.29382638307786446,-0.7489991210130196,0.05321491525395092,-0.3712610993111254,-0.6195503786390876,0.09143298678153225,-0.3897383039581705,-0.488425155275697,0.12047329933297864,-0.17350921243297204,-0.5196863645075747,-0.05810691985279161,-0.3224734683522361,-0.6206655057182165,-0.038562713990427294,-0.3865511549070203,-0.5226777251154895,-0.005195564890634037,-0.4000522502609986,-0.4170184867753332,0.019308116064761766
D,0.0,0.0,0.0,-0.14525888989353408,-0.07128597741520074,0.1217370820938732,-0.254699127546321,-0.203458702297172,0.15537329578420808,-0.350903527687364,-0.2943433269495259,0.15544377885636357,-0.38634535796310193,-0.36409916232053063,0.15480882304239996,-0.09482258623325403,-0.5958202321882683,0.16277401836053146,-0.18705698412344793,-0.7980472411990905,0.1811188383220545,-0.2565647523694732,-0.9237049231625684,0.18606798552169354,-0.31166807888880266,-1.0,0.1851701905855662,-0.08485803390511046,-0.5940592436788655,0.07810473953103443,-0.2919055152971953,-0.7705853462300071,0.07359217446702863,-0.3694700236326348,-0.6559865287067759,0.0840062804407923,-0.3880537402376784,-0.5323150481935208,0.10108390150843223,-0.09961069785795477,-0.5548970306973304,-0.004550585838768029,-0.27125237472258096,-0.7232003642329585,-0.008670897262076685,-0.3429091724787994,-0.6113868123803357,0.01234888152190403,-0.3669346815893606,-0.49207824043523585,0.03238040889295842,-0.14718075393456867,-0.47319978807705537,-0.08316541888367132,-0.28891164918097517,-0.5705972790589351,-0.08126440848546565,-0.3479154871474982,-0.48756181832754486,-0.06549628175651781,-0.3680492711883894,-0.4053479559140867,-0.052704880505670536
D,0.0,0.0,0.0,-0.13467191253814495,-0.07660831150319611,0.08852254536968474,-0.231514384418581,-0.1972511453264776,0.10283245816056849,-0.3180964547098447,-0.2936811977259197,0.09147763052915084,-0.363856642561643,-0.3440830311018108,0.08038395102662427,-0.08893389267799534,-0.5824465543946798,0.10538065842786469,-0.17187525561354006,-0.7830231355592842,0.10725952908367924,-0.23537202987439165,-0.9162865508098667,0.10224402838224604,-0.2851159954981195,-1.0,0.0961707914429273,-0.0794934696890056,-0.5620798602491872,0.03566603294126541,-0.27432667392638754,-0.7258278203790466,0.020273978376235787,-0.3491015324839318,-0.6212580845005907,0.026686907187583334,-0.3651860107881065,-0.5015463063265552,0.040579792044663804,-0.09182420758913488,-0.5010991530404645,-0.03270448764260392,-0.2612832113856702,-0.6581212022496126,-0.04544284763917085,-0.3305650016489666,-0.5613001870883659,-0.026557978526343357,-0.34972985279268093,-0.4513906917669976,-0.0076864281755437795,-0.12978778237813,-0.4031446066698864,-0.09861978831051248,-0.2738512771963916,-0.5287163215454148,-0.104470900788057,-0.33025207140321966,-0.462224793867314,-0.09058634374602104,-0.34695805365507504,-0.38362065184327443,-0.07862453397963373
D,0.0,0.0,0.0,-0.1327878467958297,-0.07304899875651921,0.08276019626107319,-0.22961663375728222,-0.20005321783942423,0.09432373605185061,-0.31457558275799463,-0.2896356600188937,0.08153197858463963,-0.36051152333081793,-0.3091056982979463,0.06845398599557738,-0.09580918354706845,-0.5781898354147704,0.09198397025896503,-0.17239900296112634,-0.7752925351261498,0.08985515308622241,-0.22704088369901998,-0.9135814003651213,0.07972693964202153,-0.26807867797869894,-1.0,0.07030483498918451,-0.08606692651617526,-0.5592846841688088,0.026397220235731947,-0.2791124289844067,-0.696657541766777,0.01117558937194873,-0.3506144527761844,-0.5966871231945466,0.013246891034608403,-0.3640467083782847,-0.47093610908861466,0.02161463157460151,-0.09714344185713464,-0.4936858514252071,-0.037091663578652276,-0.2558359781104065,-0.6383422377814172,-0.04860304289753244,-0.3240851774946442,-0.5411894032408294,-0.03480927257825745,-0.34928798486827645,-0.4212287022283976,-0.021774664172490875,-0.133969501625321,-0.39147157602708715,-0.09880382808166827,-0.2772921821822563,-0.4969835673345454,-0.10203857157356078,-0.33719357889638624,-0.4272077530082279,-0.09042678377792744,-0.3646768469358359,-0.34370458706614226,-0.0823723298061097
D,0.0,0.0,0.0,-0.1293493868311375,-0.05944392103689651,0.0707213833081523,-0.22731172901947672,-0.19495507256367622,0.08090279611430219,-0.3086553682411798,-0.29735672849910444,0.06771719761897346,-0.3493145200145672,-0.3246521955504877,0.05512443650873098,-0.11136341443909574,-0.5689012785517121,0.0956457887245875,-0.17074846886553544,-0.7668439253327128,0.08406709737700974,-0.22042326432013323,-0.9057372019891237,0.06846265834179438,-0.25324822903364436,-1.0,0.05639033645252649,-0.09443623757835513,-0.5463744890214842,0.030951584696772252,-0.28243739048547384,-0.7002406674862999,-0.0028145337621979074,-0.35197406955269467,-0.5882834448183376,-0.010201905664717478,-0.35512356712162146,-0.4642952582061474,-0.0028333304694921767,-0.09807568317808135,-0.47709079175698194,-0.03443361237005292,-0.24997971271272929,-0.6402831767851085,-0.06461281352711659,-0.3173754469028262,-0.5373597023609903,-0.05539588714835639,-0.3314142496941641,-0.42072250381601867,-0.039405062331800335,-0.12650102491643112,-0.3756108616020278,-0.0994868879916112,-0.2648889271691476,-0.4845474076274951,-0.11501736212171777,-0.3232676785831648,-0.41827795935011475,-0.10708155784768048,-0.34197686933224747,-0.3432634716827232,-0.09848377872045216
D,0.0,0.0,0.0,-0.14630416687123135,-0.06425421663624231,0.0769980398010552,-0.25673216828161194,-0.18875065274734104,0.08326092737676274,-0.3440559264995336,-0.2685219568584219,0.06120225850154125,-0.376051369542028,-0.3178092906589066,0.03606004884579016,-0.1321946146670654,-0.5739893016384516,0.09574614990223662,-0.20202329359571172,-0.7770132513289266,0.08122959996762294,-0.257943433027007,-0.9097157257434625,0.057984332664797265,-0.2997106153454763,-1.0,0.0386344606479084,-0.11813276323012858,-0.5500585798895797,0.02137453951596641,-0.32027974407841003,-0.7076871320625031,-0.022263203283728307,-0.3849167384502774,-0.583894212530071,-0.042117669567933384,-0.3885390956604018,-0.4477767537145229,-0.04339066287197305,-0.11963932640937636,-0.4902090130460204,-0.052656798423605926,-0.27960778253359697,-0.6400250164023691,-0.08545240440187893,-0.34182408849691814,-0.5329696545013903,-0.0871015607956786,-0.3609761975961045,-0.40924915087055297,-0.0807654344104037,-0.14047574680990657,-0.39312673787005753,-0.12616974443972712,-0.27099112709939166,-0.5078646570231151,-0.14604728178580148,-0.33087043021070905,-0.44953448514414,-0.14679803886113632,-0.3607320031421137,-0.3721760029992903,-0.1460795983582196
D,0.0,0.0,0.0,-0.1477230105574861,-0.0656298058761711,0.07886139192012692,-0.25944631606932816,-0.18639850884684037,0.08317563087522763,-0.3464652361156615,-0.2557735412962953,0.05699409586830806,-0.3803588596411135,-0.309343115613156,0.026786716437055248,-0.14080366781783907,-0.5688905285188189,0.09810096747678054,-0.20958711313536033,-0.7732331383680565,0.07473389118609787,-0.26602085537658376,-0.90431981690451,0.0442325784378036,-0.3062595222366044,-1.0,0.020509483022195456,-0.12078369685674438,-0.54418384921253,0.018227901702071066,-0.3180379470639733,-0.6991491305336391,-0.03845273438501253,-0.38206346307744365,-0.5616688463748811,-0.06453681262915238,-0.38313630919451946,-0.42457560588727106,-0.0673347948549075,-0.1157346735629591,-0.4873865611813213,-0.06237445508225956,-0.27170191572630387,-0.6426102073005455,-0.10594547815538854,-0.3339156891548103,-0.5257230186139025,-0.10921447401036231,-0.3489441506836317,-0.4026558871815254,-0.10180987205104185,-0.1288250074745641,-0.39644841834642947,-0.1426592180714407,-0.252188995472294,-0.5139534894129737,-0.16847373855353664,-0.3124673267557169,-0.4474803333924137,-0.16983436378068284,-0.33935460943388457,-0.3693532353673099,-0.1685673524336679
D,0.0,0.0,0.0,-0.1412344848320239,-0.074042116514117,0.06933650804318081,-0.2532228996514952,-0.1963787690246601,0.06875167540109302,-0.34137399111318106,-0.26506737878881803,0.038018317741028165,-0.36933888099265766,-0.32408889178258776,0.0036083266340715186,-0.13546367292849365,-0.5736946552442945,0.09225060471675738,-0.20762377609440374,-0.7875311057662123,0.06545241678980722,-0.2661310021715408,-0.9125699197393675,0.03281021274255974,-0.30849127512926505,-1.0,0.008119567729614379,-0.11254988818456435,-0.5460668762417991,0.01571314673013621,-0.30294958973027786,-0.7157682875419666,-0.04577671518768326,-0.37023457279618444,-0.5756856738256033,-0.07504647413015328,-0.3743187527396639,-0.43707332632304535,-0.07868514055491378,-0.10465670696098231,-0.49244027156935377,-0.06259048527659059,-0.25469407329700167,-0.6558397965628869,-0.10926581574194821,-0.3167360861370468,-0.5335236746945826,-0.1142814459694283,-0.33016732303281143,-0.40993068299378277,-0.1067517833031932,-0.11378592359050761,-0.4069231140492489,-0.14168766276132716,-0.2315923367619695,-0.5297488722467175,-0.16825357653002088,-0.28982222902543936,-0.4601299181309448,-0.1702791342304551,-0.31258662782556507,-0.38056766772074313,-0.1686983882070335
D,0.0,0.0,0.0,-0.14244086683073556,-0.08243584411934494,0.08430005317907893,-0.24339499210038587,-0.2008828198584146,0.08639475348272034,-0.32612635964512504,-0.2686355410476104,0.05403215674330507,-0.3582896338452891,-0.3415398645671923,0.017445312630250388,-0.1508355123735302,-0.5735363163871419,0.1053120876881445,-0.2086546112098563,-0.7873168941603622,0.07606840542116412,-0.26013894585726005,-0.9074249133131286,0.04025673727806717,-0.2959982805046638,-1.0,0.01359268188427805,-0.11320315585786771,-0.5594824565901012,0.019479354228792375,-0.2575607710099353,-0.7315587448348677,-0.04200267549908396,-0.32798886932974813,-0.5917625159511439,-0.07209566865053627,-0.34251936449883025,-0.4591923688967885,-0.07693548041516955,-0.08974085087959165,-0.5142507567298635,-0.06727654500923193,-0.21924277641053688,-0.6680590686051104,-0.11662219947374822,-0.2900734512198827,-0.5478346796858384,-0.11959502122873486,-0.3061007903412026,-0.42902002058457145,-0.11067285450320087,-0.08309382880624677,-0.43210877445842066,-0.1535645636825145,-0.1930467017212044,-0.543042096777869,-0.1814876404777778,-0.26036907433992645,-0.4710264798483882,-0.17908347136621852,-0.28080303565460457,-0.38696869872846595,-0.17368568852775043
D,0.0,0.0,0.0,-0.13422210456346523,-0.09259620281939797,0.0808631166964571,-0.2217690921316026,-0.21624268749226666,0.08195250679806247,-0.2949595132380489,-0.2895289061668216,0.04767876491747588,-0.3263324374642108,-0.37065745667168315,0.008736095243377043,-0.14711940669292886,-0.5534044465418396,0.105930801455076,-0.1889028528731597,-0.7824458210199288,0.06740623357524524,-0.2327739426778046,-0.9025664995784427,0.025900075044537743,-0.26238078658076297,-1.0,-0.002836718066600986,-0.10430472786776435,-0.541182403365552,0.02027605003058175,-0.21086003915350918,-0.7511140813552755,-0.05698788277551726,-0.2852038677758562,-0.623572628224865,-0.09701060652218772,-0.30911033673744415,-0.49240753316586144,-0.10427445862273224,-0.06953908300985168,-0.5068988636657928,-0.06725466341611164,-0.16949982878732509,-0.702591234294714,-0.13264078246838953,-0.24820982041373038,-0.5882205679656769,-0.14290612434700983,-0.2700858365393746,-0.4637814453419122,-0.13408348605081094,-0.04549856939101042,-0.439911185223339,-0.15420689525965492,-0.13721688761254716,-0.5872816558807478,-0.19363783072830285,-0.21339118115643851,-0.5252936752982793,-0.1965603609494981,-0.24050117355018355,-0.43673451868136504,-0.1920620866245892
D,0.0,0.0,0.0,-0.1361435012831623,-0.08808415073919011,0.08510015063103969,-0.2232253169025733,-0.2132197882510601,0.08832147668707745,-0.2977482189355765,-0.29135700501143147,0.05458958411943325,-0.33119564504860977,-0.3836354356654298,0.016079456213366372,-0.14856996649483373,-0.5487004128849197,0.11781493733849639,-0.19321703185999878,-0.7781811993865626,0.08298010687058498,-0.23905015105828692,-0.8986555086133559,0.04259888626786796,-0.26944809067427944,-1.0,0.014028980275085605,-0.10740623234911781,-0.5420814121706751,0.029811112037170236,-0.21525448826037422,-0.7543581924080591,-0.04391573215690948,-0.2891442016115732,-0.6315325277949323,-0.08479706363173373,-0.3125928130460062,-0.5021575657136202,-0.09310208790518726,-0.07261540129232992,-0.5127369559408346,-0.060332456431498274,-0.17365397965861523,-0.709770576221232,-0.12272523504703067,-0.25339510351176187,-0.6004705152217363,-0.13430361103708227,-0.2759848147022823,-0.4773565159900589,-0.1270716322254042,-0.04842385823702546,-0.4496365970606715,-0.14963600579769312,-0.13961193968996827,-0.6034534723508219,-0.1882419146309743,-0.21849147771003719,-0.5500041443523708,-0.19246266896170047,-0.2487098490686682,-0.46680849832718313,-0.18934872832469582
D,0.0,0.0,0.0,-0.13599755447682332,-0.09300998761889684,0.08471965963533377,-0.2238919518059735,-0.21978570852448157,0.08701314785506298,-0.30107232571198683,-0.29716249722454036,0.05222490113411074,-0.3330880594420144,-0.3880242744714519,0.013173089539376098,-0.13927252045126237,-0.5586736302193088,0.12066586772604561,-0.18485567334532002,-0.7797049705478707,0.08753141965926067,-0.23151066886391958,-0.8992115095644894,0.04780898121973585,-0.262134499249594,-1.0,0.019559139614324976,-0.10022865935223355,-0.5502630166536141,0.032918097373342246,-0.21090741739189406,-0.7577528655493649,-0.037208095309937614,-0.288902558021401,-0.6364513203483098,-0.07668488531249798,-0.3155028203439986,-0.5111813646633275,-0.0846617444454832,-0.06982558158377712,-0.519062416548937,-0.057359304584825195,-0.173076289230446,-0.7122495749594864,-0.11595933658478215,-0.25298115402497146,-0.6034947279566435,-0.12539488284386,-0.275481288097025,-0.48361321524230166,-0.11726491097972888,-0.05249264866267025,-0.45390186977466784,-0.14704573084271916,-0.14492794567308664,-0.6072719214228307,-0.18181975629482328,-0.22067801384039415,-0.5515644175399389,-0.18331200729703098,-0.24777175916048452,-0.4674261168202059,-0.17868136953660482
D,0.0,0.0,0.0,-0.13957177966066978,-0.0912219833330416,0.09722266307566993,-0.22919345790413043,-0.21515965994727224,0.10877002005220437,-0.30597470820284534,-0.28951320360322513,0.08177611420913558,-0.34053079578649637,-0.37642959532801784,0.050387075988646036,-0.14671809591129562,-0.5441978295388934,0.13690960238387284,-0.19549915900497794,-0.7744710681946471,0.1114034908471641,-0.24261672910351756,-0.8963477514726569,0.07789239342469684,-0.27465101096303957,-1.0,0.05369637184819956,-0.10854974570281896,-0.5401507000512331,0.04647413545318254,-0.2242168827407512,-0.7540682024679533,-0.017174363309563512,-0.3001207025551625,-0.6346910415564136,-0.051067038015742854,-0.3241380654495112,-0.5090986239064551,-0.054784929342228304,-0.07956338026245699,-0.5157524717457577,-0.04549545375342937,-0.1862243165681792,-0.7159019626610376,-0.09840360107038276,-0.26479109072877005,-0.6105947868860641,-0.10350014325190983,-0.2851920943364395,-0.49117039022193854,-0.09225348746250109,-0.06364226260372158,-0.45720720133566073,-0.13601815708099882,-0.15581851986614095,-0.6152914234894398,-0.1661176196858625,-0.22974812109086906,-0.5611331192889586,-0.16475932799882115,-0.25448264809215354,-0.4769762017464442,-0.15788573459697922
D,0.0,0.0,0.0,-0.1289106615003049,-0.09813510316109449,0.08085930281803363,-0.21956072169635785,-0.225976082167923,0.08556783702239296,-0.2916683342908189,-0.3134024280773383,0.05521666442988084,-0.3033244677875918,-0.4159690197278487,0.021470112605342578,-0.15484580090581201,-0.5315291587293972,0.11700368907309835,-0.18469648038911285,-0.7691330351414191,0.08682058269823317,-0.22502733867818267,-0.8969888052494239,0.05353391254426403,-0.24958454406989952,-1.0,0.03055356360975778,-0.11190350534182483,-0.5264425114643464,0.03417410123396885,-0.19299640116350034,-0.7721376795471885,-0.037338239454063456,-0.26464287942716924,-0.6551467190230217,-0.07128409243325226,-0.2877004660315525,-0.5199229918097074,-0.07289792275918598,-0.0753435077879498,-0.5034811291650932,-0.050841431131322126,-0.15063953489817383,-0.7338373038532185,-0.11129785872241853,-0.22730293094991932,-0.6313396959098753,-0.11764718749230355,-0.24874754175627298,-0.5058605077350001,-0.10476093000384247,-0.045372262185816505,-0.44916348243674814,-0.13556968286790927,-0.11935324853599172,-0.6320064762650058,-0.171980604144697,-0.1935759885986712,-0.5876830771655477,-0.17353819099767023,-0.2214988531303315,-0.5044669125552584,-0.16730983230526325
D,0.0,0.0,0.0,-0.11135019772328979,-0.08993943947825245,0.04185477237192735,-0.19621849973234512,-0.22186580916722318,0.029428088458273584,-0.2610104278738516,-0.3168806525307753,-0.010626248389770979,-0.26367718890360387,-0.421340839214086,-0.05340948379473794,-0.14772440658543912,-0.5137153356828738,0.07570744696935962,-0.17392434238842505,-0.7598959521498847,0.03567528430923412,-0.20898800861012962,-0.8935972136789331,-0.004327148234178548,-0.23175724393535224,-1.0,-0.03127756006018833,-0.10152464143909729,-0.5081394435438961,0.011947718991658416,-0.16320246227421562,-0.7645727598366615,-0.06637129902554227,-0.22581738885797828,-0.6548626226563259,-0.10676454244039175,-0.24691883193558012,-0.5218865263818859,-0.11287979113857018,-0.05838577888068817,-0.49071715694061824,-0.05611220741831054,-0.11493160307573466,-0.7318598261460535,-0.12329484221384505,-0.18367209932015915,-0.6308908854043145,-0.13898248559365975,-0.20454930458672357,-0.5055257617497727,-0.13173287214350693,-0.01879682548526091,-0.44519023071021524,-0.1266512254875866,-0.07935897850956015,-0.6341865036193012,-0.16743096385087394,-0.14523219216741215,-0.5905599520555216,-0.17544530101670375,-0.16958401690103095,-0.5052791879956101,-0.1737981663794031
D,0.0,0.0,0.0,-0.10525108781507517,-0.0949092234836249,0.030519767415656342,-0.182659693655432,-0.22726181614066618,0.012179355803897974,-0.24125220720219123,-0.3301705020068131,-0.03134670184323991,-0.2402495635916094,-0.4441687820204613,-0.07671034966548332,-0.13126086557063257,-0.5129356414091422,0.06418150611148594,-0.15148697008074327,-0.7646907384676019,0.023061948149276947,-0.18177639073622753,-0.8966998532914624,-0.015694122975632434,-0.20118126506976527,-1.0,-0.041595434741176676,-0.08549494409070411,-0.5052962788494596,0.006135724541961064,-0.13901333557557047,-0.7717246969976855,-0.07317231696236796,-0.20316304775867727,-0.670209336428746,-0.11245655525806861,-0.2271410469970525,-0.5434138125487581,-0.1173652284629343,-0.04361584114572258,-0.4865614784740364,-0.05674837084358631,-0.09085332814761884,-0.7371782938891138,-0.1256938111104212,-0.1577511227147605,-0.6389085066603208,-0.13999320236251475,-0.17772646892775507,-0.5165348216074178,-0.13093527310531317,-0.00489361764294343,-0.43796475423966247,-0.12259755972620227,-0.056112850323852846,-0.6342822693041522,-0.164118835385993,-0.11735748023622704,-0.5867840248394858,-0.17040592441784977,-0.13761189407247512,-0.4958480412511034,-0.16674191196694063
D,0.0,0.0,0.0,-0.1170989973469138,-0.10812133378115554,0.07726004702693601,-0.1954281779103887,-0.24824359965736395,0.08001128146706712,-0.2629558608730971,-0.3378994274645192,0.04938621068121727,-0.2738327331995074,-0.42225806535600563,0.014562655192596379,-0.08754403368039554,-0.5461600547801115,0.10641616904286494,-0.11962997388571682,-0.7751539388826836,0.0753229068143246,-0.1590414521936779,-0.9021815710748514,0.040426373758797256,-0.18459465581478907,-1.0,0.0157485175172102,-0.05363777432364527,-0.526626740192824,0.0258105765701834,-0.1530079592585939,-0.7611581931936232,-0.04373906758039942,-0.23042548316631128,-0.6561735024643239,-0.07882117347082358,-0.2570065949630416,-0.5339100996925128,-0.08282222565773206,-0.028259663977129826,-0.48831594116865973,-0.05680940219080712,-0.11300168454050057,-0.7125616731887284,-0.11511768384233376,-0.19340829148018257,-0.6249811888638074,-0.12402181148728364,-0.22228553352027305,-0.5144377748443688,-0.1146631817321018,-0.0170844170891036,-0.42076306820696674,-0.13864157105622874,-0.09120628200822223,-0.5980940218339361,-0.17510772337826497,-0.16791536160341178,-0.5668487246179842,-0.17895180184088094,-0.20257016098166794,-0.49940286033414827,-0.17523211120270826
D,0.0,0.0,0.0,-0.12614084019727742,-0.11691384179889981,0.09172204745311346,-0.20141543410805043,-0.25388534404517715,0.1016657906898502,-0.2701827513152721,-0.33983814351628705,0.07783039081625513,-0.30379092308512734,-0.40439332396225613,0.04991760115849507,-0.06387314497451106,-0.5592646851320605,0.11529670845749937,-0.12402341731665863,-0.773813448371854,0.09917606938286305,-0.16747887488897467,-0.9029843453339766,0.07391894098949418,-0.20023558673804606,-1.0,0.052848525324213615,-0.04737964931690562,-0.5434540542071484,0.03027524709699042,-0.19023316529523868,-0.7282286393149945,-0.013230475467348133,-0.2632383901513363,-0.6267257883148671,-0.033617750311759585,-0.2850519155806959,-0.5249477501632369,-0.03537003113099824,-0.04740006190116176,-0.5022383674423364,-0.054688437081674805,-0.162822509262848,-0.6885249509396295,-0.09075856984129545,-0.23393433935053792,-0.594059465940455,-0.08757895900211114,-0.25735012506535215,-0.49253735056393594,-0.07782982105106001,-0.07047687113867264,-0.4307364018380512,-0.13800254723588934,-0.16084083006753247,-0.5833917218295493,-0.1595571039498307,-0.2245079355197082,-0.5325448037087624,-0.15400709771123464,-0.25071858675514164,-0.45742088018552995,-0.1479481802314029
D,0.0,0.0,0.0,-0.13501494079564216,-0.11698633260933997,0.10691148156868549,-0.21049537474484992,-0.25564765966024083,0.12666951265816653,-0.2795392523069483,-0.340315034066972,0.11196133839848066,-0.3177599769667571,-0.39915886994783695,0.09406681990740658,-0.06882988628528652,-0.5727772722939846,0.1316324002326093,-0.11954544236546585,-0.7748142809871135,0.12697653679945753,-0.16099599196221154,-0.9049507854578055,0.11068739216275351,-0.19401842295457442,-1.0,0.09546070480231458,-0.052742135051840174,-0.5533496882912696,0.0445400685190205,-0.1977166440469729,-0.7234229894029135,0.01483074786068544,-0.27419662434722464,-0.6289117024926344,0.00527196765347913,-0.3024182457622667,-0.5286547184229358,0.009140630189643499,-0.05831958862969588,-0.5068511409531673,-0.04117581607855886,-0.18104415066768104,-0.683379385385676,-0.06563377570373902,-0.2560136412222253,-0.5967835793260329,-0.05512478019448088,-0.28431508577630105,-0.500555404632089,-0.04216892621836294,-0.09046936194013905,-0.43307579702808163,-0.12390909528025719,-0.1936238255502949,-0.5711756009279817,-0.13569712794674726,-0.2579550002074021,-0.5204141088904339,-0.12438879500719553,-0.28451602421276784,-0.44911798882840026,-0.11532518977127454
D,0.0,0.0,0.0,-0.1279320501882365,-0.0932555633856287,0.08765653094610341,-0.22093143951199037,-0.2360429742082079,0.10718546467985145,-0.2971656886165858,-0.33926966038247947,0.0977432706759915,-0.3218791272578188,-0.3886717928394466,0.08759261766655839,-0.06709155702646902,-0.5779116878015694,0.13351678350221133,-0.120853988208179,-0.7844030239218647,0.13712240574796575,-0.16853479246189265,-0.9190745878065575,0.12736799553632325,-0.2109514606805374,-1.0,0.11716038058977142,-0.06103740987836876,-0.5601501776483117,0.06166120045746996,-0.23015435691910252,-0.73176322640226,0.041460477270409364,-0.2989186641492931,-0.6328840107142489,0.03384837271062827,-0.31891456692713416,-0.512994159049059,0.03980726245523954,-0.07082776520494641,-0.5150871805784898,-0.010592781400079814,-0.19877609488364267,-0.6886018691720238,-0.028995427743582533,-0.2627874420792009,-0.6008140005701729,-0.02203269781368723,-0.29021564854950394,-0.4914677236961528,-0.009790612560079464,-0.10357884411189715,-0.4456709774323284,-0.08148655281656349,-0.21300697426394888,-0.5848362016276104,-0.09027794977005872,-0.27175913438953797,-0.5240919528134411,-0.08235253217182534,-0.3006682535479847,-0.44154354053912204,-0.07467602798272173
D,0.0,0.0,0.0,-0.14455428867678224,-0.09819629605419103,0.10852800221225352,-0.23015299240278905,-0.2388555423165613,0.1345001858279109,-0.30839663781457544,-0.32131548463481907,0.12223469504334374,-0.3511210617124359,-0.40252124187615584,0.10636489480345307,-0.09494605152849346,-0.5711428238094818,0.17401142525830485,-0.15571862280380447,-0.7794942692224396,0.17643005688785615,-0.20202747129831447,-0.9042569384271872,0.15883139315035905,-0.2378715826233634,-1.0,0.14174330660929982,-0.07846526523321548,-0.5659374508348342,0.08461126333850094,-0.2376779682228682,-0.7192403368001935,0.05934258969745221,-0.31104220760270435,-0.6147184509339976,0.039219533473944176,-0.33504460368189154,-0.5171573259050749,0.03674343098433631,-0.07667170652042271,-0.538200504945818,-0.006143534066682364,-0.20747708385745323,-0.7009904292147165,-0.02849347198771879,-0.2786338767170403,-0.6065955324486897,-0.028475756118601855,-0.3024273092707974,-0.505056829798468,-0.021991966814154856,-0.09970333776819819,-0.4815480292632413,-0.09493061509952633,-0.2030660954189123,-0.6198030505308677,-0.10729924964743098,-0.273458259502135,-0.5698897158641352,-0.10290675757764389,-0.3058431627760562,-0.49743551802320507,-0.098526787162409
D,0.0,0.0,0.0,-0.15230715081612542,-0.09311069854661665,0.12633842731265998,-0.24299442079341724,-0.2377338414420039,0.16302274906767572,-0.3228019635550741,-0.3206034564976581,0.15764969159453343,-0.37154560881036597,-0.4112362674059763,0.14868919505007946,-0.10798108075272714,-0.5839961328503981,0.20862155674748806,-0.16934922732375424,-0.7872412681933405,0.22023436276977196,-0.21875707872384897,-0.9076819448667222,0.20636662828857483,-0.2580719419583023,-1.0,0.19147875874749737,-0.09040997328935485,-0.5811796820715674,0.11287998677171748,-0.25291013913250177,-0.7283339908015576,0.09596520139150462,-0.3307724372927091,-0.6226456785304776,0.07612154789094304,-0.35940859951766213,-0.5226775829314719,0.07390237556181826,-0.08888775895582515,-0.5551756155628738,0.015939644354764266,-0.22728895322097956,-0.712508143679973,0.0001990397661429223,-0.30334660009045483,-0.615789601276954,0.0015161144604864051,-0.3294212411069,-0.508793993498115,0.00886560763688315,-0.11308870236194678,-0.4996963420663035,-0.07782726773892089,-0.2237261909152965,-0.6362513461080138,-0.08462037669394375,-0.29724593402964533,-0.5849219370229491,-0.07740132002087745,-0.3303060620515245,-0.5098113500340682,-0.0708896060765842
D,0.0,0.0,0.0,-0.1520424396073464,-0.08382856282502961,0.13379233195436274,-0.24404866502393197,-0.2342801872329183,0.17497696552465228,-0.32143506217963697,-0.320166840726893,0.17530037977262936,-0.3727449719340705,-0.40069869785082,0.17276832996765568,-0.10064842847341775,-0.5956504134027241,0.20782330628730547,-0.16367017326114927,-0.7893641976735234,0.22340435177822024,-0.2139763364700641,-0.9117379953485784,0.21415651622636547,-0.25367464909554094,-1.0,0.2028624872738844,-0.08452749315120758,-0.5883882934708748,0.11328795410149693,-0.26228457910268066,-0.739400320241643,0.10022416375215074,-0.33981470072968545,-0.6228585087963889,0.0881047618100516,-0.3661413042660732,-0.509855792800457,0.09125922165150614,-0.08954472162648512,-0.5552969305184488,0.01897232745322955,-0.2393841153416916,-0.7125042888284787,0.00886711775994386,-0.31349684920677356,-0.6072555832717843,0.017847599705805,-0.33978714556225736,-0.49465381889321763,0.03000217209268283,-0.12241359198632826,-0.4912709605594615,-0.07139493600617061,-0.24018205282031582,-0.6272022424846528,-0.07383218800111688,-0.31072273443533033,-0.5713092861734734,-0.0624961169057764,-0.34479979290548113,-0.4945620595019311,-0.053021156347955886
D,0.0,0.0,0.0,-0.13700342324477094,-0.10580910692498222,0.0766373713724062,-0.22410685280656675,-0.22601983863643377,0.06975335380286629,-0.29438077463146384,-0.2947658880127898,0.03188499146308795,-0.3356831253195759,-0.341147020741428,-0.01009844450644889,-0.10288632414442388,-0.5711981012374084,0.07100186840810586,-0.1537193039936443,-0.7718621701986605,0.03799685786185273,-0.19675744597784964,-0.9002780815261721,-9.271216863870898e-05,-0.22775920560697538,-1.0,-0.029695327687045744,-0.07041920015340968,-0.548655195461595,-0.012341283200292093,-0.22586754139141146,-0.6830506277096494,-0.06952521646502986,-0.30092333184523473,-0.5630169580995846,-0.09501100163612522,-0.3208791709414738,-0.44778184359920503,-0.1024247984157139,-0.05871919606124892,-0.4859774629212492,-0.09494338662554984,-0.19671255139866478,-0.6105392607067943,-0.13845897219587588,-0.2667516706014536,-0.5017514845339499,-0.13634237157103338,-0.28792707954935376,-0.39808672281888163,-0.12934156519022907,-0.06684153921925545,-0.3924525193473785,-0.17704362820871017,-0.17115416017140989,-0.49651153227847405,-0.20177931633997395,-0.2328497741299424,-0.4370009202726571,-0.19671187382258262,-0.2586392598724703,-0.36809462770806023,-0.19250618540129188
D,0.0,0.0,0.0,-0.1389651307498483,-0.08938520649017069,0.06343659332157985,-0.23662973798358936,-0.2099471087998623,0.05314640623947149,-0.31343443749788485,-0.2818711480666316,0.015375994655199975,-0.34960294091031696,-0.3274081885586457,-0.0265729065974481,-0.10558809426236815,-0.5636615595627658,0.05498706128083452,-0.16367105956589426,-0.76775244122159,0.01906368166548642,-0.21191277516957538,-0.9016763805095729,-0.020414531251382567,-0.2479745717479999,-1.0,-0.05083777615439877,-0.07705996163801852,-0.5350931932141182,-0.021599300475651468,-0.2506162723346789,-0.678488070465264,-0.08539417209542151,-0.32790216180913967,-0.5549251898301794,-0.11488793933309982,-0.3467343705605399,-0.4317564382200735,-0.1235262225425911,-0.06886896743914296,-0.4684806783594302,-0.09798311436090179,-0.21310915658339788,-0.5999541281718623,-0.1473095089690983,-0.28588119896229286,-0.49763277011277485,-0.1523562847104232,-0.3113001662567828,-0.39541865713149826,-0.14867124897137105,-0.0792444241137799,-0.37113955565148254,-0.17445919921315353,-0.1870868179853898,-0.47348580748647345,-0.20508094885133596,-0.2511097073413696,-0.41971457873036766,-0.20717562553265653,-0.28218682805727696,-0.35822439559089514,-0.20754008386797745
D,0.0,0.0,0.0,-0.13747157413593186,-0.08311536309858338,0.0669714008149109,-0.24159608660712553,-0.20820641277888732,0.06449832696755808,-0.32202052539985937,-0.2870264697966676,0.03466193687660411,-0.35171687450467587,-0.3331382417720816,0.00048600386674458977,-0.0981559687702894,-0.5720033621673385,0.07225680981491096,-0.15778418373120356,-0.7718324941555389,0.04625237348286049,-0.20653182239169088,-0.9074937953646218,0.01248161987964696,-0.24540426125693302,-1.0,-0.014744439118854917,-0.08135189591322974,-0.5422079905111505,-0.0025432020120781016,-0.27366113089570565,-0.6853120133631745,-0.05787856463203557,-0.3439860811088037,-0.5656161370504578,-0.08712771429954909,-0.35750076549708004,-0.4366044977747319,-0.09612630410749066,-0.08066901908355305,-0.4776057862177518,-0.07733778956007005,-0.22883651681141162,-0.6057440790567913,-0.12065204763732401,-0.29620621202825037,-0.5063358537864391,-0.13078470437517623,-0.32411636746051325,-0.3972266651227085,-0.13090518519459593,-0.09834752059097525,-0.38404543782340855,-0.1518730328968297,-0.21395337322959143,-0.47899237249037185,-0.180384949861821,-0.2779859272991849,-0.42177871151774987,-0.18752358637134098,-0.31399049992252026,-0.35423302130182055,-0.19184275188178634
D,0.0,0.0,0.0,-0.1328732657147828,-0.08401033093494213,0.06468326331792784,-0.2358882552755015,-0.21158044041555538,0.06604188295866845,-0.31790423799997314,-0.29374012743161865,0.04249579274806547,-0.3480000606899985,-0.33394618200756765,0.016095252810938432,-0.09318909165453033,-0.5731149054836823,0.07487528132654862,-0.1512671476816922,-0.7755709254536327,0.05545829582016244,-0.1999942651961774,-0.91198700325019,0.028591046953939176,-0.23865673516281596,-1.0,0.006972006751059462,-0.08125013910909622,-0.5392497526448107,0.006980360085189518,-0.2704291524808808,-0.6925774193503109,-0.04074821416471251,-0.34425372322780695,-0.5858417585822709,-0.06414352766030336,-0.3630078685117763,-0.4578220886061947,-0.0687169209176579,-0.08451309543789672,-0.47351994438443396,-0.06087409628348057,-0.22921823729107652,-0.6141468252814481,-0.0973334833786614,-0.2986196567820171,-0.5236656571941476,-0.10468920477119742,-0.3304307071607982,-0.4160858172620135,-0.10230209268004532,-0.10653193487000677,-0.3823900349696039,-0.12843732483499679,-0.22569434070442773,-0.4863681774800136,-0.15094974673422076,-0.29000194435248483,-0.43618369793117284,-0.15624269327976678,-0.32691082092647294,-0.3724606699734695,-0.15883209422603614
D,0.0,0.0,0.0,-0.13264825469928407,-0.07394583278641421,0.06841973333761121,-0.2330945148577683,-0.20788188820938855,0.07589798555121251,-0.31426710857731094,-0.3031260432374442,0.060620742132070575,-0.3475394711955359,-0.3415430198823616,0.043794686763357515,-0.08874714353190201,-0.5710856180771667,0.07624500734408743,-0.1494198953842783,-0.7753192112789019,0.06475559597805747,-0.19916416978712012,-0.9143985887936532,0.04694978965434612,-0.23819029374465786,-1.0,0.032455606155274756,-0.08013600974015571,-0.5426188657638281,0.013608057196432188,-0.2708013148796795,-0.6974734791600563,-0.022335817896780918,-0.34269807429349247,-0.584802866235126,-0.033082057833253894,-0.3592996317468717,-0.4508642269423208,-0.029061419108383318,-0.08835323257619057,-0.4802048440324493,-0.04795378710622527,-0.23629360409533032,-0.6258531938181431,-0.07392172331642205,-0.30070056462723543,-0.534211599301735,-0.06992790839023287,-0.3256369755906985,-0.4241384861210016,-0.06013696348453895,-0.11586240273022022,-0.3928818003578143,-0.10886849818177659,-0.24012199483019325,-0.5052864684804055,-0.1225228856315074,-0.2992262085017586,-0.45607266255383494,-0.1202240327921962,-0.32908637721812306,-0.3910698616389383,-0.11714846868173473
D,0.0,0.0,0.0,-0.13320913251990324,-0.07506771029107435,0.08291833113703244,-0.22576652160556457,-0.21651237447949026,0.10023729282608664,-0.30397443020766995,-0.3165901211471813,0.09358574140844138,-0.34903603783027765,-0.3454219395506185,0.08662455226169069,-0.0949379186027609,-0.5807728718150093,0.0976751183659735,-0.1489404556784459,-0.7819049926445861,0.09908610977448418,-0.19629936891464372,-0.9160387377189907,0.0909770511784639,-0.23022144451879725,-1.0,0.08312603055134422,-0.0853328273052614,-0.5615614985165716,0.03430698588906093,-0.2658820098121484,-0.7096251577838728,0.017927358000806064,-0.33849762304259323,-0.5963243987542985,0.01905814242244443,-0.3520243274499632,-0.4622995090416379,0.02865973602859257,-0.09735441989743156,-0.49944920565666856,-0.027097872456711077,-0.24405691712841937,-0.6436619419972007,-0.03647058466105785,-0.31015117296195754,-0.555819487854637,-0.023998367610736086,-0.32975729578464663,-0.44933324994231355,-0.011077838965356775,-0.13051425729496996,-0.4085183174683589,-0.08690540997295634,-0.2617557837166166,-0.5217410540883931,-0.08755522070751133,-0.3203706672338593,-0.47260348058908985,-0.07802609158925981,-0.34265975824709405,-0.40588824157793524,-0.07104323477335371
D,0.0,0.0,0.0,-0.1260069155581004,-0.09315810797911796,0.13136443783338603,-0.2051784931410722,-0.22739064360467784,0.16695484895187698,-0.28283783331939627,-0.31630412590442686,0.17070261308269163,-0.3433410901371823,-0.3256622272958758,0.17409725511604232,-0.08820851454352466,-0.5733572124919888,0.14293277067181398,-0.14013522404830442,-0.7682316697642617,0.15968747632536026,-0.18153617094166744,-0.9036984282182865,0.1634912480958785,-0.20976246471970122,-1.0,0.16355211242918616,-0.08869480655695977,-0.5610019084937905,0.06121318404991276,-0.2539040811730335,-0.6910325324375763,0.06992395589745318,-0.31422409120521905,-0.5788845034052583,0.09191553152653976,-0.3195807129240166,-0.4607410729145996,0.11278708667532301,-0.11006674902705794,-0.49993527521793013,-0.01536429844123981,-0.2569174104931605,-0.6298358269445501,-0.0014526820818114201,-0.3117783723837443,-0.5308571584768388,0.03528953899426657,-0.3178424524708709,-0.4238160050345233,0.06086941731416689,-0.15602402170468824,-0.4085699720970499,-0.08703313471643227,-0.2842184418743126,-0.5257193992967383,-0.06638055107062571,-0.32932106100822844,-0.45139280944096405,-0.035468287800971304,-0.335310609528123,-0.3632646171378147,-0.015097817539471356
D,0.0,0.0,0.0,-0.13113728734546246,-0.08497884098267097,0.12281283051760168,-0.21659068604040957,-0.21653163821506166,0.1566429402000568,-0.2969288029726326,-0.3100531577567891,0.16079943049967624,-0.35021949733603464,-0.32376274494211876,0.16489711287573,-0.09172308783405604,-0.5830453925519261,0.13653480463162362,-0.14399621479769212,-0.7788163783441748,0.15469236278205636,-0.1899947906127648,-0.9126152959968965,0.15984586889542549,-0.22296989833986047,-1.0,0.16090673057016897,-0.09334469593472676,-0.5728718936637589,0.06005142953725425,-0.26854413588241666,-0.6995067043591817,0.07089844468247768,-0.3302187258119028,-0.5842470765728744,0.09306978355897093,-0.3341619434270654,-0.4576981827024162,0.1137885091469654,-0.11480087160475803,-0.509886160526791,-0.011730014565278623,-0.26869274703981993,-0.635470649232439,0.0026900529937021905,-0.3249650047273446,-0.5372997052022925,0.03612317395651505,-0.332497856717477,-0.42660755145557366,0.0593724875015552,-0.159993313457524,-0.4130184909256671,-0.07908670219850808,-0.29559769993686424,-0.5277767559738903,-0.06117196463538432,-0.34391679771168243,-0.45601439205977556,-0.03432785482869206,-0.35265376472749044,-0.3685229157701004,-0.016508665147501055
D,0.0,0.0,0.0,-0.1387256250976434,-0.06327019004432603,0.09331601639559489,-0.2410483455037616,-0.194344100964766,0.11581908215382096,-0.3240594038048086,-0.27962787316781723,0.11059682612182727,-0.3658566048786738,-0.32421798652243006,0.10392112941356259,-0.10465714168051923,-0.57390399143418,0.12622481466412785,-0.16584719188966407,-0.7767496556741694,0.13102190101718947,-0.2178429743476439,-0.9117181907973652,0.12132968451321281,-0.2586404375471058,-1.0,0.11092098593084818,-0.0995162115856899,-0.5544553834126138,0.055937923591367414,-0.2925606010193483,-0.6995977254557946,0.035941924111696534,-0.3666926613330753,-0.5809162106705382,0.030742553000682748,-0.3861223126406637,-0.44836361069184816,0.03764940926826265,-0.1112055751042129,-0.4978537077698341,-0.01299245730457918,-0.2665818626082739,-0.6425539008014768,-0.02595990168133145,-0.3328045281706575,-0.548096647864657,-0.01760717516657561,-0.3612329969715015,-0.4358914656219992,-0.006189368618534394,-0.1453828308387823,-0.4093492552299286,-0.07983800821283457,-0.27684254357266075,-0.5198630410099091,-0.08497091438821293,-0.33700089096555697,-0.46873070418962987,-0.07882478819271431,-0.37038542921595685,-0.4018000380441639,-0.07347462336735466
D,0.0,0.0,0.0,-0.14858911058086396,-0.07366447306880874,0.10923293960938084,-0.2541300338214526,-0.2012952993819445,0.13344609461280146,-0.3394595672796594,-0.26752570179432633,0.12362884518309235,-0.3843771419519968,-0.32357283867163855,0.11118970799028269,-0.12169360834190793,-0.5830849714699735,0.14873774556706704,-0.18429924538104298,-0.7826280868960693,0.15015811946408908,-0.23692330055919308,-0.9097817559712285,0.13564220754131814,-0.2787911104042115,-1.0,0.1213847150482335,-0.11088508430592689,-0.5621652769679395,0.06413358725907181,-0.31287271798084265,-0.7118894611806187,0.03536747138743363,-0.383391668847662,-0.5802840193718016,0.02363320242067787,-0.39830530958020266,-0.4482479627113352,0.02763432189869914,-0.11846432288161253,-0.5099029356577583,-0.01948111959722791,-0.27995688636650307,-0.6621202012534504,-0.03776798537165835,-0.3467113795156789,-0.5573659356013729,-0.03014004106868436,-0.37248288964337384,-0.44424088487897184,-0.019014499988998776,-0.15045080603395314,-0.42302179376573207,-0.10057104458837085,-0.28135485277711053,-0.5384365473762708,-0.1080500198475725,-0.34636250717446976,-0.4824525751661169,-0.10126964482936132,-0.3802919068070196,-0.41244741574051774,-0.09588302361431171
D,0.0,0.0,0.0,-0.148097562655011,-0.07043124208334782,0.10807199260338811,-0.2584901957524991,-0.1979636263196282,0.13293019833677389,-0.3462019221577301,-0.2677710301333923,0.1233327389320884,-0.38805466991399834,-0.32753197688533026,0.11041572243089273,-0.12258556685939842,-0.5834459406853654,0.15590705042192785,-0.18788208451467847,-0.7837922415543829,0.1601133760434288,-0.24176567977576777,-0.9137103226212955,0.14525659702389493,-0.285621871487214,-1.0,0.13032820307925877,-0.11427468765216119,-0.5631582865268476,0.07143381334650006,-0.31971333531008045,-0.6997535066839392,0.043705138513673275,-0.3874120409392961,-0.5701603208506328,0.027420415787281247,-0.3995882207508385,-0.4369000566414926,0.02857591890808229,-0.1193413450504987,-0.5167969521739104,-0.01209235432828356,-0.278800451318572,-0.6608736981441419,-0.030206441100671815,-0.3415012235968419,-0.5592091504689365,-0.028083760759014746,-0.36380546206376735,-0.4423734736740579,-0.020230445076679895,-0.14702806930563941,-0.43874187425194433,-0.09323913048880507,-0.2714748357965035,-0.5588322851383065,-0.10063244346816926,-0.3354504851451263,-0.5030428130447703,-0.09678631956685883,-0.3696849160111328,-0.42734839958053367,-0.09354705002858259
D,0.0,0.0,0.0,-0.14344686224027436,-0.07203580441452065,0.0983679125943994,-0.2552118819759125,-0.20057724642165295,0.11890165912927166,-0.34415564135984306,-0.2720761950706806,0.10681216846367506,-0.37808716516749746,-0.33305509108774234,0.09089241190843952,-0.11742686158058728,-0.5741228910671153,0.13738774509459115,-0.18852197112068084,-0.7818418233642678,0.13505273616959168,-0.24328422711825148,-0.9144787888685024,0.11680689130438202,-0.2872788792011122,-1.0,0.10015924460309729,-0.10806159858365591,-0.5551817778512562,0.056145435963206765,-0.3101052659554053,-0.6993759481736888,0.021850494056477748,-0.3799581672058496,-0.575457442055968,0.0023770270135803485,-0.39546944728139116,-0.44335578090591765,0.0018943944961578312,-0.11139106215756389,-0.5118234742156452,-0.02441729810175865,-0.2643302682167559,-0.6634739296459254,-0.04844794048182326,-0.3297799943623062,-0.5669529425247304,-0.05006398830738203,-0.3563761756915298,-0.4501809788744322,-0.04408070500031814,-0.13533433014882554,-0.43823996838898277,-0.1032128439965186,-0.2523655143930161,-0.5630696925662643,-0.11636456237678314,-0.31933778210644015,-0.5162901897315323,-0.11657959304312576,-0.35918234148573,-0.4459302467937893,-0.1156628354334027
D,0.0,0.0,0.0,-0.14499113588502996,-0.07719443070807784,0.1117686268410276,-0.24969474276703393,-0.21076865213636314,0.13545957540865308,-0.33561096495191695,-0.27677271020161404,0.12272340864380006,-0.3772935649683505,-0.33231920438843077,0.10552074853431351,-0.11729807392974032,-0.5743505584864108,0.14808367609438983,-0.18946538182686218,-0.7821191380254878,0.14354863573590415,-0.2440130139180345,-0.9114474777775059,0.12316224795948245,-0.28702465012824835,-1.0,0.1051107396380698,-0.10469485692660825,-0.5582402499862257,0.05853511585853477,-0.30023366482448205,-0.7079636762007913,0.021667761986549624,-0.37150738352681445,-0.5836043199076661,0.0010798957926918663,-0.3877210508751118,-0.4539422172086193,-5.409002274096863e-05,-0.10707662212893798,-0.5160740782161247,-0.029734344452419507,-0.26149487792650117,-0.6685778027576852,-0.05595051391198535,-0.3292595910790377,-0.5644540171387017,-0.05567772294418149,-0.35368071658853456,-0.44458120047473976,-0.04828442078894443,-0.13110345277341456,-0.44226553845106376,-0.11530846388903722,-0.24898531278971409,-0.5659339217040319,-0.12827858942218637,-0.31673402993004274,-0.5151478134066543,-0.1258080172995169,-0.35297716548749625,-0.44137447854025585,-0.1230669057844799
D,0.0,0.0,0.0,-0.137647931363297,-0.08160450722672447,0.10049632902991022,-0.24039669574440067,-0.21501329318684134,0.11945315129161092,-0.32448476067746385,-0.28670095435526743,0.10532654795751376,-0.36338009698783585,-0.3373245746960472,0.08757889099976039,-0.09690269157260413,-0.5707147302089485,0.1333081946399116,-0.16368538444838135,-0.777866002048391,0.12883898340458838,-0.2163866897843002,-0.9115648877532666,0.11005237272782266,-0.25972595584050145,-1.0,0.0929744912985046,-0.08879016531407703,-0.5488746717085229,0.05066220982297318,-0.2806651548763724,-0.7115030760086656,0.015256222767574911,-0.3504168100567729,-0.5934802880012529,-0.0026595702653530685,-0.3676474413045091,-0.46594611598295255,-0.0022915072301554857,-0.09573229977470984,-0.5034985817041616,-0.030896775750544805,-0.24381889398385762,-0.6646977391315775,-0.0554907049796221,-0.30861534300145405,-0.5638223545107174,-0.05400368712286546,-0.3351169830557383,-0.4490110942191406,-0.046059965070247386,-0.12438266965958436,-0.42860712698792075,-0.11029461319161113,-0.2413436864412232,-0.5582484149062195,-0.12221472854433163,-0.303421541177395,-0.5018974035918845,-0.11898297563690045,-0.33740369591934344,-0.42651595853171814,-0.11574333456252732
D,0.0,0.0,0.0,-0.1389808427117877,-0.08928741154659633,0.11452305534339516,-0.23459118642887605,-0.22053194767214143,0.1375686899013675,-0.3143421852016259,-0.28498559504225746,0.12481209451965787,-0.3609788059987292,-0.33553444569200375,0.10812635760379849,-0.09727383345953991,-0.570166157488402,0.1427337681059266,-0.16105574849204898,-0.7761194175348809,0.13928269709079052,-0.21172944791149872,-0.9079433201904413,0.12093927593508641,-0.2535411825121202,-1.0,0.10389938595240718,-0.0868918192025485,-0.5484511754619597,0.0529225122199129,-0.2700979537126494,-0.7042322897354885,0.02029455833318548,-0.34149473849126566,-0.5928063294775048,0.004863333302504227,-0.3611200181041161,-0.4767942484615853,0.005664286488567538,-0.09411424741711709,-0.5011379481421522,-0.034778543563394756,-0.24021752791776554,-0.6612203915015101,-0.05691351061912584,-0.30697575963304347,-0.5635158889730266,-0.05040578155418603,-0.33205734130610753,-0.45460925572934346,-0.040373085346476115,-0.12468402224717341,-0.4257893829803901,-0.11923031959458955,-0.23994819437553855,-0.5534464492431957,-0.12802288820309674,-0.3003151160665326,-0.4956118756038332,-0.11968473290807798,-0.32915023805171856,-0.41900180170770557,-0.11350780869295234
D,0.0,0.0,0.0,-0.13489171808249817,-0.09078832904721085,0.09431993869185135,-0.2343235510965771,-0.22333104034599416,0.10932165843235572,-0.31592074024686656,-0.2932774549957139,0.09180521065778813,-0.3511168964945515,-0.34721712473498356,0.07021301757414349,-0.09353793835744498,-0.5617876129296264,0.12253560649795633,-0.16191185756668183,-0.7758024221001647,0.1118434241737138,-0.21553742331721187,-0.9103133631774455,0.08847233592192263,-0.2605045277680767,-1.0,0.06854185312461919,-0.08471113651035549,-0.5361693706278905,0.04042402091484965,-0.2725190758908256,-0.7052108666433841,-0.003474230913807753,-0.34555065209032254,-0.5982505564903888,-0.027396662183717058,-0.3657790336293051,-0.4767862194988588,-0.030289056256521167,-0.09003298374095593,-0.48978146066821177,-0.04076226049466731,-0.2313905027992084,-0.6621247878986711,-0.07166785820591318,-0.2993425123380357,-0.5700556314005214,-0.07412934924738802,-0.3283121849347204,-0.4575930688284246,-0.06810340056797234,-0.11522917526536919,-0.4174365107082509,-0.12019736983488666,-0.2223509117270428,-0.5553233641299171,-0.13596850147705364,-0.28605870753122875,-0.5085082529905847,-0.1353190745475048,-0.32263122061007576,-0.4383302113428792,-0.13372537779331656
D,0.0,0.0,0.0,-0.13475574148299976,-0.09686153353800578,0.08740949702912208,-0.23175200921650843,-0.2233028249437237,0.09544175760965266,-0.3126511315841014,-0.29146540028014084,0.0722159137595469,-0.3474072393487627,-0.34402322771565713,0.04482657858159039,-0.09809726731616306,-0.5610553824336055,0.10114406283560859,-0.1629959139485156,-0.7762878732544793,0.08348293068484793,-0.21474073973526167,-0.9077661120659571,0.05685512021822735,-0.2556378827454836,-1.0,0.03526497311233008,-0.08362440156938046,-0.5372145400030207,0.02066749080319568,-0.2577877406389719,-0.704782367286997,-0.02747561693223491,-0.33022130378891085,-0.5924562783585496,-0.049976142295049465,-0.3483307000554665,-0.47302791619274487,-0.05238360033551009,-0.0838651419869315,-0.4881497468598709,-0.05881676316113897,-0.21925016972845818,-0.6575727548496231,-0.09382102226275348,-0.2883024504027698,-0.5627014953125643,-0.09435993211228999,-0.31422858460650327,-0.4546393558441424,-0.08723435330646732,-0.10329473227360149,-0.4106524474689255,-0.13681498414547283,-0.2056062496557132,-0.5482106027624388,-0.15561263083607133,-0.26927304078632486,-0.5016184981144753,-0.15396184966142615,-0.3022322138113898,-0.4339284261214557,-0.15159177389642356
D,0.0,0.0,0.0,-0.1319264315767049,-0.09535407728167275,0.08647916953649827,-0.22699646089198722,-0.22643219548157476,0.09279650201670553,-0.3076090674946881,-0.2954990183549792,0.06567041845769057,-0.3435490909433781,-0.3540931194094631,0.03373823787463793,-0.10257785315721966,-0.558074181306874,0.10521574613383347,-0.16693976326782453,-0.7839608956704195,0.08162245390888044,-0.21759856891684318,-0.910313512049792,0.05039880716613567,-0.25587594764913474,-1.0,0.02640465445853094,-0.08166776818739387,-0.5388427491010795,0.021955157428217065,-0.24578340517527145,-0.7200176911202304,-0.03559171241991451,-0.3178150523617675,-0.59739464074562,-0.06439935156069299,-0.33428703518452657,-0.47220116253407324,-0.06859289879530629,-0.07460885210146877,-0.4969561343311157,-0.06113843063092502,-0.2042626052914836,-0.6780139507624655,-0.1049722721100606,-0.2741637454022682,-0.5734461412348956,-0.10866592696761969,-0.2972965646402123,-0.4569116325008626,-0.10129607559483414,-0.08553070266807669,-0.42774780312175786,-0.14322834356167832,-0.18402639760291803,-0.5709853989326986,-0.16713703694692603,-0.2501482854139896,-0.5185028963168938,-0.1668637991566424,-0.28274838801305796,-0.44359076997330127,-0.16414967148297463
D,0.0,0.0,0.0,-0.13067327711487844,-0.10053476156463285,0.08852361830385709,-0.22002068356464974,-0.22729664373616187,0.0932071704996015,-0.29611872003949824,-0.2928177236702199,0.0631044601855274,-0.33308951263199943,-0.36055691363104675,0.02816180405244478,-0.11724878715850982,-0.5677234696570823,0.10555471459276136,-0.1724311409628367,-0.7859545217534049,0.07881895238399718,-0.2187202725331453,-0.9067539964240224,0.04435582520643427,-0.25151431603938196,-1.0,0.01885568985519206,-0.08479871841513055,-0.5531056119039411,0.021172925661161718,-0.2216432175637701,-0.7248179357701625,-0.0370636749574351,-0.29487530704733006,-0.6044052225943437,-0.06653981512738018,-0.3159159880990233,-0.4818968000070598,-0.0716561484312849,-0.06542778957745007,-0.5128648433228191,-0.06289789063977326,-0.18363713886804414,-0.6785445436048181,-0.10807960035097466,-0.25603397022020535,-0.5726397415620267,-0.11036759218971116,-0.27826885952233427,-0.45704557845159327,-0.10196749659192722,-0.06171435967420807,-0.44358387931941134,-0.14588274768949286,-0.1583060182709278,-0.5705538883798839,-0.1691101268122953,-0.22694724422693333,-0.512538594491766,-0.16549252772787026,-0.25508135419548167,-0.43284127700210484,-0.16006689315001735
D,0.0,0.0,0.0,-0.11699974917073545,-0.10140037766596864,0.07312820161762362,-0.20041061567540697,-0.22630230765949064,0.07114454379473087,-0.2688019831548028,-0.30031433838713456,0.03685351080100039,-0.29350654773305107,-0.39122512092905465,-0.0016324594510913394,-0.13634945690471847,-0.5324712703670186,0.09026762774205128,-0.16882897226264032,-0.7771133121958997,0.05437640700836509,-0.20767785655652266,-0.9016834380371536,0.017819501357611407,-0.23474653990257902,-1.0,-0.0071003324161859815,-0.09429743146597148,-0.5204790445613771,0.012404160366345651,-0.1812852624645352,-0.7488215714377782,-0.060650477524243775,-0.25139612657891575,-0.628359001729784,-0.09389541075040736,-0.274497380816009,-0.4947134479886307,-0.09678989423122769,-0.05629558761369389,-0.49020737135469283,-0.06663211441665981,-0.13781751913821236,-0.7044221441393849,-0.12676761271062748,-0.2129803690548699,-0.5988426150751112,-0.13257029926148908,-0.23529872736674354,-0.475307084307982,-0.12125080609091338,-0.02434299525239808,-0.4320633172941786,-0.14545032715527664,-0.09583992554395004,-0.6019369828537472,-0.18181273209960858,-0.1689843411737902,-0.5551173103357088,-0.18343270261733652,-0.19825526915432415,-0.47273789975724934,-0.1778914825039157
D,0.0,0.0,0.0,-0.11632557710298554,-0.08903532375129154,0.06618951107586066,-0.20447799707218742,-0.21518351304939462,0.06165008060598112,-0.27916913817719236,-0.29076508556342295,0.0263350082520958,-0.3053260493891946,-0.3813168642367149,-0.013740301945848217,-0.11865639097336197,-0.5423533605606634,0.0838918477164038,-0.15460602101583154,-0.775327913200671,0.04923481164712793,-0.1968496157472165,-0.9004414157005307,0.010727277913044968,-0.22568665167173033,-1.0,-0.016548412149582716,-0.08171644370294102,-0.5301871230531765,0.009620896575407377,-0.18458305813463233,-0.742562324589102,-0.059441248870649756,-0.2613141861386712,-0.6268524205120596,-0.09552385643338149,-0.28789901398944323,-0.5014591653381733,-0.10270959158034212,-0.05108725351997988,-0.4974228373001153,-0.06597268214167509,-0.14419386534595416,-0.6976024870121292,-0.12275197067235831,-0.22204356975993023,-0.6014319138810527,-0.1337641017326861,-0.2481726866571003,-0.4875242974064068,-0.12812352963303913,-0.028343976360356186,-0.4388571035645847,-0.1416301642590373,-0.10996140281670772,-0.588374810678373,-0.17633887585863994,-0.18355351038939183,-0.5444910618477791,-0.1810347398257355,-0.21516216064607305,-0.47115518311495375,-0.17929390371628817
D,0.0,0.0,0.0,-0.13848171584594876,-0.11199519812505285,0.11548148825896401,-0.21616097572741805,-0.2458897397694432,0.13503339554376032,-0.28897090221759364,-0.3152924184395603,0.11605203561068334,-0.3390058507278488,-0.3779603853268739,0.09218369077053865,-0.08513414688128612,-0.5707664922642791,0.14188935692201188,-0.15279549647957044,-0.7782368920556219,0.1305279269037199,-0.20038855533699668,-0.9030690742660481,0.1057896630163588,-0.23710582864813012,-1.0,0.08453992178376978,-0.06707807923941864,-0.555795024933118,0.046111565534003356,-0.2214615660484434,-0.7192609828045908,0.006246305182346068,-0.2971967239316849,-0.6128772603548712,-0.014638648239022965,-0.32352764987768684,-0.5112889519502382,-0.01763326185123578,-0.06681182380861629,-0.5132926930444646,-0.048388118610717665,-0.19746398660055298,-0.6813618282749219,-0.08035758975506999,-0.27185090332025424,-0.5886726007125415,-0.07692984927896976,-0.29780941624457646,-0.4889846589690706,-0.0682292216702563,-0.09054182251245993,-0.4406689730651288,-0.13945923810016458,-0.18860201452914405,-0.5813899381688359,-0.1572311088831835,-0.25657322236397184,-0.5362701788881311,-0.1510698601412371,-0.2875663352411659,-0.4679559137199873,-0.14558377566524078
D,0.0,0.0,0.0,-0.13389296357654415,-0.09792279853878574,0.09563596728632164,-0.22280196189310203,-0.2344324950162553,0.11194728895571945,-0.29945712832145793,-0.31260428286187836,0.09788285160524533,-0.3413947192736434,-0.36311506848668884,0.08019747424654429,-0.08046240124542463,-0.5800714849356823,0.11169496227857693,-0.14436206251078487,-0.7843208743062391,0.10706294663758988,-0.19350424264514787,-0.913803288363137,0.08986764096079662,-0.2334695628067211,-1.0,0.07408293280364654,-0.06972047364331642,-0.5599596137077537,0.033823453298274714,-0.24999061354641508,-0.7110698510871808,0.0070796472341348605,-0.32415092754416397,-0.5977277706627716,-0.00272027420292194,-0.34594050384443004,-0.4775531807137415,-0.0008275735018590365,-0.07795403487145594,-0.5110905172213216,-0.04225982073625762,-0.22031004173322444,-0.6658423161216054,-0.060092369400318264,-0.28814990991873085,-0.573338863850909,-0.053118198530145884,-0.31498095203308674,-0.46978100591037414,-0.0451588723442862,-0.10773379392931991,-0.4364099801491646,-0.1161660749892454,-0.21847482272670452,-0.5644381472868113,-0.1255308154281464,-0.27985936064641526,-0.5205202536720157,-0.11987426598792644,-0.3125682031829034,-0.4552728315363932,-0.11626091960471346
D,0.0,0.0,0.0,-0.12902209030495654,-0.07680582574859059,0.08203399887388771,-0.22435947948805504,-0.21416750533401002,0.09407743183153358,-0.30339522052374357,-0.2947757591186973,0.07834984757738055,-0.34048492024379184,-0.33424568829470197,0.059141281065748716,-0.0946806601504403,-0.5732735652359513,0.10027212823334301,-0.15317166876096244,-0.7830037105863851,0.09210215517539748,-0.2021835168849957,-0.9180488682077819,0.07276550782792825,-0.24170457124674247,-1.0,0.0560034727908282,-0.08703208745235484,-0.5477400555544024,0.028469575415056434,-0.27881006773076855,-0.6906216632780159,-0.0055139105147107865,-0.35280284493596464,-0.5653366709813874,-0.019608476548827265,-0.3723369518331563,-0.4245327663152254,-0.018803995346700873,-0.09743015427131946,-0.49124886828125514,-0.041844163012206725,-0.24776293637106328,-0.6347309367193268,-0.06399622765232,-0.3117795060743762,-0.5308746221251803,-0.06073736825460164,-0.33589455206959346,-0.4113246511134667,-0.053693986116002665,-0.12571946453378516,-0.41268470350974096,-0.11140782302200684,-0.24336788477472987,-0.5301765031217895,-0.12293939949802922,-0.3028227408989669,-0.4776274044220775,-0.1200009258732064,-0.3371003717198984,-0.40556599591035253,-0.11769165174614446
D,0.0,0.0,0.0,-0.13851045988585828,-0.0716798206545733,0.0731529474353233,-0.24987859578208987,-0.2008463082973922,0.07814634137872538,-0.33744825648955573,-0.2810389810663357,0.05584130049417329,-0.37244527861555493,-0.33388473699981935,0.03024593025620509,-0.11565146916112214,-0.5876019922611438,0.09073978033500521,-0.1873404836224285,-0.7884698140662914,0.0753052482375565,-0.24625145514976068,-0.9196553229597365,0.05103089012002887,-0.2934875179669968,-1.0,0.030869490620993274,-0.1029055432586688,-0.5581081989694233,0.017856252872399635,-0.30887206640184006,-0.703615023195055,-0.027393692945432684,-0.3816146911147558,-0.5829996951946608,-0.04934563993627216,-0.39694579288645754,-0.44695850792116937,-0.052498981569365596,-0.10613109841289765,-0.4982589688189593,-0.05476072697925032,-0.2636748221657287,-0.6421587769196959,-0.088495213426384,-0.33070833806558997,-0.5360757314699898,-0.09301491180087607,-0.35848356371072093,-0.4162145407898865,-0.08898140491094536,-0.12800169362178432,-0.4106575588322419,-0.12700184868864134,-0.251688059531247,-0.5213442497734186,-0.1481092123700769,-0.31620860159073694,-0.46297056431156686,-0.15143140975608152,-0.35375390177496246,-0.38929090681641704,-0.15265389491436607
D,0.0,0.0,0.0,-0.1462636994304364,-0.06553236669914526,0.07499063800741627,-0.2624161299777403,-0.1877164826873262,0.07767426056607578,-0.35189984909337196,-0.25949850281613157,0.05042174443446421,-0.38487032328081305,-0.3098622283878736,0.01891031590618011,-0.1284756054088738,-0.5813372119505374,0.09366746834440147,-0.20771445772634015,-0.7913217672908893,0.07027787705232784,-0.2734901663141551,-0.9210283781696333,0.03806258195634765,-0.32662063717452094,-1.0,0.012133636712542846,-0.11346663418807482,-0.553693152562244,0.013913116821138187,-0.3226930050222993,-0.6934681888035996,-0.04453586366948906,-0.39511351911483955,-0.5674609068656574,-0.07795181999073403,-0.40872537865285136,-0.4329856737723488,-0.08690673341746312,-0.11154267370105436,-0.4960473652732559,-0.06605308549233023,-0.271300831966856,-0.6353717362975989,-0.1108208140505184,-0.3404405008040432,-0.5247519299016928,-0.1236969697388269,-0.367740341579727,-0.40121099103274,-0.12359801152926869,-0.12851372814626458,-0.4072226249039505,-0.14573951638471916,-0.2508092417437043,-0.5133087961532673,-0.17483742287707082,-0.31831520275355085,-0.4506873727591752,-0.1838028107734483,-0.35639808455524136,-0.37416674588274434,-0.18831549698074093
D,0.0,0.0,0.0,-0.15364871333855887,-0.05740691105664992,0.0777786444192862,-0.27273062208777565,-0.1727776823293161,0.08074333993243338,-0.36518392932632954,-0.24341007853882066,0.0526908163602154,-0.40292479970910516,-0.29827672409569195,0.020251402227304465,-0.14579609735506757,-0.5745002112456632,0.09748280996599845,-0.23013382352624656,-0.7865324907477944,0.07328638226500077,-0.3001729340433686,-0.9151805298980665,0.040176987587327975,-0.3548562510294824,-1.0,0.013314116527388774,-0.12604991373555133,-0.5530427921549046,0.015215192975022955,-0.33057002651300826,-0.6959382972751272,-0.04282828693897721,-0.4014072746751963,-0.560362514523535,-0.07490134264642735,-0.40842345405460634,-0.42725812244955835,-0.0831511125045009,-0.12033267045537273,-0.4977226362800405,-0.06744254124811652,-0.2811189170649653,-0.6378875838826332,-0.11298232994168143,-0.34927587113672703,-0.5149702084742113,-0.12236388151670555,-0.36848156465364384,-0.39129495680573767,-0.11994921128087131,-0.13334038962638828,-0.407390395026225,-0.14976577382712286,-0.2566679753726932,-0.5068912171561105,-0.17927670435002582,-0.3228098344636696,-0.4323026967404864,-0.18526924118064705,-0.353644737843309,-0.35373032493849693,-0.1875325988763386
D,0.0,0.0,0.0,-0.15723505246314667,-0.07076920320857345,0.0973328514292493,-0.2660281251531746,-0.1861391100062775,0.09815426368575306,-0.35172440047005465,-0.24148448896732533,0.06254104708689166,-0.4004963042785375,-0.2885689532525509,0.02199045416289138,-0.15215618792930868,-0.5808593799567914,0.09701592001886386,-0.22560434444765964,-0.7894580811110528,0.06462267010041182,-0.29146760710774805,-0.910768611037228,0.026561103734425554,-0.341020530182451,-1.0,-0.0028851521926528986,-0.12030247017558876,-0.5628904629809557,0.0002420226542428949,-0.307814397576377,-0.6831608364743711,-0.06362809866488853,-0.3777003199964569,-0.5309484171483865,-0.09166703088291606,-0.3864114590629212,-0.3981529976683875,-0.09729175672375583,-0.1078947388064065,-0.5016643000547136,-0.0950883210476218,-0.27079435805018376,-0.6137377034251639,-0.14266952192134824,-0.3393277412121648,-0.47678078737391166,-0.13841271499881544,-0.3532272218679423,-0.3535297766394376,-0.12796232141636044,-0.11386882708024444,-0.40593582106671955,-0.18901131501120624,-0.23644344377992424,-0.5042569157775595,-0.21557679336249175,-0.3014693313713718,-0.4273195513331693,-0.2087026606260406,-0.32592115611751565,-0.3450678222799244,-0.20228256220616772
D,0.0,0.0,0.0,-0.14945029776980975,-0.07756112082337734,0.08067592214427982,-0.25516516262667327,-0.1925475220409373,0.07377754307580996,-0.3396460474211949,-0.24673340100075045,0.03367700033390891,-0.38665970087843765,-0.29085256536315973,-0.011305215316488808,-0.14962263677928625,-0.5831511154856552,0.07079987647293055,-0.22514277493268636,-0.7896326495749538,0.030238666629777953,-0.286649282431008,-0.9093663102180277,-0.012867438163110995,-0.3323237811581811,-1.0,-0.044811922916399766,-0.11228050239844754,-0.5645516042582349,-0.018120968034198142,-0.28974155825455356,-0.6861304765035036,-0.0891940129249827,-0.3622796520414929,-0.538514304200776,-0.12067130625265371,-0.3762276477375529,-0.40556105733005804,-0.12866960629461724,-0.09457355102639345,-0.5026813959409376,-0.10636522366825389,-0.25104641147475454,-0.6075654305584023,-0.15983928299394223,-0.3219402298584137,-0.47250115680040533,-0.15944092225538897,-0.33961669435890834,-0.34955239099589147,-0.1507105908542766,-0.09441154227918087,-0.4066589626426222,-0.19441074970095573,-0.21314883652901676,-0.4950829841305755,-0.22436466791274198,-0.2779383517663426,-0.42008742173409075,-0.22045874220975187,-0.30357718085379115,-0.3392737800432687,-0.21566265024874937
D,0.0,0.0,0.0,-0.14193756472130656,-0.08052088886106666,0.07884897900652271,-0.24349914546461227,-0.1943305632823433,0.07324445761042114,-0.3241434310776008,-0.2530300632743251,0.03431860282869074,-0.3650495831463222,-0.30658438241503544,-0.009899443434271479,-0.1496923679044533,-0.5820839895226111,0.07971684588049077,-0.20969693667563355,-0.7834123594212486,0.04093248920746041,-0.26794123403578674,-0.9048290958206048,-0.0034799695317506616,-0.31016778287272406,-1.0,-0.03651448979725204,-0.10971465402764487,-0.5686743176517057,-0.007143746333109778,-0.2628149877591839,-0.6960766981656841,-0.07606397798088599,-0.33688781670249746,-0.5546654373361861,-0.10995287363212297,-0.3518789763814366,-0.41998290607207983,-0.11974112293812894,-0.08622985633359269,-0.5123912300460014,-0.09388633959764363,-0.2229342652750656,-0.6214315813635096,-0.1490682834713137,-0.2948115852032353,-0.49058491155267314,-0.15236296386696388,-0.3116739188019747,-0.3684239304428739,-0.14553416765058136,-0.07821087075149846,-0.42044429142216755,-0.18045924824005977,-0.1866803510830802,-0.5054509999934953,-0.2134619220724969,-0.25048767800351784,-0.4261433407841529,-0.21098981691940086,-0.27189559758902326,-0.3394318764594999,-0.206283512459555
D,0.0,0.0,0.0,-0.14156637108001008,-0.11467879497874675,0.08584260451296863,-0.22912014032410563,-0.24614724215504985,0.07779462180640416,-0.3011146440965726,-0.3158031358731441,0.03794213473406124,-0.35000050953515327,-0.35887179789197493,-0.006274200024376271,-0.10113516304593488,-0.5747719079953317,0.052696147104574445,-0.1633319622773933,-0.7808719378109532,0.011710797123320965,-0.21690755175486096,-0.9072344051139574,-0.028044486545214603,-0.25841384770250597,-1.0,-0.05793370336530137,-0.06979456230336398,-0.5437309014189522,-0.03765826022758014,-0.23421611705329132,-0.6685787676639113,-0.10331616295213025,-0.31667453476470825,-0.5517034072771998,-0.12634499495188817,-0.34464570145203766,-0.4379927916093127,-0.13173142234834923,-0.06295653802685856,-0.4690845641420669,-0.12504772782961582,-0.20943095176602697,-0.5894797808636227,-0.17196792856020793,-0.2855523776817101,-0.4827788684330844,-0.16214591950498677,-0.3119775584463392,-0.3778415103097092,-0.15054896193626094,-0.07663358689428071,-0.36532332568780523,-0.211183910883652,-0.1869638900877032,-0.4690070397751893,-0.23629192764717097,-0.25195956904204453,-0.41138980495807087,-0.22560137997440557,-0.28196199918086756,-0.3427913686120469,-0.2177579928247821
D,0.0,0.0,0.0,-0.13100314690397494,-0.14246654863709005,0.09342871084880926,-0.20297875600764048,-0.28389300550693064,0.0913837951763705,-0.2661528623826538,-0.3670116249893637,0.05794725959580309,-0.30884225670258836,-0.4102953228793197,0.020492215150731928,-0.060835624710488825,-0.5764594540323134,0.05805686835886369,-0.11255068677163771,-0.7760238089387856,0.02453418485976889,-0.15401346757250958,-0.9053276228547124,-0.00881230590020255,-0.18803680227883343,-1.0,-0.03450603371140671,-0.03784479138915857,-0.5385775035401006,-0.031753453483753344,-0.1972591590834459,-0.6830671051037362,-0.08532136434693267,-0.2777837826780723,-0.5908518887778419,-0.10106901699913037,-0.3094099315994113,-0.4916304264545701,-0.10400859557132754,-0.041419569726636095,-0.46368302873560646,-0.1177589766942127,-0.18341309629618152,-0.6015067471611111,-0.1558736027834616,-0.25797882802609756,-0.5195637836003927,-0.14287958188891006,-0.2882260958334478,-0.42848924280278405,-0.13101688622716876,-0.06856132904192092,-0.36382865126617525,-0.20139637871128627,-0.17773840499815355,-0.4824785145945101,-0.22093317052020958,-0.23829539695544696,-0.43658786959841905,-0.20802598028218433,-0.2669313879554396,-0.3719677052293025,-0.19961841548766268
D,0.0,0.0,0.0,-0.12192298918243384,-0.13221922310348191,0.07132934097626617,-0.19822458066260326,-0.27426385564521355,0.06672521779936426,-0.2635046443160804,-0.3630997165773626,0.03538885132254076,-0.30089720089239924,-0.3982145040222174,0.0011906140516870145,-0.05530680536308944,-0.5756514364288237,0.05218981195395375,-0.1029300790144373,-0.7748308690716207,0.019887214070882765,-0.14505491986984567,-0.9068017260325894,-0.012951600584264146,-0.18005710802040165,-1.0,-0.03798339135708828,-0.03472990711367839,-0.5360775176389473,-0.02482457494133183,-0.1942311669739793,-0.6944039583135989,-0.07809520843505065,-0.27509165974909666,-0.599365545325918,-0.096680701286459,-0.30381419522114395,-0.4932749635531405,-0.10017255611632415,-0.04024664975061561,-0.46211323341266974,-0.10024799857767995,-0.17815948606393783,-0.6070057312916242,-0.1396444240109459,-0.25216512312838707,-0.5237391759413174,-0.13302532307271603,-0.28017880618466573,-0.4336231208202261,-0.1236486837892262,-0.06750663996419243,-0.36524533100611517,-0.1751150700662121,-0.17832850956212762,-0.48143895919390367,-0.19600233257620855,-0.23804910761633957,-0.43502774719390785,-0.188086346845678,-0.26406726711735035,-0.37518470986282004,-0.1823686163367684
D,0.0,0.0,0.0,-0.12411454183868331,-0.12357254616620841,0.06673423478470901,-0.2085876967891301,-0.26181481420644154,0.059801175697636696,-0.27818155128017263,-0.3486908512649736,0.02541589255846113,-0.30872964278083254,-0.39649840150881,-0.012545519969390975,-0.05930944115818269,-0.5669015033238137,0.05776452048096406,-0.11381714346335883,-0.7758921259806223,0.024767581850806828,-0.162827368340272,-0.9092643538444848,-0.011657868553245491,-0.20533455410045892,-1.0,-0.04023256025425164,-0.04215879707086009,-0.5273341311776258,-0.019023372161561553,-0.20862353550633259,-0.6915223319681941,-0.07991072321744352,-0.2913247515620519,-0.5951746153846653,-0.10889203949431761,-0.3211334747447741,-0.4874223957052751,-0.11781605862206426,-0.047135184745016295,-0.4603919522082915,-0.09466247809723871,-0.18403713670204722,-0.6128746566186677,-0.14040182758686487,-0.2593477859885808,-0.5253085944035636,-0.14279542538958792,-0.2902175169910904,-0.42860288019928405,-0.1381443617230807,-0.0714773349005414,-0.3719717338998621,-0.17005309089839998,-0.17680252029286206,-0.49268211700601017,-0.1959368252953295,-0.23923888952695946,-0.44310950993995263,-0.19419609919642647,-0.2704612942828092,-0.3800020737112816,-0.19242581589461324
D,0.0,0.0,0.0,-0.13061840302957053,-0.12198076974726721,0.08701308924409433,-0.20973853839336074,-0.2601536271587033,0.08815471763826078,-0.27877581715145167,-0.3374160019337684,0.0574106322502985,-0.32254585985550455,-0.3898463728412967,0.022563155717384147,-0.0745733623398598,-0.563518652807993,0.08115103474942562,-0.12989592565734698,-0.7780430666344372,0.05196195433017388,-0.17784948835710257,-0.9059294174522601,0.018213880544822172,-0.21667123250879597,-1.0,-0.008297945112189082,-0.05296927456825934,-0.5361972578089329,-0.004012533764644564,-0.20676993527247334,-0.7026742405930223,-0.06069099298806532,-0.29063492063492063,-0.6018870356941423,-0.0860107656024128,-0.3224090188811001,-0.4998615475519029,-0.09199035695954223,-0.0546762280772433,-0.47993097521016304,-0.08704392167363995,-0.18697606961566351,-0.6425980984610427,-0.1286505021936088,-0.2650064458947708,-0.5472217522090619,-0.12527422980083894,-0.2953471382913007,-0.44780920151478526,-0.116890202190923,-0.0786039266242312,-0.39796497730507885,-0.1685033125365841,-0.18008312518464803,-0.5263592780597857,-0.18960458694369609,-0.24438898289152097,-0.4709576182418822,-0.18235827654700498,-0.274439475733892,-0.39966964789299814,-0.17659291047389777
D,0.0,0.0,0.0,-0.13089773191964654,-0.12420149534360632,0.09292848483615733,-0.2112163689836103,-0.2605822873889272,0.10033526904875227,-0.2847995277731393,-0.33532542525599857,0.07426916951674407,-0.32663518533653796,-0.3970581438303587,0.04443745163332798,-0.07294465214065192,-0.5726397344718769,0.10475305178363474,-0.1324900605545004,-0.7872876794400928,0.08582097038944352,-0.18084868325102824,-0.9099208885978617,0.05820001355386092,-0.22017660284202473,-1.0,0.03541633657701373,-0.05493326527754278,-0.5511770125999704,0.019476885913120877,-0.2098854674380608,-0.7250263033373614,-0.026306195909481914,-0.28993466326304806,-0.6242622577973703,-0.04883965524344113,-0.3186917812615225,-0.5245226416654675,-0.053456293385031675,-0.05721605435914818,-0.5043564157655182,-0.0643568625554684,-0.1853443448670995,-0.6774190071725948,-0.09822113560749632,-0.26034669902356566,-0.5905994438871003,-0.09568260188322908,-0.2886092887172725,-0.49714264474815156,-0.08842565981606622,-0.08145844259233147,-0.42975476909265803,-0.14637785872947187,-0.18035802384610236,-0.5657364426668078,-0.16373583331618874,-0.24587369741569234,-0.5205374675660108,-0.15786337878457055,-0.2766350437071688,-0.4550495671702846,-0.15325674537616443
D,0.0,0.0,0.0,-0.13533308988544848,-0.12085834994026039,0.1124462500620286,-0.2171487154300286,-0.260050775666173,0.1333026810268151,-0.2923361572013378,-0.33362089641080067,0.11812688658690139,-0.3389072135704281,-0.40416774564780256,0.09894219482782472,-0.08095314874488736,-0.5813092213710987,0.1387872687151075,-0.1429292587040231,-0.7899330829884665,0.13395057423604242,-0.19328784865783952,-0.9104758641390857,0.11451283971475705,-0.2334670880481888,-1.0,0.09673406303117296,-0.06671406748519822,-0.5665165404710157,0.04970701985160479,-0.22763453558208935,-0.7310926214401677,0.01889805671016688,-0.3032617130616163,-0.6252271348230389,0.003134035821640875,-0.3269075979320101,-0.5209181426668335,0.0021612948284159914,-0.07107913479556432,-0.5247774785072976,-0.03735761878371616,-0.20101558413436396,-0.697990223705097,-0.05813152849230875,-0.27179476394441937,-0.6101694087126727,-0.051515090477588725,-0.29647420475638253,-0.51365195265668,-0.04307198342686921,-0.0980032812356276,-0.454625116811436,-0.12125891309372729,-0.19720312511174845,-0.5929424613969051,-0.130310307930437,-0.26179498983120025,-0.5526426310385857,-0.12239330376130345,-0.2913841754201335,-0.48993100822900587,-0.11698231515541505
D,0.0,0.0,0.0,-0.1449909116504627,-0.09245007249291765,0.10117496734777863,-0.24126541806575838,-0.234040500255068,0.11856709011128637,-0.3263392526706743,-0.31125211093187527,0.09584574036008546,-0.3787664711288272,-0.39948463084078606,0.06802486854368128,-0.14127397694432955,-0.5719046393862273,0.15776657666815477,-0.20034867818702423,-0.7821093160276517,0.1407869914785159,-0.2567639682633946,-0.9005059667104042,0.10610571004455996,-0.29775147845948996,-1.0,0.078449856990315,-0.10934103614985884,-0.5749736673577847,0.064978511522286,-0.23791935565567002,-0.7504179871869145,0.015685530928096766,-0.32251153405002214,-0.6404492750577594,-0.024209990891575314,-0.3593170261252583,-0.5215239372573359,-0.03842447368242517,-0.08643101221000733,-0.5518761916596061,-0.02994090288469178,-0.20574289927551126,-0.715049923867786,-0.07297408957242182,-0.2901554643960543,-0.6150278006783872,-0.08892151431858464,-0.3234766381247538,-0.49758274201610225,-0.09066018349993667,-0.07784749840178899,-0.49752040740112696,-0.12333086566047533,-0.17869087081195836,-0.6305810709631814,-0.15078307675325225,-0.2562031806853172,-0.585925000708263,-0.1572214119741051,-0.2934253815279692,-0.5095374013848661,-0.1592850050017806
D,0.0,0.0,0.0,-0.15802585882978676,-0.07751365919741593,0.12514074604392456,-0.25722508694960067,-0.22248429736788886,0.15486843946356307,-0.3452127670018312,-0.2972215760233699,0.14116154675471987,-0.4041329157551506,-0.37705689700296485,0.12215090475044349,-0.14230522849490418,-0.5887696756036513,0.18606112466546715,-0.21888501622058099,-0.7928202285781687,0.18101618619139512,-0.28140582780303064,-0.9093311663714352,0.15467847639300938,-0.3275878882353211,-1.0,0.1318078880576182,-0.11611014098463156,-0.5924053167989166,0.08419844122266221,-0.279664908706828,-0.7412085585444403,0.046872374966073854,-0.3620768481248796,-0.6141599698124338,0.016237432447310067,-0.3921082115750467,-0.4915034203533513,0.007788783865755533,-0.10407583775186696,-0.5645727181688324,-0.018372731389611627,-0.24917351792990322,-0.7139584115225864,-0.04989247067788696,-0.33163883389835636,-0.6057905412534923,-0.056906128493621075,-0.3606292818955977,-0.48813786159431394,-0.05430734406092836,-0.11368710738874716,-0.49906521952706195,-0.11783675610368166,-0.23247582038630807,-0.6214655033681403,-0.137233669077434,-0.31221965948524205,-0.5712899461485874,-0.13795963379495244,-0.34908002170258545,-0.49747090414422374,-0.13678544058623854
E,0.0,0.0,0.0,-0.15143043367512574,-0.043020571046133056,-0.09248395596196665,-0.29043786339672345,-0.22927216126912459,-0.13390700731894503,-0.30350641048052385,-0.42963205290207224,-0.1786417950478105,-0.18964055787484133,-0.45863600785711073,-0.21888948721774157,-0.22744701694501662,-0.6009938759915036,-0.023798123421812402,-0.23700244660667996,-0.896103409623605,-0.08087775292393615,-0.25900870689452193,-0.849447355146115,-0.11149008063937346,-0.2545471637128773,-0.7138130176028677,-0.12751003878520378,-0.12934212037818588,-0.6643096345216274,-0.03125630994417755,-0.13801904771418155,-1.0,-0.12503291864247434,-0.16226125249994114,-0.9176365272883336,-0.1948341759978131,-0.15849305724517368,-0.7666011075015715,-0.22155652217160995,-0.03507427224332214,-0.6696000022832141,-0.054451572404105364,-0.03032358139266075,-0.9668516545810909,-0.1472504208347167,-0.053581506821459075,-0.876688686602456,-0.21103627844563275,-0.05029956483365001,-0.7197037101516697,-0.2314496846943618,0.07022524621254013,-0.6215814219144322,-0.08943922632484787,0.06418810688010913,-0.8499656269242323,-0.15329513000317724,0.04035045910442352,-0.8094805830472775,-0.192900868861984,0.036581550345229114,-0.6858728085603407,-0.2100810075030292
E,0.0,0.0,0.0,-0.15071167360385002,-0.04057186213594765,-0.09213266198846866,-0.2869583420114202,-0.2285288272829888,-0.13595834966297748,-0.29726914262616355,-0.4236316022620469,-0.18303035214605567,-0.1846164743743584,-0.45490390318321033,-0.22499508026027304,-0.22165772074850393,-0.6061037522109298,-0.027744547615160445,-0.22933179259848174,-0.9079795052662332,-0.08410751857537446,-0.2508596151616485,-0.8572871437094707,-0.11230047526387994,-0.24411608090901946,-0.716329639728123,-0.12612706841085203,-0.12313509235070255,-0.6656074114562024,-0.03462701385343798,-0.12799358755458384,-1.0,-0.12429513308647483,-0.15327827285455667,-0.9138480945388139,-0.18828479056899444,-0.14856602764230564,-0.7614974519022543,-0.2112069658385085,-0.028384656508107006,-0.6691637531201466,-0.0569183346080386,-0.02036363738882798,-0.9628149705015528,-0.1427727623001045,-0.04392186796832683,-0.8720325788595813,-0.19837401363617746,-0.03890302638807982,-0.720028883492323,-0.21452527683083408,0.07663164772288764,-0.6206439968607351,-0.09160289672322933,0.07050113000144136,-0.8456405344362344,-0.14843063264649142,0.04643824884841347,-0.801254983512516,-0.18123026584094012,0.04488059833514648,-0.6795481192427281,-0.19402375917881248
E,0.0,0.0,0.0,-0.14808246091099234,-0.025099505315435512,-0.09872580392533811,-0.28871466401830603,-0.1979489734929138,-0.15149887383257343,-0.31102550976641097,-0.3871755833797703,-0.20695989057220252,-0.20418100168567968,-0.44551530397679523,-0.25747681868078903,-0.22509786636333268,-0.5968951098551236,-0.04360872738697234,-0.234404847671607,-0.901719191013242,-0.10480473612014606,-0.25685517870506047,-0.8621104263158519,-0.1362007706755332,-0.24821232171165183,-0.7246355598207056,-0.15183173149202428,-0.12544365038571167,-0.6593655999994421,-0.049187572141942026,-0.13010856139758675,-1.0,-0.14379420794516456,-0.15451273256555983,-0.9237510661906498,-0.20906731708263637,-0.1468576057490255,-0.7679794789248195,-0.23233895491188267,-0.029468707522371695,-0.6657086933506667,-0.06986321990288935,-0.022620154368365297,-0.9612837667722338,-0.1573915386850015,-0.0445503796440754,-0.8762678340655149,-0.21016014070419048,-0.03631028641211067,-0.7205463743241066,-0.22451749189257023,0.07738486710190726,-0.6184357352931946,-0.10365653248139342,0.06760049740452756,-0.8464980998617003,-0.161776749007889,0.04443861705918988,-0.8064797714952056,-0.19238598847831917,0.04631608899998117,-0.6843362557825369,-0.2032698509374587
E,0.0,0.0,0.0,-0.14736178745345174,-0.025630085037431007,-0.10080840414596805,-0.28490831434349306,-0.20151194756666396,-0.15601477703659938,-0.2991790403468193,-0.39226822062702815,-0.21371372144375297,-0.18987075507595225,-0.44944467008982586,-0.26673317017545967,-0.22141729051676592,-0.6025648041659363,-0.05012708929370401,-0.2290972522093058,-0.9086962209861605,-0.11594766416212901,-0.2552308067226172,-0.8681663296237233,-0.15065407339354284,-0.2494886210596972,-0.7275646972812819,-0.1681498621381612,-0.12146218207159562,-0.6620045575616618,-0.056609002272493825,-0.12632876864602796,-1.0,-0.15633007607848534,-0.1550066909793627,-0.9213806077033908,-0.2246718996161964,-0.14956566351855732,-0.7632378354574877,-0.24960248872165736,-0.02576433216330265,-0.6654486376481956,-0.07827664337092605,-0.01742014647473033,-0.9605632393745965,-0.1700825504582337,-0.04344134383938229,-0.8825624954574022,-0.2263197403324091,-0.03773558446666695,-0.7317534641316477,-0.24283739553961567,0.08055751035712301,-0.6149174209160443,-0.11308747356541336,0.07421112712005712,-0.8464210314796684,-0.1740569387573568,0.04879498240678589,-0.8100487821562483,-0.2068496316948464,0.04885107547339213,-0.6882899737918827,-0.2194439787792468
E,0.0,0.0,0.0,-0.1466477404308169,-0.03290177742405044,-0.10417927510541566,-0.279758042464137,-0.21393154706237838,-0.16021994987919586,-0.28539873947518374,-0.41010744049228753,-0.21848519902616728,-0.17265362091522093,-0.46189682879498295,-0.27232492024318206,-0.2187654733615798,-0.5976450433249938,-0.05128823787926015,-0.22691757492560646,-0.9058354740330514,-0.1193520338007646,-0.24868213217208363,-0.8691572963435604,-0.15555305425352406,-0.24055598524905655,-0.7285211531161393,-0.17447176883904436,-0.11814016745264576,-0.6562390687005951,-0.0579154624222366,-0.12383394589076914,-1.0,-0.16182475254271134,-0.14846925388109794,-0.9245146942618643,-0.2340792706177745,-0.1420691743091921,-0.766664177253788,-0.2615279151743244,-0.021934853181293838,-0.6588922190832921,-0.0804323274967842,-0.012987200008305486,-0.958425269974315,-0.17884492700143567,-0.0363570936629316,-0.8731447664475815,-0.24036579863530713,-0.0314223628870737,-0.713881312273347,-0.25922714090552107,0.08453342848918705,-0.6063920922404499,-0.11586174159002029,0.07948834862675669,-0.8373251013026383,-0.18330169469082125,0.053463881270411025,-0.7996571308199305,-0.22095566222608648,0.05074115570490544,-0.6738387433131217,-0.2363250377925884
E,0.0,0.0,0.0,-0.15055940000786147,-0.05676310758393892,-0.09298274492602054,-0.2855551168520829,-0.26072027250609575,-0.14106918295712495,-0.2905525928869861,-0.47753218485029236,-0.19352008381109928,-0.17452864543239424,-0.5349717301661308,-0.23981347155893545,-0.22335653749703624,-0.6259515574704296,-0.029819512648232346,-0.23724869617486238,-0.9132325082681543,-0.09163394476698099,-0.2553649239504131,-0.8200890189037987,-0.12070776607360456,-0.24246123096581246,-0.6640168734798275,-0.1350750172849444,-0.1264795242021978,-0.6798432199877585,-0.04038848291740696,-0.13590741175781368,-1.0,-0.1424249498967944,-0.16102218449241984,-0.8726341755853332,-0.20994773158374513,-0.15353502201670302,-0.7191234587281211,-0.23249495755627209,-0.033039428081158784,-0.6804332486871233,-0.06643101344741113,-0.02509465811985511,-0.9688885577427312,-0.1623949489488932,-0.05292322762795975,-0.8409296036255922,-0.21580617598816523,-0.04900925884098081,-0.6758696616545796,-0.2278534892497391,0.07174715459916894,-0.6311432233485754,-0.10470168710178322,0.06928244380500456,-0.8601011781884158,-0.1662492862842247,0.040987047612885526,-0.8020920540315429,-0.1979575563996985,0.03617110597611071,-0.6767497598608336,-0.20903563856840263
E,0.0,0.0,0.0,-0.15353809868521473,-0.03784482216796162,-0.09015941894273741,-0.29587386572686236,-0.22067094046560023,-0.13942429822268457,-0.31605551206387356,-0.420320462073098,-0.19480066353067713,-0.20107850712603823,-0.48123776743502095,-0.245396957926428,-0.22687953101491515,-0.6133819114998011,-0.027685381246319668,-0.24149516440448743,-0.9116452409191655,-0.09029035281145607,-0.2667476340421452,-0.8479135032609162,-0.12392093828554299,-0.25614281655671584,-0.6987805256125537,-0.1413828003815793,-0.13119882821493364,-0.6681780426168037,-0.040748001411973565,-0.14108584941796157,-1.0,-0.1421141178147452,-0.17273817512365763,-0.8976004393855176,-0.21515157307530086,-0.16573911078305525,-0.7374644426558361,-0.24226214741566776,-0.03799830893497972,-0.6709997596051629,-0.06894165222263272,-0.03228168921504733,-0.9652327060987611,-0.1627128974763594,-0.06625257992450688,-0.8659445560395264,-0.22268909050985594,-0.06382169513428314,-0.7039724780946769,-0.24054448479889456,0.06701882787949899,-0.6244354151910224,-0.10954432326508402,0.06035892524703153,-0.8559009986635131,-0.17149972900633617,0.02759797106079855,-0.8142188379086563,-0.2070198873585998,0.02191794421247312,-0.690898319421548,-0.2214850410342606
E,0.0,0.0,0.0,-0.13942293584080956,-0.027122177957709548,-0.12286728420811777,-0.2675982385638204,-0.1966392718168056,-0.188728273513068,-0.26569213264189395,-0.39284499862310085,-0.25361613871256755,-0.1538993601936711,-0.4619655024173243,-0.3146049794463677,-0.22552116172157324,-0.5835343418214759,-0.07374140690118994,-0.24698122526285843,-0.8969677381169292,-0.14607110225582562,-0.25500719618400813,-0.8603909630982735,-0.1868302292072548,-0.2369551445876755,-0.7144260568675105,-0.21020655340541622,-0.12585571257308714,-0.6509548186414076,-0.07344374364247996,-0.14199055021089518,-1.0,-0.18220675766065636,-0.1499173777606165,-0.9433108812834391,-0.26493794284339767,-0.13550412000393258,-0.788798921160959,-0.3019054057462857,-0.031319855250677715,-0.6571886653594552,-0.09021307606108582,-0.028604354781404617,-0.9606823583986456,-0.19685773983491028,-0.035744667023339644,-0.8993771044133887,-0.27577868194894206,-0.02477274532140275,-0.7463342235789132,-0.3073659797598796,0.0712648522324418,-0.6051606943285515,-0.119862798633727,0.06688530156412761,-0.8484141785631805,-0.198003380452789,0.05185878071227052,-0.8303932957859591,-0.2495122787361663,0.053667069595496705,-0.709436973414821,-0.27572341117728666
E,0.0,0.0,0.0,-0.14229280056500654,-0.028099367509359176,-0.12617643160426395,-0.26386345842816084,-0.18904156241399547,-0.19531395857591183,-0.2560038228422996,-0.37982834910266255,-0.26186655863020075,-0.14400566514565633,-0.4374367729279428,-0.32246915739638526,-0.21840452884913847,-0.5896462488517021,-0.0782104651662934,-0.2376043521589257,-0.9059195305519495,-0.15048718190304133,-0.23878045424213595,-0.8703025034464645,-0.18444691356263493,-0.21954057402955476,-0.7248093134341113,-0.2014091661366444,-0.11640425991808913,-0.6529454233339156,-0.07509585934349634,-0.12732314327615826,-1.0,-0.18104869406840124,-0.12544612393699975,-0.9113161378736602,-0.24704501370300688,-0.1135864531638984,-0.7543839531104892,-0.2691379664528269,-0.01976925967303514,-0.6586508615218732,-0.09036504997728138,-0.01513271244610383,-0.9628473012015186,-0.19445177301474448,-0.016074756548282547,-0.8864856492611308,-0.2595314179189409,-0.007141124709862355,-0.737411529224888,-0.27933105407659486,0.08480470453400156,-0.599641624243003,-0.11900568638564438,0.08086577575925896,-0.8362999266094706,-0.1909225635212271,0.06777313780956917,-0.8116427037372619,-0.23372945123497388,0.06775287372933221,-0.6942476245471214,-0.25208554657605764
E,0.0,0.0,0.0,-0.1423289847662714,-0.025988781320036576,-0.12967218254149127,-0.26524426559061165,-0.1785868959025491,-0.20498237643114064,-0.2638046693800161,-0.35837348076557746,-0.277950907196993,-0.15102749327923737,-0.41153943183366104,-0.34485578603390554,-0.2132825847799542,-0.5907924483122807,-0.08889297990400806,-0.23087125272816234,-0.9085105837122066,-0.16900310359291723,-0.23086407536294562,-0.8715799091192854,-0.2069248272478637,-0.21206655586036452,-0.7259429988925478,-0.22608948043452223,-0.1101560634075931,-0.6472971722402725,-0.0874017963809174,-0.11805818980129999,-1.0,-0.20434509893709785,-0.11606257685125629,-0.9047209348777802,-0.2727275796605274,-0.10696366298513645,-0.7474196608496412,-0.294421872311333,-0.01289726716474527,-0.6483120822238959,-0.10466060140458439,-0.005036525153458177,-0.9567209458728928,-0.217796168547767,-0.00560720204313627,-0.8666563892905159,-0.2815184967506586,0.0005758690262178462,-0.7103162713618241,-0.29833172292440213,0.09158470726428769,-0.5843595438494256,-0.1356203666986334,0.08957046370666016,-0.8203581841204918,-0.21348940582046597,0.07591315937843407,-0.7876442115923916,-0.25620108540944425,0.0738022504552282,-0.6654384973101678,-0.27320426360784617
E,0.0,0.0,0.0,-0.13702533044384127,-0.024189988483446747,-0.13122794773938737,-0.2598734433538497,-0.1752320035935469,-0.21246438271207738,-0.2699701393933022,-0.3460710812657696,-0.29120609025613653,-0.1691946237766649,-0.43529629439368456,-0.36509929453398654,-0.20860417343642482,-0.5908958002809848,-0.10409351579875258,-0.22616169049621532,-0.9009758606353697,-0.1882851835306606,-0.23416249928320207,-0.8658661278337411,-0.23020748323342838,-0.2190108845764202,-0.7188866396035629,-0.2518272658405658,-0.10544903805719091,-0.6453945434952978,-0.10250467907516418,-0.112502180260341,-1.0,-0.2232107328666668,-0.11755261894066825,-0.92005209328886,-0.2953678301815418,-0.10877901239582537,-0.7596350333788898,-0.32049452794728267,-0.008197629549277467,-0.6449953766534139,-0.11803857667281595,-0.0018363466721461885,-0.9485463039509902,-0.2287899593461377,-0.008572007129749981,-0.8728393769353544,-0.2894065914770823,-0.0021326231458827128,-0.7226424367067437,-0.3067732610905849,0.09550316824680787,-0.5845909652400795,-0.1477366998419946,0.093109809857405,-0.8221799079153606,-0.2249813730627827,0.07576240418801132,-0.796599331466473,-0.26518858440826015,0.07223620641868644,-0.6849529033899763,-0.2812270498753257
E,0.0,0.0,0.0,-0.14084864850249423,-0.027705320031150806,-0.11843914726617806,-0.26781715273195006,-0.18588539272626897,-0.18782337807689234,-0.281027572504214,-0.3618416888942504,-0.2559138803197563,-0.1790208651568846,-0.43800294334112894,-0.3185853598017925,-0.21416193962198896,-0.5924640988743933,-0.08130011584706631,-0.2331085467721151,-0.9012172703348593,-0.15355212464915977,-0.24309454317152882,-0.8607636374657078,-0.18774521507712083,-0.22885041819154775,-0.713298191119881,-0.20467891606563302,-0.11150719805274778,-0.6504279521732322,-0.08061559998746125,-0.12029205811925077,-1.0,-0.1875671987987151,-0.12941995143160298,-0.9225789266164384,-0.2537084915036801,-0.1223367383109453,-0.765823949811666,-0.2762324904601697,-0.01510252519415028,-0.6513456292453893,-0.09606117699790497,-0.010016006237292246,-0.9562110410650462,-0.19501920237137146,-0.020182210227531024,-0.887458205358212,-0.2529153478305413,-0.015138180447075274,-0.7420326851703564,-0.2696808748760906,0.08779348358655001,-0.5925249356496967,-0.12479999796188633,0.0855021878954576,-0.8278055558609362,-0.19294544086401,0.06710184893285313,-0.8077931537754605,-0.23035080959429374,0.06264746789764447,-0.7014824117094227,-0.24531773340466367
E,0.0,0.0,0.0,-0.14045571258114373,-0.030716692255267106,-0.11530116872005003,-0.2692393256153665,-0.1912477065709542,-0.18458281172765806,-0.28744110287819896,-0.3698715198726773,-0.25471890079342413,-0.18686512638022867,-0.4574942632331946,-0.32091523725941945,-0.2156874003976129,-0.5942784600903512,-0.07536695289315744,-0.23521089626440506,-0.9022470869730825,-0.14869461171509174,-0.25182159068601,-0.8645457139069208,-0.18907329920177007,-0.2392161861451182,-0.7172400026335164,-0.2112404577487785,-0.11442839315514208,-0.6508433716105125,-0.07878043436279188,-0.12364344592618157,-1.0,-0.18993958255551116,-0.14008187951301593,-0.9361143787892499,-0.26896245551750464,-0.13106839897533362,-0.7723397200115081,-0.3012541845022089,-0.018525104536472548,-0.6519892218229525,-0.09761939633643807,-0.014941598165677646,-0.9516160501402288,-0.20018962832638743,-0.03159513232367841,-0.8936117986345999,-0.269460974765774,-0.025008635588968212,-0.7435199261893889,-0.29468350840699226,0.08559649898642686,-0.597832504747695,-0.1292720710692008,0.07961171265449737,-0.8392027029017683,-0.20165854276145456,0.05879776367557122,-0.8244363718681522,-0.2454116110636271,0.056798275347370135,-0.7123008064993742,-0.26578055288606256
E,0.0,0.0,0.0,-0.14647451334310013,-0.024725643876328602,-0.11349149184827365,-0.28303108056934884,-0.19448083285117787,-0.17443010620454943,-0.29801916887743685,-0.39192735392955996,-0.23601077608193227,-0.19066266867534257,-0.47006849847071375,-0.293069101770307,-0.23192047634782587,-0.5845085544532457,-0.05899728278438612,-0.2556701059441067,-0.893613521546952,-0.12451395554217885,-0.26458530187336504,-0.8597971313139477,-0.15876785815878677,-0.24684587356235915,-0.7185766079401189,-0.17736610067236774,-0.1302748581902111,-0.6518056763558466,-0.060936673250253925,-0.14477601494076267,-1.0,-0.16220826239956268,-0.15556779500135332,-0.9341618289143155,-0.23593362224528727,-0.1446612349238868,-0.7760349158660171,-0.2653717771357726,-0.03217973782369559,-0.6603269786127337,-0.07942636836333722,-0.03242358773906646,-0.9570782662194189,-0.17699861639142958,-0.045453808610698525,-0.8884551047644232,-0.24549144029714157,-0.03873694963116356,-0.7375727775603992,-0.2698862849380864,0.07600173414627906,-0.611088041574029,-0.11066804940503577,0.06694732711221545,-0.8452600193773868,-0.18020769357008146,0.04807930546258383,-0.8194395861834669,-0.22352585632461133,0.04685590721042073,-0.7016680671006744,-0.24314198400793033
E,0.0,0.0,0.0,-0.1498522348068282,-0.030613880606227804,-0.11047734890163677,-0.2884676069219112,-0.2055884027628186,-0.16701973786044014,-0.2977975679839562,-0.41456750022360034,-0.22575520147530836,-0.17920482044576463,-0.49061650082448693,-0.28051087399589536,-0.24009560647345077,-0.5942628242677561,-0.04230524658116895,-0.26162170724855666,-0.8999702154877575,-0.10408068596374223,-0.2673550093408262,-0.8651017476099956,-0.14075065231031397,-0.24673260042805295,-0.7311219887960475,-0.16228900583381467,-0.14102017820003604,-0.6617765111289992,-0.046368444938619635,-0.15434738929262926,-1.0,-0.14462081821233042,-0.16194350280350756,-0.9327870713644156,-0.224980788410497,-0.1456332740005064,-0.7736107017020081,-0.2605120660062452,-0.04353766626733532,-0.6720340200068781,-0.06741032103378898,-0.03902345851174122,-0.9639283811208236,-0.16560290680027212,-0.05007073329579367,-0.8938941907367727,-0.24347110100379504,-0.03992636304887589,-0.7376915877136958,-0.27453962254564235,0.06570638186909743,-0.6276870621684574,-0.1009634489901951,0.05997859105321437,-0.8624657828468923,-0.17124857959799755,0.041007990405970064,-0.8318733174860518,-0.21983514584605915,0.04124040880443724,-0.7042397146985426,-0.24434455957852227
E,0.0,0.0,0.0,-0.14648832333852244,-0.04402670117348135,-0.10698530802678627,-0.28073409800719973,-0.22989495591445339,-0.158412934361731,-0.27967369107009366,-0.44085245463798256,-0.21184063242076231,-0.15161742768498226,-0.49728139954694944,-0.2607859614292521,-0.22916709512892405,-0.6055656702368223,-0.03243984704201456,-0.24728388611403854,-0.9043512150198955,-0.08811084717099904,-0.24904996295906634,-0.8579292859946437,-0.12125782666563746,-0.23184315646213216,-0.7181918238900252,-0.14094680170268334,-0.1326947908301746,-0.6692015781676636,-0.035456805825827664,-0.14298264019532728,-1.0,-0.12418509071469198,-0.1476126083018847,-0.9310436310299004,-0.19966485451657578,-0.1352048961001316,-0.7746359854007802,-0.23369932051589143,-0.038014082885701725,-0.675531288245829,-0.055743134026133616,-0.031021420339009245,-0.9646826635155621,-0.14578370964957343,-0.038175125254625464,-0.896967160869399,-0.2215601179331903,-0.030836760536060274,-0.741553349544562,-0.25274216456216814,0.06790059834135077,-0.6264928566178052,-0.08846443502973587,0.06467230116825064,-0.856343113764506,-0.15178879888959335,0.04903692581847188,-0.8309500925181277,-0.1988601974438973,0.04851924434514027,-0.7075119885225611,-0.22373143586724337
E,0.0,0.0,0.0,-0.1436516898224919,-0.05503724718145727,-0.09989463676524193,-0.27219828414715913,-0.2578339459207283,-0.14733141502576305,-0.260335253953909,-0.4661055698431077,-0.19758810024814824,-0.1306361895478538,-0.5121872693023671,-0.24329940071004846,-0.22180463620388247,-0.6173415716075679,-0.024671641949158243,-0.2450055285985247,-0.9029393769787464,-0.07619875236214488,-0.2462448208075989,-0.8588525095667233,-0.10859802566256507,-0.22730863784063432,-0.7279681928031134,-0.1280742304539737,-0.12860034911291568,-0.6802086109306615,-0.02911333239960382,-0.14121790106121726,-1.0,-0.10924486476699076,-0.14723534237239103,-0.9374590323356228,-0.18214027725191498,-0.13449366573122476,-0.7868076953400137,-0.21658302661060408,-0.0374130068343512,-0.6871311688506314,-0.05010177493687544,-0.0339083575338476,-0.9718958157272828,-0.12921265098843313,-0.04242637385836232,-0.9091765206252236,-0.20053211154121478,-0.03329864792047158,-0.7587998217295749,-0.23194500483893746,0.06681997097893008,-0.6414227393831036,-0.0834450810730008,0.060319388146710826,-0.8708683743965617,-0.1384204898863101,0.04415027362816151,-0.8504231071961698,-0.18101808496224117,0.045368226815234045,-0.7339145311898313,-0.20469114394199484
E,0.0,0.0,0.0,-0.14254234262217275,-0.05359325744426251,-0.10176709542194634,-0.2639964285869799,-0.25506565664629305,-0.15360967830168218,-0.24351745200499053,-0.46674552915033174,-0.20783502442746415,-0.11964316557741748,-0.5235281761968972,-0.2572041072788966,-0.23136718310189164,-0.6113728271951573,-0.03462934377822341,-0.25516792214220085,-0.9119171027430252,-0.08965894986737478,-0.2438351136832768,-0.8851959497721317,-0.12171742035127596,-0.2171434045494046,-0.7549616286671832,-0.14037380268654961,-0.1386826288204156,-0.6708645560688413,-0.03889698690896586,-0.15438639562024997,-1.0,-0.12127452905771488,-0.14605022330662168,-0.9475612312583238,-0.19108622949943466,-0.1282449130069394,-0.7938566056107927,-0.22290021246057645,-0.046839255933503375,-0.677752257481793,-0.06011367157024044,-0.04430360245345956,-0.966763133247255,-0.14403575550549635,-0.04060346595431934,-0.9051194745892429,-0.21413210735188412,-0.02895697695563581,-0.7477108142444308,-0.24348645169672867,0.05530896226855226,-0.6306446064592729,-0.09329373970991454,0.05152638302575237,-0.8743479693394275,-0.15236762528660217,0.0421944284381019,-0.8448743981897431,-0.194540178197903,0.0449941641070918,-0.7090768506954862,-0.21679509505949687
E,0.0,0.0,0.0,-0.1361808464131577,-0.06382916325786278,-0.11153232940387124,-0.24672340611722762,-0.26977596104294266,-0.17000332175828928,-0.2165731467413062,-0.48539848872805297,-0.22925918277816001,-0.10026813331323407,-0.5617193617905684,-0.28379185337251656,-0.2251939652044484,-0.6155219857200783,-0.041917743266734725,-0.25470442764397133,-0.9109039953100967,-0.0999318998870896,-0.24070801340097153,-0.9160836789659608,-0.13631839195164247,-0.20880567627978974,-0.8050843905602381,-0.15798775633453577,-0.13135942164137968,-0.6741595633180407,-0.04280998417048899,-0.15043653596710696,-1.0,-0.12783440372195384,-0.14206591646651248,-0.9658370527452722,-0.20298505933185854,-0.1242822674139698,-0.8190151725291814,-0.23858513076100796,-0.04005769303798268,-0.6803898771143772,-0.06177549312608343,-0.037896494607214816,-0.9652287233375308,-0.15014032195921054,-0.03395205059327851,-0.9205351569144371,-0.22789355625388472,-0.022182424242138822,-0.7713324905744049,-0.26200628390165354,0.060274659721490535,-0.6299977339098071,-0.0928702332494644,0.05842787969950951,-0.8764759929942578,-0.1579435840587643,0.04959830522312597,-0.8662971251394258,-0.20622612915761962,0.05201055887572471,-0.7450002913422211,-0.23232302833878316
E,0.0,0.0,0.0,-0.12991930036086943,-0.07357631366693126,-0.11327739373489411,-0.2317348430812896,-0.28235463118610715,-0.16850919533385722,-0.1905900448874729,-0.4900794241629965,-0.22253019987824152,-0.07340045643641936,-0.5438600415011136,-0.2709347321723472,-0.21508293555646182,-0.6111089881576258,-0.04422967267291921,-0.24218641999622811,-0.911773858848245,-0.10169627066239564,-0.22011616716269225,-0.9040204635107536,-0.13301405562640647,-0.1840778744211526,-0.7849579614738897,-0.15079020547517052,-0.1228330378309885,-0.6668154296145706,-0.04233696290086776,-0.13961325978854447,-1.0,-0.12905899328335682,-0.12000347454353695,-0.9426204013898686,-0.19803522175666172,-0.09912537014475035,-0.7916274577038439,-0.22736825466722627,-0.034600250911801425,-0.6680612554016563,-0.05904081178429576,-0.028241273905006508,-0.9581941609520522,-0.15169490316794326,-0.014218534218907404,-0.9037444511569536,-0.22835148743859607,-0.0009000754763215353,-0.7587029626106995,-0.2593764858762017,0.060988207724707776,-0.6087538304222528,-0.08734706297632704,0.060492331231694584,-0.849591074427611,-0.15487591465971057,0.05664136461121174,-0.82591672078068,-0.2037542880416739,0.06006666130745165,-0.7006569554112032,-0.22900081299757433
E,0.0,0.0,0.0,-0.12125125972067756,-0.0739602923421774,-0.1186232079157755,-0.21479454849001509,-0.2739426234219275,-0.17980895406012207,-0.17781175880286584,-0.4744201447521175,-0.23846797852083199,-0.06883869316163327,-0.5508354107674331,-0.2915368405792646,-0.2091068957736659,-0.6207619534253402,-0.0519389536951463,-0.23642157975496483,-0.9085309333163694,-0.1082694189130411,-0.2173621700572176,-0.8982474000166797,-0.13888872181615042,-0.18617345592653275,-0.7759518235400159,-0.15619410531102534,-0.1183143986521138,-0.6724267460380943,-0.04736788272322095,-0.13586359320688005,-1.0,-0.13161784814432537,-0.11552881492198303,-0.9464457756016429,-0.19754980352927845,-0.09690208911105036,-0.7943959335559913,-0.22525528019530328,-0.029796519188600885,-0.6693290568633948,-0.06134144999294469,-0.024535751678675336,-0.9513606262438382,-0.1503246788874962,-0.010081005859566535,-0.8930365182130582,-0.22147046871296103,0.002249887991666273,-0.742661897877393,-0.2497676879216697,0.06605379162919554,-0.6056937413307596,-0.0874529344414808,0.06612439909042582,-0.8449593179933224,-0.1528144766209967,0.06070706720994617,-0.8172706191268109,-0.1977103544926013,0.06064157623141374,-0.6875066407681683,-0.21987408347387719
E,0.0,0.0,0.0,-0.12092408665137257,-0.06353739364903854,-0.14184526619575594,-0.21709236907336607,-0.25622383724917586,-0.21213028757293256,-0.17968173667941348,-0.45520723306611266,-0.27602740383380087,-0.06574916739370572,-0.5417465371154682,-0.33375272547150864,-0.21008717848398825,-0.6208149821146878,-0.06321945395326202,-0.23361602723360006,-0.9161180177477578,-0.12335432970411563,-0.2065556790328427,-0.9041101580672258,-0.1586255244665094,-0.1754968648293229,-0.7798884013980785,-0.17903918232082666,-0.11740020266659881,-0.6701709062097767,-0.04698923464037872,-0.12705834481386524,-1.0,-0.1336389413172778,-0.10051325214467327,-0.940760065948208,-0.2064115699291994,-0.08545418663076321,-0.7866997437525375,-0.23864461548877022,-0.02818518719962989,-0.6674274344493323,-0.05187720117801948,-0.019108416678338666,-0.9451912721736094,-0.14441816881734995,-0.0005282364401537061,-0.8844050090210824,-0.2249574805687112,0.009017231420566164,-0.7338494456048655,-0.25891648936903167,0.06576180214473168,-0.6068885441448032,-0.07054115154629434,0.0696003433536861,-0.8455227310204729,-0.13863786757978908,0.06646121349946993,-0.8176449317362142,-0.19025111759126637,0.06487650417900881,-0.6878327304350339,-0.2171944429011001
E,0.0,0.0,0.0,-0.11855118380293114,-0.056786406117767585,-0.13517753427072454,-0.21602930847623772,-0.2412178645332749,-0.20870735758812536,-0.18271472576722816,-0.42955896847351743,-0.2784289724872756,-0.06093984094831828,-0.4999876233970704,-0.34127621381903894,-0.19372148118080107,-0.6200183854223862,-0.06662207394743407,-0.21156454466477823,-0.9196621519144222,-0.13118584590388918,-0.19185316704509583,-0.8908966300168942,-0.16588978735430626,-0.1703672142342332,-0.7579726801163622,-0.18547492149754294,-0.10313189299163589,-0.6671751990230054,-0.05710885233300275,-0.10749628297864938,-1.0,-0.14837387448797262,-0.08636385017998813,-0.9197569116097044,-0.21450551960729966,-0.08011464392002997,-0.7659085919398287,-0.24072611847666509,-0.01623844329385041,-0.6631229886425316,-0.06822482807758301,-0.0027541556677228318,-0.9548588714256392,-0.16227360767223098,0.012298685621781392,-0.8739089556673486,-0.23061320047604023,0.015329975120050921,-0.7139836814277717,-0.25556721778099795,0.07558880518827195,-0.5967119236362749,-0.09331566319886055,0.0845122083066485,-0.8408820545467088,-0.15882914803939333,0.08039160762545049,-0.8064514510099605,-0.20181722618092604,0.07445458097203203,-0.6703772090853962,-0.22232512964138168
E,0.0,0.0,0.0,-0.1170867347652837,-0.05858743687815359,-0.13417456667035182,-0.2120314221334501,-0.22746257675090023,-0.2141873489067296,-0.1894268533013967,-0.4084804038198672,-0.2907601592109607,-0.07274699077822896,-0.4867904811222609,-0.3594996999951545,-0.18447174253950926,-0.6219872793276244,-0.07669539637982305,-0.1984395233230099,-0.9252987062062512,-0.1462615213665772,-0.1767803243114995,-0.8885068421848873,-0.17990359317269675,-0.15684475074826504,-0.7537843950332929,-0.19775186381571483,-0.0927402129064807,-0.6605028521044392,-0.06879439812660788,-0.09204593091102727,-1.0,-0.1696566752882458,-0.06706544145138427,-0.8916958408393098,-0.2298233975207981,-0.06326163584634424,-0.7349468100349823,-0.24761462357581684,-0.005998283205740064,-0.653499384526592,-0.08067475623582826,0.010316427308491801,-0.9588745800485314,-0.18011794253366406,0.025366701522388638,-0.8606244305954597,-0.2381137318558169,0.024493808943991585,-0.699131889253441,-0.253291820102774,0.08342097248130753,-0.5810861222909339,-0.10639589334044408,0.09510630328743441,-0.829668400788819,-0.17164568615550016,0.09171320205455487,-0.7863167632030209,-0.20780631088600143,0.08394264201040873,-0.6499910694708528,-0.22180947639203255
E,0.0,0.0,0.0,-0.11429332895977695,-0.05227684611915208,-0.13818951222622516,-0.20474180983230145,-0.209014227725614,-0.2267235234607981,-0.18840952888597318,-0.3752640944688179,-0.3108202883958098,-0.07932674566402886,-0.4504484808725245,-0.3863819350397886,-0.1687126163434335,-0.6157115912911558,-0.09776298797348826,-0.17825331091885685,-0.9290949198409119,-0.1719262377992294,-0.15889163147320515,-0.8865023576202387,-0.20471191986901494,-0.1436687031038583,-0.7490731887326254,-0.22123967828469412,-0.07715019065972364,-0.6520991430562959,-0.08779897755895712,-0.07599540776579605,-1.0,-0.19387933140700336,-0.05071401041453114,-0.8837509532986182,-0.2487481247154621,-0.04850252162860306,-0.7321018491943089,-0.2613458531996148,0.0082689737176596,-0.6483555701340769,-0.09648056556994568,0.025118537045389314,-0.9614757472631105,-0.19603602089816743,0.04152937799827791,-0.8575972774611506,-0.24562872662615956,0.03844060847103202,-0.6990909016359834,-0.25468459197529236,0.09440239452212063,-0.5798272171880766,-0.11915577775576716,0.10701430972979623,-0.8336294231005781,-0.18043732886487374,0.10670351387920785,-0.7878937225798516,-0.2107699173268853,0.09915798105703391,-0.6540574029275493,-0.2206703027465417
E,0.0,0.0,0.0,-0.1121876910675299,-0.04946024134982963,-0.1445617745644473,-0.1977237610359303,-0.19455224351941264,-0.23974657166090457,-0.18353161490032094,-0.34515578087732673,-0.32917809956954247,-0.08332367482560968,-0.4219596374217905,-0.41032568004824416,-0.16099516922682236,-0.620468993260098,-0.11391000516924137,-0.16815716974903291,-0.9292308658993254,-0.19230802418760273,-0.14595198918594407,-0.8816509406626865,-0.22636512973468992,-0.13254853074563464,-0.742196386980158,-0.24338149406836032,-0.0681035487527828,-0.6528735579793707,-0.10229681285771737,-0.06392423649496444,-1.0,-0.2125986429875733,-0.037731828602943523,-0.8758373600628736,-0.2652946607739866,-0.037917727745984287,-0.7201259914349656,-0.2760051047896946,0.018271183549195553,-0.6446446721826513,-0.10929478831512368,0.03755781268007962,-0.9571551310442453,-0.21095350882438968,0.055422199418015225,-0.8513056728865286,-0.2576077637660186,0.05143529765675921,-0.6971940624269507,-0.2651458356500593,0.1041621222845214,-0.5694242140307948,-0.1308039458827164,0.12155704043355196,-0.8207191594623966,-0.19311954231618766,0.12260260102527773,-0.770349770377118,-0.221892643784563,0.11439178423458063,-0.6393618482867652,-0.23078495511321118
E,0.0,0.0,0.0,-0.11364251362296628,-0.05508655169554965,-0.15486816913161375,-0.19758068404840382,-0.19121807257202267,-0.25608366416118317,-0.17860241847311426,-0.34335620907325737,-0.3501268261853964,-0.06946632917514671,-0.4055932630714954,-0.4351003493419065,-0.14330131118745812,-0.6301804004174314,-0.12488574026404595,-0.1366793651457424,-0.9482571623141817,-0.20812054672306504,-0.11741550738037808,-0.8874639535084441,-0.2445157824877653,-0.10995834195418158,-0.7399756857636588,-0.2635041377984874,-0.048367355191833425,-0.6592939470583072,-0.11040634184243715,-0.030023162628786963,-1.0,-0.22780553950991725,-0.006256932641007295,-0.8509583992509121,-0.2841070533835466,-0.01037727263186413,-0.6983528121956618,-0.2959172102704231,0.038217486556947074,-0.6499014974383013,-0.11527991705225704,0.06703474345692814,-0.9619890085907006,-0.22453926118055376,0.08233418613884302,-0.8419095679299745,-0.2770443601438395,0.07385783587088153,-0.6871870004010772,-0.28664907915767446,0.12257918274439669,-0.5688994805447615,-0.13482226569791875,0.147493454436092,-0.8167157011600278,-0.201027422192957,0.14766445316510948,-0.7653789651951132,-0.2346565103896441,0.1363198626045473,-0.6363524009882916,-0.24660062978792632
E,0.0,0.0,0.0,-0.1210689267087658,-0.03291244342767041,-0.1763184485704027,-0.21555819778568794,-0.16580920025734133,-0.28964650190415975,-0.19038222221621204,-0.3125884272799405,-0.3938550192197636,-0.06823585611467985,-0.3744742538639235,-0.48906814734715237,-0.1506160201410509,-0.6162319439312305,-0.148484889883087,-0.14431501122910242,-0.9391168986243462,-0.24632590350777633,-0.1337126965769071,-0.864713065414804,-0.2925625103140695,-0.12390519209490121,-0.7210387029617582,-0.31798439190121514,-0.04790700551972167,-0.647599054612012,-0.13077220843495707,-0.03237541409745096,-1.0,-0.26575947279368795,-0.018557853965210237,-0.8446318534628334,-0.33425300410045256,-0.01903927024864272,-0.700032860718223,-0.35293414914773036,0.04429604532074529,-0.6385872054832774,-0.1347979633609376,0.07462780672623742,-0.9547306418421746,-0.2602341095255475,0.08190145232880056,-0.8215651167924694,-0.32071553764154315,0.07560179570978307,-0.6715062413389864,-0.33418272712719516,0.1360677147162264,-0.5611625189025197,-0.15515510645956135,0.16025651644607952,-0.8086601853520305,-0.23514146900794386,0.1540871870582862,-0.7372425530073473,-0.2743045906950375,0.14453915378241403,-0.6018276577035564,-0.2892950325195646
E,0.0,0.0,0.0,-0.1255652918218985,-0.01979020821195507,-0.1695822664542763,-0.23322263357320602,-0.14675377759796845,-0.28127502613827626,-0.22174301550827574,-0.2895344006540007,-0.38649388733782924,-0.10450971262921821,-0.3523488939915358,-0.48295990964440205,-0.17500486906193866,-0.6222485620594335,-0.13914812166634588,-0.17887102962479384,-0.9379011960756615,-0.2392776115474739,-0.16884452353825746,-0.8726091234100318,-0.2882662467807584,-0.15351964217201122,-0.7310539157706617,-0.31509013887064335,-0.06966277671108867,-0.6623311814726551,-0.12626683023230056,-0.06143928635015953,-1.0,-0.26258064942417836,-0.04736289097731477,-0.8396247186183734,-0.33209658107843065,-0.04370252664609819,-0.6961894261528392,-0.3508088040538831,0.027382099740121655,-0.657697506287986,-0.13530165677249142,0.04988744734934955,-0.9562963031072557,-0.2595162123002768,0.05759619636404367,-0.8095816451828887,-0.3156221413549098,0.05534280285774231,-0.662482310468107,-0.3265333121114492,0.12621578177909254,-0.5816329788879147,-0.16117876708244797,0.1424486073646965,-0.8200277682811333,-0.23950917410259043,0.1350098509690896,-0.7322649538713849,-0.2743635494458279,0.12857533337401333,-0.5961418639855759,-0.2861687468455399
E,0.0,0.0,0.0,-0.13276441198668218,-0.021979954454606616,-0.16242550499338,-0.24453697019063017,-0.1640719122263732,-0.2661593688701796,-0.23564750586116276,-0.31322463515747084,-0.36278703896681813,-0.12546157937132935,-0.3653946789410327,-0.4509957152085611,-0.18136850877760852,-0.6252702362738984,-0.14160827739506773,-0.17888473606534674,-0.9440550478111907,-0.24191703836861486,-0.1775524636550547,-0.8755219323440308,-0.28825537885443786,-0.16662369982979888,-0.7217007656182267,-0.31187326300131396,-0.07400954339063247,-0.6622760732626907,-0.13007699792024102,-0.05898333307383877,-1.0,-0.2660343812644595,-0.05673753053499858,-0.8489708855292992,-0.3328386688248637,-0.05767236653306794,-0.7005158478793695,-0.349715560232944,0.023748341624867556,-0.6534182399548971,-0.13902848486506947,0.05041558737414172,-0.9483998062804787,-0.2613567800431415,0.04780856840126491,-0.8167437911828117,-0.3132644338489844,0.04325927358457324,-0.6724696206981605,-0.32144146267992313,0.12376579604874455,-0.5794000103251522,-0.1646122656899508,0.1395147670162195,-0.8202800738494216,-0.24229665160152652,0.1270477194115319,-0.750613486123733,-0.27535748149792266,0.11919830929730783,-0.6248827972312203,-0.28533161945014995
E,0.0,0.0,0.0,-0.14145566425543518,-0.03559451936234296,-0.12326721596321244,-0.26406648671275273,-0.19587128105989773,-0.19797646357218723,-0.26686847796791086,-0.3554843015212427,-0.27097714948530555,-0.1566685630701987,-0.38287711147865067,-0.33597531912567763,-0.19849353854746812,-0.6386291424073255,-0.08780600307634848,-0.19912410058423696,-0.9375158623305384,-0.16396905195229694,-0.19679212177992725,-0.8608321280320835,-0.19682830209295474,-0.18522846316149652,-0.708933192817065,-0.2121963647705067,-0.09411775250707377,-0.6793508701913354,-0.08530823638241511,-0.08117959444639955,-1.0,-0.19427945948092462,-0.07904260240657697,-0.8540420284536009,-0.24821384030202648,-0.0777459404227376,-0.7030175459783508,-0.2590570896558183,0.003702389814394615,-0.6717355363063783,-0.09996776197332721,0.02308030026703752,-0.9482478394994752,-0.19593264061136353,0.01917679103991788,-0.8120176632849043,-0.23325023756931842,0.01881921047343101,-0.6612024770866964,-0.23474884451468406,0.1064483066500236,-0.6081574285397096,-0.1295815340771998,0.11108679018134712,-0.8358275914448614,-0.18656388038438637,0.09980004421796627,-0.7630648208338955,-0.20761107016909267,0.09739541711914604,-0.6403579202208508,-0.21066668180955092
E,0.0,0.0,0.0,-0.14093643824698987,-0.04173843179051533,-0.08911733280089912,-0.2677392145987892,-0.21973785469267693,-0.14158773651994672,-0.2800257938713688,-0.3880639599320416,-0.19686012693063773,-0.17530624833129727,-0.4133047535431929,-0.24635479293295415,-0.20332736629360607,-0.6213834765864262,-0.055565519061536096,-0.2147244327026625,-0.9236408560633613,-0.11489631672376634,-0.23363809067457317,-0.8691863320813122,-0.14041685381585226,-0.223704863419665,-0.7184908121651239,-0.15159741230120755,-0.10628269848978361,-0.6680939111250852,-0.06270385690428032,-0.11021829634189567,-1.0,-0.15550066580575272,-0.13423760725504982,-0.9084787189782966,-0.20938042081940567,-0.12976725465566136,-0.7492314344022372,-0.2241777914212288,-0.013094793401129498,-0.6631103602611783,-0.08221358049474041,-0.0059223356880198,-0.9446611213128021,-0.1606201764859121,-0.02958088346473036,-0.8451750278617539,-0.1974243101262508,-0.02700673147366583,-0.6911162347106796,-0.20257721410782556,0.08872371148433937,-0.6081188488961388,-0.1143971686667599,0.08729698027551033,-0.8380219709831265,-0.16232868171936418,0.06631620958197977,-0.7983826786886145,-0.18259793450700235,0.06444387507956652,-0.6864390938516908,-0.18701043104641699
E,0.0,0.0,0.0,-0.1467357908624597,-0.04167684287322078,-0.08421257723612191,-0.2784958279377288,-0.21428464212639928,-0.13369977264962093,-0.2959094933140369,-0.38658238630766784,-0.1876720659532757,-0.19213657808650209,-0.4203206935727132,-0.2360910235302993,-0.2105902491666977,-0.6235306000746134,-0.04102418657048386,-0.22391808291838908,-0.9240136011450304,-0.09434669129948822,-0.24192840495350112,-0.86713592920675,-0.11837639912535329,-0.2314233544800378,-0.7179405713706748,-0.12947636679081528,-0.11738062723374901,-0.6717356423237213,-0.05031505012467501,-0.12637394424137202,-1.0,-0.1364232988248047,-0.14796694246922668,-0.9052785664229276,-0.1913836190461806,-0.14004701329249716,-0.7455411016070641,-0.20801673289658926,-0.02663268308806721,-0.6700957746514109,-0.0719476749699211,-0.021690564725520736,-0.9596586767418669,-0.14557199517065791,-0.04399295269682243,-0.8726632120204427,-0.18723731651936465,-0.038886659939164785,-0.7220303900877442,-0.19676777696756387,0.07449890065697902,-0.6176362702204221,-0.10573819555598304,0.07213948006438138,-0.8517392635418077,-0.14976300590328537,0.049604902591422466,-0.8137594716899237,-0.17171259482623566,0.04852744948979289,-0.6960767635691701,-0.17848471044628797
E,0.0,0.0,0.0,-0.15084720494388582,-0.0372603756957343,-0.07583703767205296,-0.2900950822431303,-0.21253766869951307,-0.11915228450072747,-0.3158966245756411,-0.3913365379372382,-0.16882696104869394,-0.2089993087965022,-0.4248131024194644,-0.21296101749288218,-0.21511132221587298,-0.6111592645695643,-0.028513448808277414,-0.22978277046843298,-0.9146592190251478,-0.0806415008357604,-0.25987147649325015,-0.8540511049327597,-0.10410246497638768,-0.25034079515823454,-0.7019303898507498,-0.11440466321153367,-0.12400381438428204,-0.6623379509173024,-0.042034846371005,-0.1333943166241533,-1.0,-0.1294402501057102,-0.16811515771763533,-0.9088271698132238,-0.18734866572104678,-0.16073128888807642,-0.7482923207701135,-0.20521007484953466,-0.034884343972866244,-0.6650301144725027,-0.06737731004657495,-0.031610976929310336,-0.9621187073454476,-0.14328238417523462,-0.06687354443039063,-0.8748143158866174,-0.18708207723108214,-0.06286831485974054,-0.720381079115852,-0.1966817646608547,0.06561327211575405,-0.6203277180797465,-0.10444670748448877,0.057613214121479725,-0.8609458834623969,-0.15041768922984536,0.027852853397093414,-0.8258231798701874,-0.17326929488327852,0.027021707193843024,-0.7054529116435168,-0.17999690649310185
E,0.0,0.0,0.0,-0.14921391846462054,-0.03300756637479245,-0.07478713477651293,-0.28895237062033585,-0.2016839900370604,-0.1211938593551257,-0.3254203691785156,-0.37272786852075673,-0.17426947474544316,-0.22459865572215246,-0.41747344865137953,-0.22163927029775227,-0.2134728270016152,-0.6066240695535098,-0.03417303064810949,-0.2288851440022728,-0.9157324157265301,-0.0894073424422117,-0.2621725959349705,-0.8479185867871111,-0.11273057224360511,-0.25259739206152615,-0.695120717448729,-0.12256362038901134,-0.12217056300662149,-0.6521206242330786,-0.049788976024215545,-0.13170615818218664,-1.0,-0.1424261595165192,-0.17090278243944404,-0.8978026398799459,-0.19847424662320404,-0.16363562034060936,-0.7353071614752761,-0.21367943319925958,-0.03340508499326652,-0.6505789073662316,-0.07683225194667667,-0.029771503943849184,-0.9589784328253982,-0.15733270008966502,-0.07066525750902967,-0.8631758094888442,-0.19690890770159777,-0.06747437126361927,-0.7066299869975302,-0.2023292148423938,0.06585590260268913,-0.6040657294410974,-0.11557032897302744,0.05740954661880112,-0.8495877991212277,-0.16484346959917573,0.023138319617694938,-0.8078769769750981,-0.18544807529538368,0.020934389862209454,-0.6859125700827392,-0.18951782923469934
E,0.0,0.0,0.0,-0.14605349208439727,-0.027393392656803295,-0.07180698711333043,-0.2862223403701078,-0.18418212665546815,-0.1191646128887838,-0.3308618546679615,-0.34812375153262365,-0.17417350526098588,-0.23926038956227072,-0.4155342752732835,-0.22397554238437467,-0.2192170376298139,-0.6033812695188056,-0.03362015612438409,-0.2424142208058858,-0.9001588524568415,-0.0896862716236141,-0.28134844346273113,-0.8281164803680173,-0.11376605833611898,-0.27224670572881693,-0.6760438910406115,-0.124375472617437,-0.1308321001692722,-0.652011187303194,-0.05266419820264926,-0.14559957013729136,-1.0,-0.1491988993260717,-0.1901050354837363,-0.8980962621942479,-0.20675271953512012,-0.18416230650272514,-0.7370496739948917,-0.22260042827692386,-0.04141295522845922,-0.6535600715661222,-0.08280136235622843,-0.04273289650256012,-0.9595005515665364,-0.16577192453504083,-0.08500604636006535,-0.8551271418304243,-0.20324643339165585,-0.07945648449060913,-0.6954923956950305,-0.2073144590682188,0.06064885840774115,-0.6097860103051851,-0.12445410603974799,0.04729735633139813,-0.8520871348925618,-0.17750112688472397,0.0102540571448172,-0.8076102267457833,-0.19797665927020638,0.0077584167694348324,-0.6887260382443195,-0.20144532757275024
E,0.0,0.0,0.0,-0.1486758186836322,-0.020157485425635682,-0.07969631000670586,-0.2899526503909319,-0.175412775436817,-0.12961149502153232,-0.3317544887088311,-0.3455637289112769,-0.1864916265149251,-0.2363690431544241,-0.4240173470078779,-0.2382133172123835,-0.22086555224459864,-0.5944724625687738,-0.031126342668117493,-0.2469663681507028,-0.8966908588944561,-0.08704330112010633,-0.28180004679161985,-0.8308631133183422,-0.11291425691924543,-0.2700128966711554,-0.6809667552660855,-0.12504900163420152,-0.13174564698024338,-0.6494142023659737,-0.046326851216529186,-0.15122311406674313,-1.0,-0.14128307348367755,-0.19207115505262568,-0.903214034571821,-0.20317347644959732,-0.18383741948687177,-0.7422298342771961,-0.22254853512539446,-0.041479462932874224,-0.6576992663186602,-0.07400404881244001,-0.04568731442097523,-0.9644867169585514,-0.1571795059620952,-0.08408202408692181,-0.8643273174808094,-0.20177264612187218,-0.07692899942926146,-0.7068003324092568,-0.21088467661821936,0.0617848072279641,-0.6208742946279213,-0.11373078186161277,0.04689551841919165,-0.8581641028137393,-0.16767145253818547,0.010836084783236083,-0.809718798260067,-0.1926344754026638,0.008439049113484249,-0.6895320556538798,-0.1995528382655493
E,0.0,0.0,0.0,-0.15143145319113355,-0.025239382403491724,-0.07989274684788161,-0.2928886600837976,-0.19317704968234148,-0.1243834950115375,-0.32584135240657536,-0.3753494096079211,-0.17605141766279844,-0.2252802292543866,-0.44518849861647497,-0.22294484151673574,-0.22278601124182795,-0.5952994448340221,-0.01642392137290363,-0.2464895750270001,-0.8907218733163392,-0.0677608044217559,-0.2758245558007534,-0.8369383537488269,-0.09388928586089106,-0.262505512027338,-0.6903815266547446,-0.10683400615514593,-0.13134281109373555,-0.6554433557238845,-0.029908323402248704,-0.14787954954572033,-1.0,-0.11828832513114212,-0.18469513298858306,-0.9234770598735406,-0.18427992879754496,-0.17716439487170987,-0.7645867485201017,-0.2082747048644084,-0.03983413126100251,-0.6644240831982575,-0.05688702787848261,-0.041987001544106145,-0.9669834690874347,-0.13734810332404396,-0.07891623080554946,-0.8718634779756045,-0.188869578773347,-0.07552630322214204,-0.7077144422747347,-0.2033353375754003,0.06337235473971989,-0.6259349112241533,-0.09589856034434414,0.050495011646029625,-0.8593832798363763,-0.1496744693344751,0.016306000515632003,-0.8161629134553859,-0.17891976427450373,0.011313379698639188,-0.6933241738359263,-0.1893810464980166
E,0.0,0.0,0.0,-0.15386039249542052,-0.03476176557896636,-0.071016942222359,-0.29814281366468437,-0.2152054278458298,-0.10839100267057263,-0.3317706535933755,-0.40377908924382844,-0.15320593568565907,-0.2320385834666924,-0.4703389436788128,-0.19315673356602014,-0.22334887563512307,-0.6028175998432457,-0.008399921066723144,-0.2523160627023717,-0.8971903063376109,-0.05195838008116309,-0.27916056247015825,-0.8271547480854409,-0.07087945516363597,-0.2630169562312198,-0.6779578611971327,-0.07910476656527794,-0.13246602257646622,-0.6630509609596049,-0.022915131682490743,-0.15903030121244952,-1.0,-0.10206061739178357,-0.1949621000511701,-0.9110277529770031,-0.16072101529927016,-0.1846530107633279,-0.7483795181989688,-0.18052373652521397,-0.04118370361700439,-0.6720080118139534,-0.0498593400056289,-0.05130320757832702,-0.9767192316300702,-0.12231572295070899,-0.09003632115786915,-0.8860491118913687,-0.1707916761793732,-0.08653543167176928,-0.7270364161950534,-0.18460613783936794,0.06381844735323072,-0.6336877312863551,-0.08773181587588343,0.05100994532346142,-0.8706454263721829,-0.1353168668202156,0.017520830341346504,-0.8315651743981236,-0.1617722317018731,0.012470573928414993,-0.7114421672651183,-0.1710683517558438
E,0.0,0.0,0.0,-0.15830100063277466,-0.03377101173172542,-0.08914710707719747,-0.30596520179351544,-0.21467926195452486,-0.13491190678511852,-0.33299418387674357,-0.4187445071215012,-0.18660469725396192,-0.2224567111517087,-0.49966152908906725,-0.23396011079196766,-0.23060279569857983,-0.6025271589955435,-0.019038629884988154,-0.2599480447871388,-0.8967945215292873,-0.07205572429038744,-0.28761420180433106,-0.8211243024499241,-0.10119347206082006,-0.27309332474335657,-0.6701995454731073,-0.11684080687946927,-0.13676856736352483,-0.6621203285164405,-0.029937531753427362,-0.16210102080819888,-1.0,-0.12329785763299833,-0.19734246154075183,-0.9080321012136796,-0.19894906715296923,-0.18638678673388134,-0.7432371307750353,-0.2296938269401987,-0.04417167731510423,-0.6709133755043291,-0.05536060188630264,-0.051617913983686856,-0.976848885784851,-0.14463456132317226,-0.09047152055460786,-0.8863738696920098,-0.2118635387758403,-0.08630352301316382,-0.7178813189101668,-0.2359770980385581,0.06202573513944915,-0.6359440932662239,-0.09233613801242298,0.04978115257600811,-0.8814837761995217,-0.1540854686065703,0.016098721895512768,-0.8431552405952235,-0.19371924846818236,0.010340953565557977,-0.7135026020992229,-0.21188473818712586
E,0.0,0.0,0.0,-0.16683131286290642,-0.034699782602261184,-0.08364972209748107,-0.32041950054686724,-0.2236277123189741,-0.12065786900187866,-0.346972752365631,-0.4386719314150796,-0.16536653448679012,-0.2350975819820369,-0.5188583166933226,-0.20727559540485874,-0.24573503944347774,-0.6118303574486424,0.0056227983845624765,-0.2747197717865483,-0.9021072540621918,-0.04106806240653548,-0.2969850961601728,-0.8512362496002848,-0.0735421791485691,-0.28195069896347413,-0.713223742909998,-0.09262125506973437,-0.1514189842537019,-0.6751325406376937,-0.006367757003996804,-0.1788800352957386,-1.0,-0.08912543101673298,-0.20889162522006388,-0.9301184311014306,-0.17204417032488353,-0.1963838556036323,-0.762768957002705,-0.21107483561493448,-0.05731182085519685,-0.6866288953887594,-0.03390799996399681,-0.0637864700803399,-0.9798231368996349,-0.11806906580945416,-0.09779099836618557,-0.9156551238038797,-0.19910313995449955,-0.09217317079681135,-0.751405027691654,-0.23488328997882388,0.051201486884464034,-0.6545972985957466,-0.0724866051729162,0.04268906336482582,-0.8979302484903189,-0.13387615922173685,0.013398299566022322,-0.8746009542020937,-0.1818898046047571,0.009307557337205858,-0.7453785908413818,-0.20767839291095974
E,0.0,0.0,0.0,-0.1633052359024561,-0.030418130726927388,-0.0847877074845738,-0.3209158564482482,-0.21631062525550612,-0.12457726893736082,-0.3534300996083819,-0.4281672185198867,-0.17185387888356496,-0.24154815334928126,-0.5157183187099059,-0.21641820260960595,-0.25118651270343956,-0.6028425648556175,-0.0022670071236661005,-0.2785795005931839,-0.8963881128805049,-0.05370739221019323,-0.30734567223221326,-0.8376758579480728,-0.08740626501588243,-0.29549184354512176,-0.6928492552982006,-0.10650218947438742,-0.1540343004580673,-0.6694034878205057,-0.015237298211254531,-0.179777646869617,-1.0,-0.10447210822478523,-0.21544715009742652,-0.9245913950628126,-0.18788501282460315,-0.203024430999917,-0.7546808473479054,-0.22591026285123497,-0.0574303684511075,-0.6838606543787552,-0.0431778110469634,-0.06485218243925607,-0.9864358995094366,-0.13178978414563985,-0.10272151113450058,-0.915796687026592,-0.20966137706279284,-0.09477624844047629,-0.7474848347622914,-0.24227200795505685,0.052363908095849385,-0.6577516222647136,-0.08244221921263077,0.038875750708960946,-0.9022795595184107,-0.14630716717029102,0.007811669048976308,-0.8777538686906904,-0.19216499646558952,0.006662051864297661,-0.7506805702280023,-0.2156738774218154
E,0.0,0.0,0.0,-0.16631558885593375,-0.03736623127909452,-0.0720357543526414,-0.3214587335564757,-0.23250435463790411,-0.10269447957042685,-0.3532288961819469,-0.44860620893766695,-0.14238280330705658,-0.24638596674238641,-0.5344188297513427,-0.17891982105606588,-0.25732852012926455,-0.6102925887377336,0.021009615507203924,-0.2866533536016241,-0.9001764020257249,-0.018953733858332576,-0.310920507768557,-0.8507081521450065,-0.04619787047986196,-0.29809614600486306,-0.7154941475289812,-0.06141404381453509,-0.16127455397174,-0.6792496843224837,0.006587061643858659,-0.188649188623604,-1.0,-0.06583127854417468,-0.21919771664908086,-0.927628367317822,-0.1402926821706892,-0.2075505768960519,-0.7637267551284695,-0.17402982193484187,-0.0643618345563481,-0.6977530896515907,-0.022352808432631932,-0.07441349941664188,-0.9895314418266972,-0.0946262199749695,-0.10833029799240676,-0.9210656862608172,-0.1653890086686449,-0.10103732235427758,-0.7598002784809428,-0.19563063457810903,0.04647550878473189,-0.6752351652784848,-0.06219954513935274,0.03179348129482226,-0.9124902662065061,-0.11212136064855029,0.0027834086596391777,-0.8887197255384378,-0.15156685711105458,0.0010060811052159373,-0.7669150269748801,-0.17195996043743805
E,0.0,0.0,0.0,-0.16189478222383294,-0.04152890662612245,-0.07231612716562565,-0.30975114833413053,-0.2397838116887486,-0.10555339892946107,-0.3316973841855765,-0.4571825085085854,-0.14719337181493108,-0.22425306002437664,-0.546490553063864,-0.18511368589497051,-0.2512730898572146,-0.6145918786245721,0.014540422732401087,-0.27830168835811386,-0.9048534690436261,-0.02361420744123318,-0.29890403063209064,-0.8551946101608979,-0.047411793284291986,-0.28492249415321014,-0.7186892810410099,-0.060570314296277794,-0.15728581808317835,-0.6821305283159185,0.0004546835753900171,-0.18329849897745187,-1.0,-0.0669598170576943,-0.20981771056369472,-0.9270032719663008,-0.13398707537810559,-0.1981741963701245,-0.7654861231848857,-0.16369983975160762,-0.06076817782744522,-0.6971596456700705,-0.02792471926287366,-0.06892734516182195,-0.9832575978685724,-0.09455732921428808,-0.096767437331312,-0.9147628888374859,-0.1579944023237553,-0.08913291730137715,-0.7592404618381515,-0.18476263572513338,0.05035879665379639,-0.6671138967352273,-0.06727484821928782,0.03827354722007314,-0.9005716648101899,-0.11253482324039633,0.012831784437772761,-0.8750380132637269,-0.14725394413748855,0.01206207322677637,-0.7564929388258713,-0.16491277551887248
E,0.0,0.0,0.0,-0.16098412798262834,-0.04616671710702868,-0.07487498353844983,-0.3062716141937319,-0.24950910598790838,-0.10686615820001494,-0.3222679873389975,-0.4692635461884268,-0.14684468984940832,-0.21075651568059195,-0.542838744763494,-0.18283761086869552,-0.24770796865814057,-0.610618705550189,0.015113133026248608,-0.27147770963185597,-0.9075753203434646,-0.025517932905678654,-0.2845769490159925,-0.8531285947854179,-0.05028339179182448,-0.2684025320387935,-0.7134277391481597,-0.06392621265943482,-0.15365053327038464,-0.6762074820292566,0.0021512327260038017,-0.1758042151755927,-1.0,-0.07060428143529292,-0.19512261778444423,-0.9178020868968715,-0.13995232365254182,-0.18209663349192062,-0.7546563677230951,-0.16954566248458883,-0.05800105290044479,-0.6902185289940984,-0.025888498759216498,-0.06163275896544082,-0.979612849266491,-0.09829571675884957,-0.08422977162927328,-0.9054780092823742,-0.1657607150152005,-0.07630738709680289,-0.7482022788155088,-0.1930914235900324,0.05204523607019261,-0.658790801003999,-0.06482316809373766,0.04226026402072941,-0.8924079183094148,-0.11315710090329438,0.01879373120766355,-0.8667461584132462,-0.15158547072442827,0.017600627309384956,-0.7494587734332405,-0.1711287426121562
E,0.0,0.0,0.0,-0.1597275957173191,-0.04117674976987986,-0.08847114612725464,-0.3076009616241748,-0.2376379265668664,-0.12948107049838373,-0.3235630404628014,-0.4626468631329993,-0.17682458005214483,-0.20844606649033146,-0.5508722422318629,-0.22064186022462565,-0.2515835285837014,-0.6053386895473152,-0.0018085003132675775,-0.27579712501041004,-0.9048483445799879,-0.05094965237300055,-0.2901786670103171,-0.859889296480788,-0.08280220151475236,-0.2748413133687203,-0.7232810919030681,-0.10154119464073999,-0.1559264921338273,-0.6725301883350275,-0.01228843734069907,-0.1799133672061278,-1.0,-0.09489296743484502,-0.200488269062646,-0.9275522291512212,-0.17327111968592757,-0.1877482385134699,-0.7657323657392365,-0.20923567984120847,-0.05858398389879484,-0.6873195031407624,-0.038910374485805865,-0.062267859923813486,-0.9777097903165315,-0.12266019721982768,-0.08398328823464334,-0.9059094575042367,-0.19887142043974146,-0.07544456312830206,-0.7459953967017212,-0.23120524365944356,0.05364577299811353,-0.6551485163265018,-0.07697410421001745,0.042776987351065034,-0.888945001632638,-0.13617505919129727,0.020748300953426387,-0.8595986698254067,-0.18109618132605018,0.021960140839142543,-0.7347784289244021,-0.2046031967848646
E,0.0,0.0,0.0,-0.16126079504515012,-0.03748445909096146,-0.09104767818701463,-0.30738147556676226,-0.2411285993252923,-0.13340120247562953,-0.3143568873530135,-0.46763845136125515,-0.1812264541334138,-0.19814855413046362,-0.5446055008070275,-0.22529958992730076,-0.2566528706982671,-0.6024128079569454,-0.009918248891977094,-0.28100509547643227,-0.9042581708059003,-0.06121710420850082,-0.2891171861284249,-0.8570815665381336,-0.09337079784679733,-0.27004953512428737,-0.7173324673690259,-0.11224504102436747,-0.15889719912755787,-0.6721142331643543,-0.019360893289390255,-0.18371850133387346,-1.0,-0.10406520123420993,-0.19978508809140355,-0.9307215260050741,-0.18253017435571878,-0.18511187561117234,-0.7700648836729069,-0.21861926506660798,-0.060412854204015806,-0.6882113155946008,-0.04481864537197882,-0.06566632803175933,-0.9766196888281178,-0.1294108719001202,-0.0831810765367261,-0.9028527110572475,-0.20482827185276126,-0.07329306615417823,-0.7417296098157231,-0.2368032465477985,0.052344432388515355,-0.6566446686917082,-0.08186968421089696,0.03829740846403569,-0.8919448480320462,-0.14155962076781226,0.01905878832514462,-0.8605953770493837,-0.1861286637362554,0.02249831347247256,-0.733858825741764,-0.2095026703205813
E,0.0,0.0,0.0,-0.16123556193573643,-0.04442614303079893,-0.08714495865403263,-0.3063435282252111,-0.249952930277552,-0.1261820173604892,-0.3074028342981364,-0.4758222396834297,-0.17145329468269077,-0.1805430147380643,-0.5417314039453092,-0.21325833785050388,-0.2556800662987291,-0.6172156868590424,0.0009628837328048295,-0.2827943269441714,-0.9027064292615691,-0.04588855899963205,-0.29631744507525887,-0.8613501086956127,-0.07978955459949663,-0.2832717902519039,-0.729242312992225,-0.10065783677255574,-0.16142541621207676,-0.6883803406462373,-0.009165931219726147,-0.18685603297712228,-1.0,-0.08397984550027801,-0.20506620885125681,-0.9434923791079669,-0.16309600032587485,-0.19396918600463753,-0.7906963648844076,-0.20315453563083272,-0.06453025669227236,-0.7050957574476702,-0.03553246013903642,-0.06931361498740357,-0.9843169057275359,-0.1117833074647309,-0.086288364651412,-0.9188477590469704,-0.1891384224964271,-0.07844520173410473,-0.7594848065883797,-0.22546423085453135,0.04734917178495618,-0.6741240618522611,-0.07350530231289375,0.03277498806442717,-0.9068200866955415,-0.1278737906394208,0.012597760309299277,-0.8806883421274239,-0.17283652446667416,0.013647371695773146,-0.7548336999742565,-0.19877736450075262
E,0.0,0.0,0.0,-0.1559287898883194,-0.054191288267571865,-0.09845831277053622,-0.29862303861423206,-0.2634818169103142,-0.14245999597736586,-0.29710488987816597,-0.49286073520683915,-0.19030167055038755,-0.1706287640568081,-0.5580981386083779,-0.23557895790178252,-0.24748315537555599,-0.6238808605216117,-0.020664643764970653,-0.2769383909415411,-0.9070023405060879,-0.076855305169386,-0.2887809475387279,-0.8765946859892317,-0.11756604720877839,-0.2708100266122023,-0.7497287369877629,-0.14311795820019693,-0.1517377286358957,-0.6909351083426781,-0.027503557974419328,-0.17411298451511592,-1.0,-0.11476273156615295,-0.1946959055748773,-0.9562805388110119,-0.20438070806401798,-0.18468570275070437,-0.8078676780533045,-0.25194357589133876,-0.05574559870865748,-0.7004469626920091,-0.05069455662691366,-0.054609799733665025,-0.9729630985470348,-0.1403562586530982,-0.07617101545322248,-0.9245639109317919,-0.23018300872794287,-0.07077263540921208,-0.7735189602047267,-0.27418698217609044,0.05399874727817878,-0.6633116640342954,-0.0853885383990839,0.0457977547358072,-0.8935369269469673,-0.15306155317270742,0.02408465985516755,-0.8859639025020967,-0.20907074057620337,0.02307438217626525,-0.7768208854900637,-0.24266954502201982
E,0.0,0.0,0.0,-0.1478790811663769,-0.05491122377350663,-0.10903567353620354,-0.2810355535203823,-0.2531048879909008,-0.15884600129471782,-0.271950970450098,-0.4747817362325561,-0.2104916075843879,-0.14726108996372012,-0.5406140960437645,-0.25777600267231315,-0.2451832330268371,-0.6100769334020953,-0.026451549002065186,-0.27841169999120136,-0.9044927430588783,-0.08206809045821238,-0.2782702476010895,-0.8738031939660681,-0.11870303523558462,-0.2500508971710164,-0.7386655853560008,-0.14140839167312946,-0.14651930784985304,-0.6773987579805801,-0.028652600775245556,-0.16882350787798295,-1.0,-0.11658602601115474,-0.17739189408764333,-0.9496735757301737,-0.20124126752063962,-0.16194388016911349,-0.7977810439025831,-0.243513254616842,-0.050529491137469885,-0.6873786576120011,-0.04900892783548918,-0.050336338781846054,-0.9725777442245358,-0.14149247436160473,-0.061029240344469486,-0.9246413595870682,-0.23053096378173663,-0.04933669907601565,-0.7754959503834468,-0.27192959074625506,0.057655255638667975,-0.6444666426042397,-0.08127220501281236,0.050698238540429694,-0.8792313692270245,-0.1502114748535572,0.03415906634357935,-0.8684392021250291,-0.20615164033198097,0.037976514728710054,-0.7520232026876276,-0.2383389229753713
E,0.0,0.0,0.0,-0.1491200247788633,-0.06030640645127177,-0.10058593718558854,-0.28020689902877194,-0.26468883192089704,-0.1459580808988359,-0.264824261335734,-0.48922440222072244,-0.19469568156796763,-0.13555676488325671,-0.5492328319618539,-0.23841084479081012,-0.24975263933370967,-0.6128970559661057,-0.010009416021482727,-0.2824944002376774,-0.9052865628022514,-0.05957628749980798,-0.2816064696383331,-0.8727249078212047,-0.09320582401523393,-0.2576808196671348,-0.7466207641210763,-0.11374510866474573,-0.15641353471812644,-0.6777275888116585,-0.013788973736251741,-0.18267500212183416,-1.0,-0.09328303798019043,-0.18678812064049075,-0.9401605970477348,-0.17139470277247026,-0.17028125081743611,-0.7870455245218034,-0.20881953764737646,-0.0646933435682667,-0.6916194630227701,-0.03565035005107897,-0.07163136129280136,-0.9814588891732222,-0.12038003007928796,-0.07761377370744703,-0.9233814285075479,-0.20218031656889593,-0.06378893425689848,-0.7668732611859057,-0.23832475151986018,0.03994999750819476,-0.6565894809661676,-0.06920815967267895,0.022814536815802477,-0.900542813573691,-0.12901411523919187,0.010380788637560088,-0.8748361428070782,-0.17736513612339957,0.018858526017606465,-0.7401585492077939,-0.20433150843173994
E,0.0,0.0,0.0,-0.14152297059012642,-0.06039031769394479,-0.10872310733159081,-0.26382047499082334,-0.25995643483355274,-0.1602769041133713,-0.24246415761542264,-0.4841241467810993,-0.2135024000218964,-0.11695715024309503,-0.5486890811325732,-0.26186367474959815,-0.24237523935624136,-0.6082910061969493,-0.02477299155061561,-0.27446182343144326,-0.9017873127826451,-0.08015675212051472,-0.26443716614320956,-0.8821591249614668,-0.11584426674601468,-0.23354364838788247,-0.7584845428434227,-0.1372999399181887,-0.14987188520174685,-0.6739951459872887,-0.026628988409952578,-0.17164060482582338,-1.0,-0.11377683754419071,-0.16267722998588224,-0.9428812129342922,-0.19334102134906836,-0.14137365802945823,-0.7877882084986574,-0.2304064702074049,-0.05815254150454953,-0.6860874715049248,-0.04724371027387689,-0.05815381631830124,-0.978077864508492,-0.14069990803190974,-0.05421559793585344,-0.9260720765353558,-0.22701568473648912,-0.039158294659335104,-0.7705565111789613,-0.26464013942494735,0.04528616501205137,-0.6443799875594113,-0.07947333243581281,0.03835532134748132,-0.8911519001935566,-0.14663577948224066,0.02904121337410294,-0.8680331926443565,-0.20002214095105875,0.0349971432220583,-0.732584072174218,-0.2295491579593848
E,0.0,0.0,0.0,-0.13659786011975478,-0.06137941303085432,-0.11338840792423142,-0.2498996964788927,-0.26283459286263317,-0.1716802394583502,-0.2220742094090227,-0.481081972157681,-0.2302082963046304,-0.10487821523191183,-0.5544770669595156,-0.28386731969474543,-0.23459301420028228,-0.6054944751197211,-0.043615393027538175,-0.265581148370516,-0.9041539877126142,-0.1050964806635193,-0.25590303023727873,-0.8936607576368981,-0.14201607387495624,-0.226091375899466,-0.7720867475984491,-0.16365569851024292,-0.14186633272976387,-0.6662294487468452,-0.04493792571547749,-0.16370954589178754,-1.0,-0.13767522186918696,-0.15532405585758405,-0.9498601254983616,-0.21495996736189035,-0.13563772238833224,-0.7959457235001967,-0.25002210568737615,-0.05070797194716227,-0.6737689948982911,-0.06464537387862976,-0.050263481465317277,-0.9696535530939373,-0.16145244127729108,-0.04640171114476521,-0.9168504849928023,-0.24235988989514468,-0.033440330403527875,-0.7625872393339934,-0.2763201752449514,0.05084278689948066,-0.626339100368655,-0.09635316262902398,0.04654306741429668,-0.8729729245706752,-0.16722588163880575,0.036610316542716015,-0.856445010277247,-0.21864127311091444,0.039376655546560356,-0.7329029811375135,-0.2459844576945614
E,0.0,0.0,0.0,-0.13587480681285657,-0.07238478236569708,-0.11454455831033855,-0.24450407170630867,-0.2770786868302509,-0.168346979295787,-0.20907906320629543,-0.49478144003066316,-0.22128355249640586,-0.09300957865779012,-0.5628076720422175,-0.268831675996142,-0.23190053865103433,-0.6149871220629234,-0.030113624801684617,-0.2642505500440063,-0.9017208753612882,-0.08374056156170666,-0.25294930061139403,-0.9029006478579665,-0.11769454725901503,-0.22331591716559737,-0.7946799945480941,-0.13768878103653023,-0.1391046309728143,-0.6756385701520693,-0.027055858333856028,-0.16067318095194763,-1.0,-0.10792457636786758,-0.1483328378090557,-0.9541067212586105,-0.1812209874148823,-0.12881626880227248,-0.8095921066821097,-0.2151778319061,-0.04871585791169255,-0.6815978039317953,-0.043426437688890415,-0.04858080627674982,-0.9713906375373688,-0.13189799000654728,-0.03832910097854958,-0.9186713829162817,-0.21189746386788616,-0.022515197629779497,-0.7674203043621718,-0.24616516828310595,0.05152477114274544,-0.6294863620558283,-0.07191865994063286,0.0464855766260669,-0.8708171222803726,-0.13640582065002854,0.041101035785749106,-0.8467014020007658,-0.1856578355621407,0.046445865014363506,-0.7162632675670725,-0.21196842626713955
E,0.0,0.0,0.0,-0.12832573995902324,-0.07425610845159937,-0.11719452849660936,-0.22977178043417423,-0.2764936586211329,-0.17563142742864962,-0.19588846403861512,-0.4894999353277628,-0.23261974511826033,-0.08616680468939869,-0.5703213378774228,-0.28405084240241885,-0.22169149315916617,-0.6196202337805286,-0.03972562386710077,-0.2549320116164851,-0.909339637996495,-0.09398990930078081,-0.23754037867870634,-0.9104996519998448,-0.1264620681757679,-0.20417314552208177,-0.7970306036632443,-0.14551894547649236,-0.12998047533629056,-0.6748412617207556,-0.03606492136841394,-0.14860090100948165,-1.0,-0.11763706906483416,-0.1312553902802624,-0.9542297767163197,-0.1883412111587816,-0.1119049390533449,-0.8044105211554682,-0.2202700180504753,-0.04083207215390674,-0.6759828672987594,-0.051519102939330694,-0.03732306216023559,-0.9592660791425541,-0.1396178718688055,-0.025107473849011182,-0.9102675035500952,-0.21730330813007778,-0.01101495439788003,-0.7623383684624753,-0.25036394997401457,0.056288999816846284,-0.6181964331106804,-0.07914566359450557,0.05336274797413256,-0.8586890377179734,-0.14384340453277614,0.048214214840403204,-0.8363119176995311,-0.19217740562668165,0.05201144817949372,-0.7069642471562928,-0.2175606417331856
E,0.0,0.0,0.0,-0.12107819406761576,-0.07120202420510319,-0.12186486870256287,-0.21465597658750724,-0.2647726122610737,-0.18638591860653506,-0.1803809001209239,-0.46931910699224666,-0.24869731288957828,-0.07881653100834274,-0.567530368157384,-0.30573083624618186,-0.21398693208954467,-0.6169695048217134,-0.05140270568901736,-0.24740647704986332,-0.9053878811897286,-0.10997224709275076,-0.23348270991474357,-0.9060929793006737,-0.14465875950523335,-0.20286551026836977,-0.7951628001503928,-0.16497329374498784,-0.1263936428578687,-0.669856537511813,-0.04714986804205418,-0.1492383826682519,-1.0,-0.13352633259306068,-0.13318879370789258,-0.9602646099442124,-0.20511514052729435,-0.1133613389019297,-0.8170338078834253,-0.23742092556728053,-0.03981733378044691,-0.6706460587954354,-0.061924482152552196,-0.038972533000030486,-0.9545076568200063,-0.15314568651394192,-0.026062819457569938,-0.9004518692396021,-0.2280754795206791,-0.010241339714863478,-0.7534067819000295,-0.25931276472833287,0.05636395045168633,-0.61451200601571,-0.08923654202512483,0.052541698421892304,-0.8577325244642259,-0.15706116172454257,0.045467548699814044,-0.8296189982623541,-0.20399922633245443,0.04711341442347753,-0.6993663994146877,-0.22783661925383358
E,0.0,0.0,0.0,-0.117417455388324,-0.07605005010673287,-0.1269232372453213,-0.20430660249640714,-0.27409539646369374,-0.19459906067582708,-0.16225417713287907,-0.4721717269323391,-0.2571578518976913,-0.0645041537406966,-0.5646211660192398,-0.3146765678010427,-0.21015643565682804,-0.6279585255063961,-0.0733267698367646,-0.24478434462419293,-0.920840566897471,-0.1329725357613344,-0.22053290781819954,-0.9196558971948818,-0.16578432992508657,-0.18633779018274585,-0.7981833448236172,-0.18475585219791665,-0.11949939044718744,-0.673595574252499,-0.06478947078095404,-0.14008566161742075,-1.0,-0.14842434102348032,-0.11825443733366843,-0.9689940679397739,-0.21614573657581382,-0.09977656510548795,-0.8228296441351494,-0.247992862612482,-0.03206633657218663,-0.666003193007223,-0.07420686346138092,-0.028967432287901735,-0.9360291921287371,-0.16161492252745321,-0.014850347767888569,-0.8924091104301273,-0.23501927262276634,-0.0035384348659524183,-0.7513198348078387,-0.26761870850646874,0.060757952735915555,-0.6042644739668329,-0.09617640673708285,0.059734573004628345,-0.8380565269366785,-0.1626224506392679,0.05461159258621709,-0.8157882376504378,-0.2095338545306011,0.05366957696784141,-0.6923640560799271,-0.23428327669130072
E,0.0,0.0,0.0,-0.11371935926455642,-0.0717601553962092,-0.13201983280454463,-0.19533340509556327,-0.2650012915973048,-0.20519456260193808,-0.15379986125513942,-0.464059017214214,-0.27268859810016643,-0.05529141968715298,-0.563759355993902,-0.3343199815112256,-0.20570843835793004,-0.6280393430079138,-0.07541752067135447,-0.23513171692527204,-0.9237115769250501,-0.1380250949222311,-0.21011358563421154,-0.9166534654462611,-0.17187079938568758,-0.18188785463292412,-0.7987898578759819,-0.19118201136335788,-0.11564834110714271,-0.6681506353352608,-0.06558690723981525,-0.13138826299385992,-1.0,-0.15458200482041132,-0.10364698846144413,-0.9368428776075515,-0.21934137117329633,-0.08960823268093714,-0.7849177466042906,-0.245676853920533,-0.02956887755342277,-0.6605505811737481,-0.07439669510299332,-0.02890934198880272,-0.9422864617468758,-0.1652411833481476,-0.013046258755029584,-0.8861562101058881,-0.23436224452400192,-0.005091542496376505,-0.7421672474589476,-0.2617491640437529,0.06271123573372533,-0.5945511667633709,-0.09618697446265422,0.06314164533487296,-0.8378548519777079,-0.16135618599296384,0.059085182244604906,-0.8085158373904993,-0.20492228103347995,0.05692052330306449,-0.6768681903761609,-0.22623635937859107
E,0.0,0.0,0.0,-0.1158874551386264,-0.07056178258187076,-0.127616088282562,-0.19689537321132383,-0.26176660923638984,-0.20143736045600702,-0.15736542688638727,-0.44652498176274125,-0.2706022713423235,-0.05637973026223902,-0.5300026653671134,-0.3337080787524681,-0.1878662280864466,-0.6334659548475885,-0.08124690493261869,-0.20853509417698413,-0.9366819987106113,-0.14628107772749624,-0.18825204996409622,-0.9147769045328119,-0.17778175850090439,-0.16756426783898248,-0.7819547879051854,-0.19447672855608786,-0.09744269073416799,-0.6638032791109008,-0.07405461785602906,-0.10655549039126594,-1.0,-0.16579970419182763,-0.08373068556682917,-0.9215061207640415,-0.22459823064904108,-0.07460076363705445,-0.7629895471786694,-0.24528854034774045,-0.011836382497547641,-0.6494619896553752,-0.08474124483924686,-0.005047972123635528,-0.9351173491264828,-0.17605126747570668,0.007164121957219268,-0.8659251852894891,-0.23584157100223443,0.011001630937239777,-0.7179644112747067,-0.2561139341783573,0.0780516353931074,-0.578210994830949,-0.10850872250099995,0.08437888588959216,-0.8213215018972702,-0.17250422562145262,0.07918121618198269,-0.7862718835894187,-0.20995344891031995,0.07423483620956259,-0.6545265133092648,-0.22610152542274456
E,0.0,0.0,0.0,-0.11688565283808489,-0.06876548552479236,-0.11967075372649395,-0.20161655532423553,-0.2625187917035372,-0.19075413538486563,-0.16102671508134606,-0.44294739456157584,-0.259252612936685,-0.05182189052018755,-0.5098186875417,-0.3207989282466078,-0.1762643637481695,-0.6256477995662277,-0.07472755037614238,-0.18999636195651887,-0.9373593390267903,-0.13701838182827714,-0.17465018643875602,-0.8991399326862207,-0.1642251755931861,-0.15897571719690146,-0.7578088460714996,-0.17853684483909446,-0.08745364965824814,-0.6575953913115159,-0.07137932246400988,-0.09100183929072596,-1.0,-0.15932039034907133,-0.07417235707791774,-0.9209731411205765,-0.21297313283456443,-0.06956443466567865,-0.7724056277236948,-0.23097610152273257,-0.003568777814494256,-0.6422166577384711,-0.0855792978300107,0.007207938483788921,-0.9338724351454312,-0.17174882945924372,0.01750250828694276,-0.853281193629378,-0.22355741347031793,0.01872104138535802,-0.7038302237863566,-0.23917913547064973,0.08485554876642078,-0.5676573545574615,-0.11274519452792964,0.09377230635757475,-0.807942106670563,-0.17213719199733885,0.08765985067503303,-0.7708136345793998,-0.204531479463102,0.0807192393608375,-0.6429508099654142,-0.21741389596665256
E,0.0,0.0,0.0,-0.12132729064410144,-0.07029510242703187,-0.12283032993020757,-0.2165564040511418,-0.25910123229154175,-0.19210585594128793,-0.18382193038364178,-0.4459815097472466,-0.2595468107614458,-0.06444965510104728,-0.49685761345133356,-0.3194803239329875,-0.1680675075318029,-0.6254721144943794,-0.06123218150332151,-0.17566492708085898,-0.9270670614640586,-0.12418001803556422,-0.16350820913600048,-0.8929859962950507,-0.15387880079586905,-0.15026916934973672,-0.7629280858833278,-0.16966502263343297,-0.07714337902979873,-0.6634247968196703,-0.05660271465226973,-0.07374887405132209,-1.0,-0.1481045949571637,-0.05815531780954867,-0.9048662933495141,-0.20554198084339212,-0.056740287443232194,-0.7610822748043848,-0.22383358058029837,0.0070342296237587126,-0.6543645259334693,-0.07112624237392973,0.025824108197690324,-0.9523093609158422,-0.1623663371613655,0.036942405520264725,-0.8605266108023654,-0.2184757895642125,0.03462692979175927,-0.7049533118374149,-0.23399391018437996,0.09415055452727403,-0.5808225363772557,-0.09901030258601966,0.10526587283855092,-0.814850214528011,-0.15844739880259692,0.101567822287865,-0.775403166061849,-0.19306139341372225,0.093589716453001,-0.6456190895043944,-0.20702490130927811
E,0.0,0.0,0.0,-0.12305990443702443,-0.0661258932693345,-0.12053952572004771,-0.22508805163370335,-0.2410809664464585,-0.1907502079394289,-0.20910841074267747,-0.42643816382149413,-0.2593456680421104,-0.09196095800053991,-0.47521589030431083,-0.32024707691455406,-0.16639632627237871,-0.6223571583250102,-0.06608604008852777,-0.1703309636296088,-0.921825012976802,-0.13004508139650914,-0.1636361222923322,-0.8893726667416798,-0.15900123485477477,-0.15556573222888131,-0.7581926722086834,-0.17413336092492684,-0.07277875197044423,-0.6612398707243502,-0.06346706446176328,-0.06742750933843546,-1.0,-0.15881477291211163,-0.05684495241376234,-0.9117336683300743,-0.2148588525192159,-0.05788263352754933,-0.7731131776240575,-0.23139844839621232,0.014444805104100731,-0.6508128965101779,-0.07917382304107705,0.0337628373100305,-0.9559950972924441,-0.173043741733676,0.041329590087405686,-0.8683467747225635,-0.22623749746480748,0.037543281088103495,-0.7108902032129373,-0.23879665323721158,0.10450404229503638,-0.5702767720724096,-0.10802331725835478,0.11430868566720519,-0.8061024231235421,-0.16824539266997368,0.11018636123064071,-0.7756700282101706,-0.20148626387758725,0.10307894788426807,-0.6479100750455056,-0.21393932474361185
E,0.0,0.0,0.0,-0.12192293734708795,-0.06395757900778998,-0.11416057175917303,-0.22596472805952617,-0.23179268662532332,-0.185746709056739,-0.2201320545630035,-0.40953173437357887,-0.2581379112697754,-0.10379022634405184,-0.46173476294088783,-0.3225414885029263,-0.1619020517249194,-0.6267442582029908,-0.05828737837613723,-0.1575378510075807,-0.9218591488972081,-0.12438545038012576,-0.16052939850564074,-0.8770157469560559,-0.15497718521303014,-0.16127055519678143,-0.7469362836429319,-0.1705190988178563,-0.0696066743950972,-0.6618913290598823,-0.059721135576672975,-0.05829479511192485,-1.0,-0.15869202779974456,-0.056239389504685884,-0.8905588531341665,-0.21373617285960744,-0.0610855778178023,-0.7523192896333274,-0.22729024885638183,0.016201414540055466,-0.6514136883260444,-0.07888597913679245,0.03955674784155034,-0.9592917443996509,-0.17177475331259975,0.037673209063982825,-0.851711017941376,-0.21632204619710005,0.030262098436194363,-0.6924783014325177,-0.22215171582646695,0.10616411791707137,-0.5738935350390837,-0.11144483820264603,0.11803844280743402,-0.8137416047616541,-0.16711018489150228,0.10752566823496416,-0.766587202339579,-0.192501455699176,0.09743024107897083,-0.6353668018381537,-0.19898997986197922
E,0.0,0.0,0.0,-0.11968918553994165,-0.05557734424131636,-0.12789866169817768,-0.22244234294897228,-0.21070127904747007,-0.2123836656330874,-0.223424889983214,-0.37428614553850387,-0.2961458193408507,-0.11022834356521555,-0.4335917158384419,-0.37201071889517856,-0.15360891460004578,-0.6152990995933495,-0.08518849890851783,-0.14798657058795486,-0.9191186045913017,-0.16383105291243125,-0.1560985617588917,-0.8674390827692687,-0.2008418983978858,-0.15820027723331448,-0.7367609364521599,-0.21974936047021473,-0.06010534622255521,-0.6497041621094467,-0.08430222084572711,-0.04704558875068177,-1.0,-0.19985660979696973,-0.04995880796071762,-0.8740859350166451,-0.2603336477291339,-0.05563552637851684,-0.729202970213335,-0.2744923355483075,0.026285988964584898,-0.6408183637446694,-0.10153881226197324,0.04831600028573217,-0.9560302205940701,-0.20693124163883495,0.04302949819125139,-0.8400191513663131,-0.2537326596075808,0.03602723228639502,-0.68167212416129,-0.25900212210363405,0.1170709893659198,-0.5639207693323478,-0.1329046577329584,0.1283397422531322,-0.8113234014495881,-0.19608183422085615,0.1166081215257306,-0.756485975591832,-0.22312034516024026,0.10828365893753021,-0.6227421484957404,-0.2298245799212038
E,0.0,0.0,0.0,-0.12692350740002825,-0.059612118669437,-0.12404141620261049,-0.23145808216415587,-0.21203945814703876,-0.20442365275334973,-0.22702304555857922,-0.3723831834293715,-0.28432584203436534,-0.1160525726111779,-0.41919985580699315,-0.3555289807415658,-0.1549594384490255,-0.6248555908719278,-0.07849776465394714,-0.14609839260141766,-0.9261638165061364,-0.15380799038470266,-0.15063548431690668,-0.8637395210861234,-0.18579272358288565,-0.152095010094199,-0.738903476751364,-0.2011664193296739,-0.05957310209818115,-0.6572297056260901,-0.07772376385877412,-0.04133430859460857,-1.0,-0.18830544814907302,-0.042957550965013684,-0.8509307632582326,-0.23912315515436067,-0.049777035595889,-0.7108511740430554,-0.24606955839643885,0.028235145071644752,-0.6475722627063776,-0.095458966269478,0.05377508660340015,-0.9552165500032934,-0.19712279161172028,0.049294760173934346,-0.8201633662090023,-0.23526849004621478,0.041594419069647566,-0.6704809572738708,-0.23431633270141025,0.11951051186757868,-0.5720839186775311,-0.1274727419497453,0.13155270882491343,-0.8063151610210071,-0.1865101503497377,0.12064306347713082,-0.7335624906618426,-0.2079782154009194,0.11247987873343641,-0.6066276608058422,-0.21022438410750247
E,0.0,0.0,0.0,-0.1282483886287432,-0.05617843143429616,-0.13336119653596515,-0.23717272773829734,-0.1962143312240696,-0.22732151456051605,-0.24093479413604957,-0.34454207728283825,-0.320165381647954,-0.12292051756007394,-0.38782397206394525,-0.4034073034795494,-0.1533615416742611,-0.6391525601105177,-0.10514696097786909,-0.1481205095441719,-0.9483084061046819,-0.19279949770867252,-0.15671629209819735,-0.867808869086642,-0.2289189892014784,-0.15438515963891541,-0.7348107404180547,-0.24665693584547152,-0.05376125526480946,-0.6612904457127807,-0.10604728872329168,-0.037318000057892625,-1.0,-0.23222377940273797,-0.04462821642044806,-0.8221964780289533,-0.28385632759119184,-0.04851656508419401,-0.6839223271817647,-0.2887341789222928,0.03734519686832704,-0.6434054414614898,-0.12561597037142475,0.06616681791910364,-0.9518320630355267,-0.23979858812645688,0.052971752533836174,-0.7999474194998268,-0.27488807994689685,0.044182093301918635,-0.6604018575262481,-0.2701918388959994,0.1316082285142812,-0.5580435600656668,-0.15995050219344245,0.14865776583450788,-0.799121813400616,-0.2263415943950831,0.1313601172611953,-0.711856314320059,-0.24554791035331264,0.12302882766478643,-0.5822399738401673,-0.24545023642811944
E,0.0,0.0,0.0,-0.13273098365081804,-0.03235673388043956,-0.14378719870787102,-0.24987597026665337,-0.1836090036976618,-0.24357493688638351,-0.25604269286989045,-0.31904297455627895,-0.3418593628130976,-0.14128213117358607,-0.35187357187112867,-0.4331407792115341,-0.15657945651746602,-0.6418284468163428,-0.12294344157027258,-0.14093903910177455,-0.9491632419731563,-0.2248374921555597,-0.16206291905723758,-0.8854065982193652,-0.2744971657762305,-0.16180056408755217,-0.7418925816411303,-0.2994277107500454,-0.05263961589283051,-0.6613102933144805,-0.12273911131621225,-0.027423973103660917,-1.0,-0.26237063985312276,-0.04923972291416428,-0.8440934068165507,-0.33039205451660497,-0.05290034637353954,-0.6941512873587791,-0.34598674256761136,0.04238113045588684,-0.6369715496747611,-0.1414840286963274,0.07738253238987346,-0.9406479956567663,-0.26294745527641095,0.054821142139211555,-0.8010673542370409,-0.3064324666039726,0.04961189333865299,-0.6553480938733698,-0.3083966971436506,0.14152271799098798,-0.5514181626314902,-0.17675771528886755,0.16136422634849643,-0.7904587914256873,-0.25088775676856906,0.1377539035657858,-0.7072422317749394,-0.27472483790627017,0.13097864739199666,-0.5785216240601113,-0.2780743514205564
E,0.0,0.0,0.0,-0.14014409143637513,-0.04143812099180223,-0.12414983681469298,-0.26495272605944453,-0.19483195151947794,-0.20377688286265364,-0.2824662370564067,-0.33285245952520437,-0.28197432382357357,-0.19610572912827398,-0.3671625160521895,-0.354601218563887,-0.18828661548071216,-0.6579556397015748,-0.10350431571503556,-0.1763795571729524,-0.937887667650813,-0.18437887391610402,-0.17948407971973168,-0.8664569568540424,-0.22321157421445167,-0.17608268380969377,-0.7202602491532591,-0.24290480765887326,-0.08200005431556567,-0.689269804813135,-0.10281606960344811,-0.061728398893514336,-1.0,-0.21336342501735212,-0.06803971243787657,-0.8802680085197845,-0.27080089422236625,-0.07147416324931233,-0.737861285804627,-0.2876227740840943,0.017988384228311602,-0.6627212874340939,-0.11815694827411344,0.04784844405302751,-0.9163482869258553,-0.20937656550456274,0.040470838360756226,-0.8106317288256587,-0.24690745748254167,0.03786213933494469,-0.6800937331476258,-0.25352549878564967,0.12242961284640722,-0.58029881320489,-0.1492454516087012,0.14196102470194333,-0.7777560687945436,-0.20537930844062943,0.1279975790776441,-0.7243422966948978,-0.22816367952457414,0.12014122047076077,-0.6336846515850446,-0.23488567694070508
E,0.0,0.0,0.0,-0.1470483412322275,-0.03414597156398104,-0.09700844759574039,-0.2851271279620853,-0.19360955450236966,-0.16023220115024275,-0.3163116587677725,-0.3434625213270142,-0.2260136987805745,-0.22515791469194313,-0.3881537819905213,-0.2869516324298636,-0.21256083412322274,-0.6303352417061612,-0.07679420588957925,-0.21395730805687205,-0.934612018957346,-0.14640320588957925,-0.2340325308056872,-0.8677245876777251,-0.17910213479953185,-0.22744705213270142,-0.7139999241706161,-0.19550238124502947,-0.10982551658767772,-0.6694436398104265,-0.08554602105545601,-0.10603237914691943,-1.0,-0.19007282674265982,-0.13147738388625593,-0.9000109194312796,-0.2511707603919489,-0.12695916587677725,-0.7424277535545024,-0.2707691869322333,-0.011312075829383886,-0.655619336492891,-0.10631713006019536,0.00291442654028436,-0.9390865592417061,-0.19199731963365507,-0.024443905213270143,-0.8526295355450237,-0.2344406371692001,-0.024880985781990522,-0.7175865023696683,-0.24469394522607213,0.09519666350710901,-0.5920027298578199,-0.14022458029716217,0.10308109952606635,-0.8118240758293839,-0.1935562390649347,0.08053277725118484,-0.7738708625592418,-0.21754592626872615,0.07917998104265403,-0.6769383127962085,-0.22553474143460295
E,0.0,0.0,0.0,-0.14794652264349736,-0.024284588655458378,-0.09326318671410011,-0.2869785927551677,-0.17043016758089982,-0.1577765028445542,-0.32808451801245614,-0.3152637187804723,-0.2256566825766542,-0.24344710680678536,-0.37668011097593007,-0.2883271201406178,-0.2213042237873706,-0.618302726397237,-0.08028746911403008,-0.23375376989098637,-0.9312162068330501,-0.1524775701123908,-0.2627899306551384,-0.863611910289425,-0.1846754203311124,-0.24803256219754077,-0.7069654302128648,-0.19992449729273876,-0.12411356617347385,-0.6567618032682955,-0.09259027626769067,-0.13284582617594937,-1.0,-0.2039222421507433,-0.16893240008090737,-0.8918882814127392,-0.26510732757141636,-0.1586160311312239,-0.7308165002732133,-0.2827087183932601,-0.028821137352336504,-0.649595312202824,-0.11621119995513464,-0.022977995006686933,-0.9444800342950643,-0.20799713958253807,-0.058104925990888866,-0.8461741078302032,-0.24783979286124888,-0.05180200034415822,-0.7030752347974146,-0.2542313807589554,0.07693596543926966,-0.5973904354205221,-0.15268050836316138,0.07470195596586192,-0.8288424208209683,-0.21113945126912467,0.04625486425373517,-0.7874655464417362,-0.2342775062619849,0.048524648068034644,-0.6858824186473375,-0.24012729025742027
E,0.0,0.0,0.0,-0.14476793949010563,-0.019188482068067083,-0.07735363125281078,-0.2863173923230082,-0.16363989528515957,-0.13858826855459067,-0.33843085050693317,-0.30045310389531377,-0.20612730952338493,-0.2606837896441162,-0.3713294050166483,-0.26955429767881495,-0.22329143008732608,-0.6067932766682522,-0.07859146827200893,-0.2443151097094377,-0.9273703550035935,-0.15284504742881858,-0.2844452654347295,-0.8574697497356126,-0.1858342406111914,-0.272688031415975,-0.7001807862232415,-0.20151738646660458,-0.12990057024222065,-0.6415335008833725,-0.10031108024597625,-0.14542924107324717,-1.0,-0.21708825953165023,-0.19653281521604307,-0.8984133406724991,-0.28001668263917984,-0.19098762821617382,-0.7305088306413879,-0.2988089548295409,-0.03640425240141562,-0.6316253224368701,-0.13094030813126323,-0.03523995044311775,-0.9409818223156885,-0.22679871375408558,-0.08552818580038926,-0.8430571062280294,-0.26455298078637046,-0.08506584576436907,-0.6882659362831166,-0.26938225266705806,0.06725966294101715,-0.5815546275082727,-0.17312622852182177,0.060534869248456066,-0.8263903266159762,-0.23714975867530846,0.020598040491454056,-0.7940540878450637,-0.26004451822003755,0.015959868397558523,-0.6916101349626301,-0.2653206160092192
E,0.0,0.0,0.0,-0.14199669793342004,-0.020342721143135078,-0.06774957327739721,-0.2843362153314887,-0.16624723835608274,-0.12441087406026691,-0.34078359480966874,-0.3028364066743716,-0.1885837992497317,-0.26468474051646756,-0.379124683508425,-0.2484381151877873,-0.2225196362657059,-0.6043738939789902,-0.06832936775317225,-0.2512763745539621,-0.9205975428532012,-0.13874137867853592,-0.2945648789101429,-0.8422964402849664,-0.1673615806462874,-0.2839334811945511,-0.6889208706923079,-0.17958836013893917,-0.13222446125571627,-0.6394325804004973,-0.09286697050875557,-0.1532787843528071,-1.0,-0.20667799187417407,-0.2069352154938728,-0.8890721321957329,-0.2634483536835173,-0.20176941853732308,-0.7254153584656436,-0.2767039180282651,-0.04007646341202997,-0.6310359231476035,-0.12565951887487478,-0.04462391022508406,-0.9466266272786586,-0.2187707314909998,-0.09756497554175537,-0.842925697971366,-0.2489933052809116,-0.09570086109674268,-0.6899970303830376,-0.24776960570967022,0.0634896578826124,-0.5826316275421296,-0.16929240777448343,0.04593711693976747,-0.8268083438708903,-0.22933274724794409,0.0016181570338980316,-0.7800921057503184,-0.24579084684364294,-0.0017440546593873924,-0.6688013701102906,-0.24589957661111103
E,0.0,0.0,0.0,-0.1432087893511519,-0.01296127383961948,-0.06814713660104928,-0.29152667288058437,-0.1553049542244686,-0.12491661328770766,-0.3552898430827228,-0.286722608560454,-0.18971651073779217,-0.2746295626018423,-0.36516518474033555,-0.24988236370560324,-0.22603055569547353,-0.6039614583234243,-0.06256949371459976,-0.25384854581381605,-0.9220029607857295,-0.1343131625516672,-0.30030953668989896,-0.827697896307626,-0.1634110480522538,-0.29214491974798545,-0.663944269984485,-0.17557965946620285,-0.13712168149424708,-0.6375733783164005,-0.08784261025269176,-0.1612906193805929,-1.0,-0.20486424125170977,-0.21608012616633765,-0.8691637113650289,-0.26259513801610085,-0.20930295843094887,-0.6963552518702962,-0.27462194602366485,-0.04641709215160982,-0.6294712176414549,-0.12205972640435024,-0.05477009154170605,-0.9481520976182876,-0.2193064732593536,-0.10798283099833185,-0.8330307726159912,-0.2509412742343887,-0.1036099566361694,-0.6744074490911248,-0.24876912558129985,0.057263351956892854,-0.5826349433534914,-0.1671890186742605,0.0352248667326733,-0.8242942246900462,-0.22962795617230142,-0.01114442805108221,-0.7635695791663983,-0.24678175313126602,-0.012940455083963524,-0.6411593504984884,-0.24637188875259358
E,0.0,0.0,0.0,-0.14908465650691105,-0.006606931880993586,-0.07597589665567936,-0.29891507433655423,-0.15365569346195976,-0.13093692755709782,-0.35508938253210764,-0.3022254764792189,-0.192878289222877,-0.2691397921387636,-0.37851285752634145,-0.2493764463058516,-0.2353207040771395,-0.5999834009506743,-0.05704596947862674,-0.2650922391312303,-0.9179627465351478,-0.12382412131081656,-0.30751787845971984,-0.8350925907249264,-0.15151807446530166,-0.2935058730896643,-0.6789548530573544,-0.16342301907653828,-0.1471473832140878,-0.6415435298109597,-0.07723695999779509,-0.17214138977732957,-1.0,-0.18800821824161087,-0.22242925412626297,-0.8834243663360756,-0.2476240188144774,-0.21107995312402958,-0.7167166538293775,-0.2623482605301207,-0.057082870953074835,-0.6419566723354838,-0.10740823356503683,-0.06873585004791959,-0.9515604342126338,-0.20067774958634835,-0.11591781062844622,-0.8353620661654689,-0.23543633427263308,-0.10542030714300464,-0.6758153844485724,-0.23585238681300916,0.04653402362629911,-0.6052880808062769,-0.14940652909301216,0.018852438039185078,-0.8489836510525847,-0.20925743303562122,-0.0222617009943564,-0.7917858145417399,-0.22801091060422246,-0.018576265575859847,-0.6683713247197396,-0.22913048937424565
E,0.0,0.0,0.0,-0.1473187402106123,0.0011246272169464302,-0.07811383624762405,-0.2942586278847147,-0.14374704764498222,-0.1341916767197539,-0.3509649518437629,-0.2995102532129882,-0.19845368307473196,-0.27339620900512707,-0.39828739631612836,-0.2584462253279276,-0.2363927198241577,-0.5909629028196941,-0.04718162373713072,-0.2736968048406358,-0.9109821683179832,-0.11250270272183596,-0.31077880101056266,-0.8538115602000101,-0.1440478495799629,-0.29473442528962907,-0.7038946641444315,-0.15942463432080725,-0.14837879313483496,-0.641523072294675,-0.06664522494365216,-0.1805957754396433,-1.0,-0.17339196415044292,-0.22670807764332865,-0.9091977820482465,-0.24090725507598607,-0.2166089586068772,-0.7427557071076941,-0.26323903111765534,-0.05825360410485597,-0.6498176151662488,-0.09737576793336182,-0.07320280315836704,-0.9555000528107588,-0.18945758306166693,-0.11640725988583198,-0.8566039394990603,-0.23613818492744684,-0.10874786441801293,-0.6944501315430069,-0.24599556751277793,0.045397062653916666,-0.6191893773786742,-0.13983891344894417,0.02166400777427764,-0.8592734274115703,-0.20097506308910518,-0.017639210578437158,-0.8118048982020482,-0.22767430139611072,-0.01893962337002054,-0.6877195546809938,-0.2354302245857404
E,0.0,0.0,0.0,-0.1555135105940302,-0.007888316529454842,-0.0824473442404656,-0.30766720528775304,-0.16290229598472072,-0.12850158485846372,-0.3557084019043436,-0.3479300258525906,-0.18238860461380776,-0.2689131868978523,-0.4581221450922876,-0.2323377484174359,-0.24131987208163658,-0.5820796846837296,-0.012864850239420115,-0.27753156055185585,-0.8715461566335947,-0.06579249072175516,-0.31394489381887586,-0.8163992277292221,-0.09526065606036704,-0.3026654370784034,-0.6772265368042764,-0.11063001854607586,-0.1531951625840794,-0.6511190762696358,-0.027394579137108896,-0.18568876880363908,-1.0,-0.11933409778279577,-0.2247957310287017,-0.9158467593779009,-0.19050114300244855,-0.21267531688815747,-0.7513956987271423,-0.21755947960127583,-0.06309719602046883,-0.6707959786565396,-0.05605098456164187,-0.07702717807137702,-0.9781547398262957,-0.1404403572613446,-0.11537860490245531,-0.8810200591636828,-0.19660085447849807,-0.10641007955240614,-0.7139531131783993,-0.21390029403509941,0.04184692324156532,-0.6438761801477687,-0.09694551569473468,0.021624593929174075,-0.8818788164506205,-0.15518096491981573,-0.014177173617042588,-0.838155662977291,-0.18757921304447986,-0.01695474125726709,-0.7141455090143775,-0.19983439152455623
E,0.0,0.0,0.0,-0.15858103087827158,-0.026367450703301987,-0.07564538469690843,-0.30909275500615524,-0.19063308105273125,-0.11539500181435366,-0.3565758371515359,-0.38324267378588445,-0.1643168983258884,-0.2684192459262389,-0.4830621134752806,-0.20874360112889828,-0.2363087390097683,-0.5969834682148294,0.007031202808827984,-0.2726274939722176,-0.889556001923063,-0.03700967240788081,-0.30488997020709346,-0.8230623684268035,-0.06151158932464278,-0.29016369708845363,-0.6794992569984193,-0.07436083307468831,-0.1488006351935082,-0.6591777084957132,-0.008817541338668756,-0.18088992650111815,-1.0,-0.09176356223968565,-0.21899771272062413,-0.9087328180884463,-0.16229087597028202,-0.20615307289428253,-0.7431395276840932,-0.18973748866613943,-0.06004754845900015,-0.6756056919748545,-0.03891973734767583,-0.07544753097661001,-0.9804366591152454,-0.11944943669609258,-0.11589823063643184,-0.8840723588843321,-0.1812566059329134,-0.10749794217699463,-0.7168741486440221,-0.20206596547647734,0.04414649514499457,-0.6494197121233092,-0.08014641155969351,0.022756699761802435,-0.8906693205906134,-0.1351518213123177,-0.014363877739818329,-0.847526150741909,-0.16995701786173095,-0.017692543032174882,-0.7185296035139604,-0.18441200662565313
E,0.0,0.0,0.0,-0.1624227879196893,-0.039413908398941246,-0.06466057215101374,-0.3113499247366932,-0.21995354697821026,-0.09840686732932245,-0.3537862254279985,-0.4165326197426873,-0.1429265324386919,-0.2617632751408043,-0.52040286958932,-0.1839246980569902,-0.22853714108852416,-0.6134987691403034,0.017487775375129477,-0.25933799661683354,-0.9030470113992012,-0.023306747894613105,-0.28921023167784665,-0.8406682777165329,-0.04599935910908493,-0.27464067485811494,-0.6956559040807461,-0.057062752567939364,-0.14025095803140494,-0.6698460129385171,-0.0011614491230051518,-0.16757376693567871,-1.0,-0.07943187485182732,-0.20432749189071106,-0.9024365072852089,-0.14628398226267583,-0.19213797335589033,-0.7229614968263924,-0.17109001593327372,-0.050417329249660504,-0.6809898411273753,-0.033291257596109784,-0.058715995934691075,-0.978944924934679,-0.10719319964097242,-0.10055891302530565,-0.8958799723852816,-0.16690440910098378,-0.0970398345565414,-0.7310767157767156,-0.18791903814919608,0.053345606541528146,-0.6480087503995583,-0.07588768948506479,0.04209685543036858,-0.8880093185327931,-0.1257471135720393,0.004218245799687699,-0.8570488787785403,-0.15920420717457215,-0.005112912176357738,-0.735199507541347,-0.17361510035462044
E,0.0,0.0,0.0,-0.16920115601285302,-0.0333073958685609,-0.08810703259952744,-0.326327624098299,-0.2238916971182479,-0.12689126132407255,-0.3564756372386177,-0.4499845871603564,-0.1726280399508035,-0.24726963291504184,-0.5495647992689625,-0.21626345995317778,-0.25001960273779916,-0.6055652821048452,-0.0036112686832046963,-0.2827836087193776,-0.8961285341042746,-0.054238483421595436,-0.30543090608542806,-0.8393654898040823,-0.08954240317107943,-0.2861148770314771,-0.6964425769469809,-0.11063080278959918,-0.15596297327144254,-0.6727853146064837,-0.014730624369769388,-0.18530961850977293,-1.0,-0.10481139587965904,-0.21870929189723576,-0.9334811768825362,-0.1954006352236008,-0.2040057421556627,-0.7633379921010444,-0.24000683966469333,-0.06152396571865233,-0.688442764494803,-0.04102136240037759,-0.06833055503181829,-0.9801885154891556,-0.1333286532720859,-0.10629332678911145,-0.9152909834389288,-0.22184931745075115,-0.09983978627529028,-0.7458544449332659,-0.26228654828720444,0.04650328059049631,-0.6666930031693586,-0.0780929577839079,0.034698142777762814,-0.9116199842180502,-0.1475823126992071,0.0020584371081322933,-0.8891120508454117,-0.20208574243012586,-0.0036332402577385924,-0.7585953765471448,-0.2323991318482388
E,0.0,0.0,0.0,-0.17287790165377684,-0.0368691683063311,-0.08027075023280648,-0.32877824640130937,-0.23731248317226503,-0.11367866182438366,-0.3516772406740275,-0.46579139982536144,-0.15497673543949844,-0.24085632688887873,-0.5547446941904655,-0.19370369328597803,-0.25848454776928453,-0.6151252165882124,0.012101388716581465,-0.28820553239685415,-0.898698276850073,-0.031599012690447716,-0.3090024594713155,-0.8498299265097284,-0.06359468021686365,-0.2911618430622004,-0.7141956720155008,-0.08267051063930073,-0.16257935318873482,-0.6852537412165177,-0.00016147309725576678,-0.1884720502785614,-1.0,-0.07684897567829749,-0.21821178164888444,-0.9354330259441747,-0.15997854374017106,-0.20521947825078907,-0.7708103284621864,-0.2012727413395544,-0.0657195947339285,-0.7015011884928237,-0.02764312696815953,-0.07029420530074791,-0.9843879153024189,-0.10639679360304118,-0.10460885123912422,-0.9203457993768177,-0.18809989920871245,-0.09862448561724563,-0.7553836845172476,-0.2263547051388848,0.045195863434944396,-0.6775171124827872,-0.06600661967278859,0.03550541877132632,-0.9153911872676987,-0.12404065788027166,0.005238346594036043,-0.8931677344034447,-0.17228176500817846,-0.0002108755225401208,-0.7675299524815672,-0.19947347203692004
E,0.0,0.0,0.0,-0.16854997109676362,-0.0446913339119231,-0.07430574057474874,-0.31829846568705433,-0.24763625473910694,-0.10608298345014035,-0.33632656404311384,-0.4728943559146102,-0.14630116990594202,-0.22419194977924858,-0.5563693833608715,-0.18300327175007877,-0.2502823381536896,-0.616566771988905,0.018506848517311617,-0.2740359549960071,-0.9054787384012967,-0.02133666367825934,-0.295449748533968,-0.8518048574763301,-0.04776186253813692,-0.2817586122981302,-0.7121713142860743,-0.0627008352151279,-0.15411292266060986,-0.6831050542073503,0.004879308430683614,-0.1745572370711177,-1.0,-0.06675010012195237,-0.2029975885092703,-0.9220026083792608,-0.13979004156927208,-0.19262668201872174,-0.7555986238279225,-0.17306104081400767,-0.056520790641336825,-0.6967582894009391,-0.02371006724452099,-0.05820851913047724,-0.9820106886845799,-0.09624603865610938,-0.08870734016195263,-0.9075056566075004,-0.16690687138433863,-0.08268284644112167,-0.7428994612342233,-0.1972347193375642,0.055072675494623365,-0.6668089842599433,-0.0631134151321827,0.0453637082458492,-0.9000806455423649,-0.11320637359106528,0.017019339966639208,-0.8712444497123065,-0.15332690333540946,0.013398658322793234,-0.7457894403167857,-0.1744856770033798
E,0.0,0.0,0.0,-0.1664127332644044,-0.045670837254150255,-0.07329765484758649,-0.31349729124796216,-0.2544548225080062,-0.10451317223084296,-0.32659107718878394,-0.4808537312623675,-0.14429932313098506,-0.21216276133938977,-0.5560892707086901,-0.1804592145291968,-0.24970443817113736,-0.6141148441160639,0.016219511674832838,-0.27393363460696957,-0.9114291813334263,-0.02511700314730729,-0.28994799350983785,-0.8550733434790522,-0.0516440055351332,-0.27393886236286824,-0.71506435948373,-0.06683024917953738,-0.15366533455701545,-0.6788989377974496,0.0016697737826543335,-0.17608592107250318,-1.0,-0.07265198463959925,-0.20036962170409353,-0.9173242021863637,-0.1454839422986489,-0.1882653337825331,-0.7504194306005724,-0.17795021843258788,-0.05764869093119886,-0.6913393510612345,-0.027774429089852316,-0.06317752684549464,-0.976631495486704,-0.10265656860704002,-0.09094339695705883,-0.9003446930532805,-0.17367885143250655,-0.08352501771628387,-0.7356698497891472,-0.2035631002039839,0.05246982423122945,-0.6607996723939636,-0.0677985638962511,0.04100913114696964,-0.8929378826426887,-0.11925996974630357,0.014568981207185647,-0.8647888373858122,-0.16029479192515478,0.012537513989087543,-0.7406205830303171,-0.1818590913865023
E,0.0,0.0,0.0,-0.1664044097573289,-0.047500609014830567,-0.07832460785261058,-0.31646056847002346,-0.25405325582366145,-0.11410479259723494,-0.3322199908554684,-0.48569750963399727,-0.15790437488067505,-0.21723759888039262,-0.5738478742687657,-0.19882699903199844,-0.25241023866130013,-0.6194252115089398,0.009340148756792684,-0.27578709899827597,-0.9123649706820358,-0.03462465498144127,-0.2916171729835338,-0.8740591627285668,-0.06614333745453341,-0.2792824423621113,-0.7433272944670488,-0.08528156726057173,-0.158673792058525,-0.684989161201865,-0.004167363359074763,-0.18227985363261912,-1.0,-0.07815226596471753,-0.20402868944908018,-0.9382589779957013,-0.15585971660217918,-0.192561768214541,-0.7786844515329046,-0.1940016833976911,-0.06162436357215272,-0.6996207057595066,-0.03280239368144792,-0.06749883341567854,-0.9762610624628736,-0.10803496520075913,-0.08955810511037426,-0.9069404270805916,-0.18368858314081718,-0.08132018736686682,-0.7410905000937775,-0.21813159326741582,0.050747936845897006,-0.669634099186223,-0.07231717630381973,0.03587043456907325,-0.9008319544349116,-0.12563082697683256,0.01148563753906661,-0.8776129088018174,-0.16977279024466405,0.010386177136985515,-0.7534378715700902,-0.19444690606586004
E,0.0,0.0,0.0,-0.165646343521216,-0.04571311276582454,-0.07790067130275609,-0.31468702863747006,-0.26149865926245497,-0.11107139392352375,-0.32205027782794204,-0.49373151889734185,-0.15113411856372785,-0.20236719373621098,-0.5635722731026472,-0.18834389621880154,-0.25223876406759266,-0.6167978487581214,0.0033072698295495352,-0.28106401413411225,-0.9072313368974295,-0.038521138487351024,-0.2960216188889777,-0.871961434476,-0.06697244964930316,-0.27962180933073283,-0.7455563023796185,-0.08462763116786536,-0.15805723375093417,-0.6873996316869667,-0.009414808116806585,-0.18607589440061023,-1.0,-0.08004149566570054,-0.20954858873081023,-0.9482821044299663,-0.15460507352460248,-0.19735425459645708,-0.7965046690967647,-0.1922333125474626,-0.060697723645931824,-0.7025154845642022,-0.03668739344013353,-0.06420171982388509,-0.9807507527957411,-0.10963586779320326,-0.0862684441878107,-0.918438101718085,-0.18439244108894431,-0.07910871238000611,-0.7614025835147423,-0.21962398364093186,0.051246551254662806,-0.6693744031087742,-0.07452956857563288,0.04074913437111331,-0.8980490600265534,-0.12811718902610866,0.01760333072954133,-0.8727762811613528,-0.17244618930112426,0.016234372755055123,-0.7497361802711318,-0.19774738288443006
E,0.0,0.0,0.0,-0.16150374846410911,-0.06115220010803175,-0.077953664850026,-0.3040771781455342,-0.28547082475114116,-0.10925175998362625,-0.3009158955059981,-0.518225997809686,-0.14701941864783152,-0.17423068190586993,-0.5720757602288848,-0.18139167797298927,-0.24471731446141426,-0.6283830407968232,0.0055222165679295965,-0.2724295716125815,-0.9104275118864599,-0.037164081760926525,-0.2864479147498946,-0.8661235524043,-0.06725327148203249,-0.2736615304596098,-0.7379317559907164,-0.08604217422526715,-0.15322310781211973,-0.6953214964622572,-0.006515762924959302,-0.17925423223263628,-1.0,-0.07735137720734397,-0.2008442576972618,-0.9444411879930432,-0.15282825810791026,-0.1913302669927405,-0.7944632988858484,-0.19156497255908525,-0.059722411838379764,-0.7065392965471392,-0.033518358178249594,-0.06286412485383068,-0.9784651126468371,-0.10712246199334317,-0.08351814725557817,-0.9132482274186943,-0.18252941742728057,-0.07768046346805643,-0.7533100025078798,-0.21813237192113405,0.048370731410526564,-0.6709630647923357,-0.07115272776182284,0.03582706610711763,-0.8970471755931358,-0.12474490848201468,0.012857892253174175,-0.8770663111611038,-0.17002929685613694,0.010128347054947794,-0.7581923918495391,-0.1965432043665691
E,0.0,0.0,0.0,-0.1599966556944081,-0.06237904419298285,-0.08383929109977874,-0.29913469825293626,-0.28480037369629,-0.11742405893554646,-0.28923409803219713,-0.5124704153993328,-0.15585195210513822,-0.16661528280470786,-0.5639095492241846,-0.19046300721862253,-0.25484336444607514,-0.6234139276144464,-0.0016759478013159846,-0.2886927012396699,-0.9061423061749094,-0.04454427193160757,-0.2872805159487172,-0.8720449458248621,-0.07338803869279317,-0.26316605708983454,-0.7482397605835515,-0.09119542204054011,-0.15737234625058927,-0.691852239546339,-0.009877849938981843,-0.18149725606444655,-1.0,-0.0798018165879783,-0.19139934927875346,-0.9494589951182842,-0.1524924832973197,-0.1774678530491221,-0.799223438058123,-0.1891489512627166,-0.06059668980931113,-0.7028548089882691,-0.03365363326721722,-0.06161061906605041,-0.9770608070152782,-0.1056621739602499,-0.07684923116429984,-0.9269715259999232,-0.18056819234795868,-0.06972335948933649,-0.7802364323276404,-0.21628514745476185,0.04816490561854537,-0.6642636313112104,-0.0684481195533248,0.03977260214968679,-0.8950642472457068,-0.12082273048853225,0.02175776851209381,-0.8841587223856843,-0.16595301004038038,0.021961002261512007,-0.776852562406198,-0.1924482221033205
E,0.0,0.0,0.0,-0.15535691197208495,-0.06798928735147067,-0.0958685034497909,-0.2904930298128653,-0.27945446664728374,-0.13369711479411744,-0.2738202505316694,-0.5032940657878314,-0.17496269401453932,-0.14046856792075196,-0.5417064398234939,-0.21292351666040177,-0.2512409430742019,-0.6184903456593188,-0.008703706493100009,-0.2788724304894194,-0.9076952214264313,-0.05916831322010433,-0.27620529072971356,-0.868154997975954,-0.0954491501941365,-0.2511520323174136,-0.7359383910656397,-0.11842057512759406,-0.1531034084697832,-0.6833647379481218,-0.01418258747850561,-0.17116253695867858,-1.0,-0.09733978438349655,-0.17504241212321953,-0.9414231328318017,-0.18350809711116745,-0.15822455829442458,-0.7860247840563986,-0.2276034189555296,-0.05592248774858709,-0.6925997025057055,-0.03684900912606127,-0.05583467465546282,-0.9678439886975402,-0.12523611745965643,-0.06506090363972007,-0.923871765259503,-0.21882247553099002,-0.05404712937855177,-0.7782502152678521,-0.26422891088607803,0.05360477092193823,-0.6556201911755067,-0.07030844457660029,0.04330063621958048,-0.8888891328141476,-0.1358510624888888,0.027020271698283724,-0.875221390757242,-0.1948174173138821,0.029522213076549553,-0.7580768950900177,-0.23053708517366345
E,0.0,0.0,0.0,-0.14775861502719867,-0.06881229456256766,-0.09627113306908554,-0.2782652957399667,-0.27680582920366675,-0.13686497907617068,-0.2588389719535258,-0.4978007774932344,-0.18005089053937695,-0.12531993226443003,-0.5314384877675156,-0.2184471695753469,-0.24535199417323042,-0.6113098052186242,-0.015084198909917322,-0.278970464438602,-0.8965985543504748,-0.06401426816679032,-0.2709911405575719,-0.866572283236914,-0.09456305653394088,-0.2444905787045675,-0.7435583331565937,-0.11324765560481848,-0.15084077496608164,-0.6785428977475856,-0.020172152149715575,-0.17424825929375207,-1.0,-0.09949622837648316,-0.17075803218916133,-0.9434654262856643,-0.1725346356402219,-0.15425028352166617,-0.7972207762386069,-0.20716156202374184,-0.05605536325986961,-0.6894589181513018,-0.04270076517505843,-0.058769188888653234,-0.9777112998183116,-0.12826220060411198,-0.05867128856424879,-0.9189851101123607,-0.2071700857951308,-0.046848258345174885,-0.7669026386643103,-0.24153922961741897,0.05154461028735535,-0.6461328790185555,-0.07631423807183685,0.04039184828563914,-0.8872233901951662,-0.13790789941958068,0.029083018490722423,-0.8624407374167433,-0.1867957664999344,0.03276868829046794,-0.7318890440319685,-0.21398724602171904
E,0.0,0.0,0.0,-0.14447680641818617,-0.06235316484648127,-0.09950463625320274,-0.26961120449471804,-0.26702628906905995,-0.14526931932486847,-0.2468593344131175,-0.48773822340528666,-0.19317317963827504,-0.11652280513460217,-0.5345739980846069,-0.2346316336449938,-0.24477081503590198,-0.6066469951023706,-0.018303719031946893,-0.2785701149435487,-0.8998044453357605,-0.06593711798276229,-0.2652900564834635,-0.8735363626300028,-0.091899279098065,-0.23613135860466034,-0.749848825041468,-0.10687902149833156,-0.15114008480173108,-0.6724730244375668,-0.021470404037640493,-0.1755797369429271,-1.0,-0.09802912473300315,-0.16609443726289136,-0.940557460571277,-0.16225247100940055,-0.14882386569975625,-0.7947330906222276,-0.1894021358821702,-0.05812146396015166,-0.6833731948352272,-0.04264753635438537,-0.06170964247549355,-0.9767639796072979,-0.12479283812861967,-0.05580861687280694,-0.9091871647812594,-0.19371596307218833,-0.043565896597615054,-0.7520102864193664,-0.22015275743098534,0.04673363813091891,-0.6357822663532172,-0.07540087670091755,0.03604044731548813,-0.8797460163085713,-0.13230007409488267,0.029121960666780397,-0.849627270369686,-0.17382013392152118,0.034839655158261734,-0.7133550636012983,-0.19459621418079362
E,0.0,0.0,0.0,-0.1405595436952032,-0.06683903488994052,-0.10312979869874424,-0.25820169556392625,-0.27257525778133485,-0.15149345155483337,-0.2306524710751258,-0.49518405517055625,-0.20118575404029904,-0.10757134445888653,-0.5497517733222663,-0.24515657321175274,-0.23693976682306703,-0.6095901275229707,-0.023440376859550714,-0.27021957640327976,-0.9021721966150048,-0.07484297125050528,-0.26246097392022655,-0.8819256462549147,-0.10453103058455034,-0.23505949867233344,-0.7594279170600092,-0.12147812036191998,-0.1452413919498402,-0.6721871155769321,-0.025605376553359854,-0.16946943972197692,-1.0,-0.10636208948975143,-0.16031888386405974,-0.937583987092796,-0.174536423608577,-0.13990651325841774,-0.7848906253548478,-0.20384024765407668,-0.05489025686541325,-0.680735805358402,-0.045789987329988006,-0.059180110124437205,-0.9761414136969025,-0.13219570625950236,-0.0539314774013913,-0.9099220066043557,-0.20502453911737828,-0.039057052326648474,-0.749606745777902,-0.23375091945273194,0.04733030288329286,-0.6334389492978862,-0.0776253094900501,0.03738674362352009,-0.8767967946897933,-0.1380108693964909,0.029960576932508375,-0.8503620519153011,-0.18240632403955057,0.03619131794708792,-0.7174317859339718,-0.2051905802798573
E,0.0,0.0,0.0,-0.13464173928664788,-0.0679482840716886,-0.10780343814873886,-0.24205731035870534,-0.2710665857219067,-0.1639708095894538,-0.2115821276620896,-0.48820436695128977,-0.22017376750011897,-0.09853863304790425,-0.5608704385623272,-0.27074215249364825,-0.23223969846136597,-0.6096394176025121,-0.042785807342099365,-0.267785779615264,-0.9111484093038235,-0.10000191899267305,-0.2545412992457862,-0.9065774453378836,-0.13153295303630888,-0.22130499156268194,-0.7856700013245018,-0.14935171086499646,-0.14044160626332616,-0.6691142038441358,-0.044586746905504536,-0.1626867881082846,-1.0,-0.13052270699868712,-0.14867912964024507,-0.9470643479497491,-0.19885085620761747,-0.1284467606259923,-0.7945024310741906,-0.22810253151429247,-0.04991625369644802,-0.6760256134820847,-0.06393582648871723,-0.050052375582133754,-0.9698614055319039,-0.15399187758564917,-0.041397352053197146,-0.9179419212690715,-0.22700274279874305,-0.027251064191051364,-0.7669885710452808,-0.25635162883364954,0.05078313517897297,-0.6246232580540498,-0.09487990766285447,0.045379454532737895,-0.8739146406521027,-0.1598207935996099,0.03716396140837076,-0.8595141541238259,-0.20577735567302563,0.04027327184982389,-0.7351054223705393,-0.22927418721225162
E,0.0,0.0,0.0,-0.1317032963911009,-0.07714330764138856,-0.10908686338559088,-0.23646147912872773,-0.2839402321366171,-0.16125505625131756,-0.2003554423266504,-0.498919805477981,-0.2127435442382263,-0.08427736788724711,-0.5535430060711779,-0.25845722637072405,-0.22359662605009786,-0.6150870601094914,-0.03354597486677932,-0.25511643053373523,-0.9026830142674103,-0.08689958400557833,-0.23865613751487963,-0.8965447625081323,-0.11741611132800986,-0.208255679832723,-0.7804921681236168,-0.13476633077609235,-0.13226527808949662,-0.6730256419908464,-0.032417411521054575,-0.15259214724240108,-1.0,-0.11374062450803435,-0.13549281089573312,-0.9480175807051885,-0.18138929352585015,-0.11750087360188187,-0.8004133095732562,-0.210802288105257,-0.04277808239415212,-0.6766196170498677,-0.049684260362715296,-0.04108716558093815,-0.9682756892221676,-0.13779813547777506,-0.027620379498339447,-0.9089563902202045,-0.21152478527137775,-0.014580628481978232,-0.7538304423976749,-0.24103288615321847,0.05564808475216696,-0.6207762591941272,-0.078559277319825,0.05008792838453256,-0.8644870358901222,-0.14126983734657284,0.046341206167203136,-0.8367996713694384,-0.1866867478641713,0.049792998968723634,-0.702078497745681,-0.2100330479116157
E,0.0,0.0,0.0,-0.12250878856372313,-0.0658163095044389,-0.12857270278001548,-0.21679167243308614,-0.2604910516953859,-0.19532804733328119,-0.17716152010818967,-0.4585708373840882,-0.25827082221945513,-0.07061222914472781,-0.5423126238673067,-0.3159765773365341,-0.21324629834149145,-0.6168807706509462,-0.06178309747602344,-0.23972644721441744,-0.9050493748871017,-0.12505996816142625,-0.22508252641365398,-0.9002126530908376,-0.16099700746241416,-0.19601355730444384,-0.7818445177552203,-0.18112343650050694,-0.12213715568170698,-0.6690175944210752,-0.054592184728641795,-0.1410682752023456,-1.0,-0.1460313868816626,-0.12514102301453264,-0.946120933176832,-0.2166568789788569,-0.10671574214280403,-0.7934540371594152,-0.24678199793448025,-0.033698797854094825,-0.6673803291004624,-0.067021057361019,-0.030535865162655364,-0.952380596386109,-0.16245890457622006,-0.017019993371676253,-0.8876630628214943,-0.23594587303863046,-0.001969312004944537,-0.7343857557421716,-0.26488804471942123,0.06310301116758611,-0.606659965685657,-0.09258744735514142,0.06006545728656025,-0.8439235569356032,-0.16291903220050014,0.0547892791569572,-0.8131734129008401,-0.2096162778162837,0.057052222571347365,-0.6851447591589694,-0.23248367950121457
E,0.0,0.0,0.0,-0.11862321900039689,-0.06859819728615063,-0.13466668242443589,-0.21031787355693735,-0.25657852504184664,-0.203963554997761,-0.17042394261686866,-0.45589779636351085,-0.2682226534107516,-0.06751054075663362,-0.5584389211327071,-0.32732755479068476,-0.21420428072637748,-0.6221989887776174,-0.06025917360931472,-0.24552120518380893,-0.9050605985654218,-0.11926734161718362,-0.22437881149733388,-0.9138054748661194,-0.15517426084018748,-0.1945554130308486,-0.8116556321865527,-0.17625836256064606,-0.12444546704323867,-0.6761914535027523,-0.04842186076886122,-0.14226138775604116,-1.0,-0.1310084617846853,-0.11759538450034225,-0.956153075370005,-0.20026188285699517,-0.1008006718474078,-0.8106011078579687,-0.23183450047343243,-0.03656580135634947,-0.676850968369102,-0.05708357869648807,-0.03251538979229101,-0.9524573624237125,-0.1461327362987751,-0.012091044527147122,-0.8955305351195578,-0.22142144086423135,0.0009923094179431575,-0.7478689667470045,-0.25361004131634785,0.05806142111832682,-0.61817848822829,-0.07926761196673984,0.05897973528751963,-0.8524627233978913,-0.1456011140288742,0.0572358771117464,-0.820076365121456,-0.1931198688103225,0.056682385288382445,-0.6879465743259956,-0.21760095296956414
E,0.0,0.0,0.0,-0.11150574345266426,-0.06044423079162764,-0.1483665882333007,-0.1961671826645029,-0.23936997554669193,-0.22968005729266747,-0.15976288162665683,-0.42303756209568216,-0.3025664906847175,-0.049014651003244536,-0.5217778820664548,-0.3673368738001391,-0.19608597525902194,-0.6258726340695971,-0.08652286653778617,-0.21823638270313078,-0.9338725196904167,-0.1496388413622216,-0.18481663508323962,-0.9009258777140641,-0.1799069078234136,-0.1584044702501519,-0.7621526633060758,-0.19628933497590717,-0.10537512813844303,-0.6642703231388584,-0.06636159302621436,-0.11189456015971032,-1.0,-0.156368032746279,-0.0765624506473549,-0.9099726636477632,-0.21594322647601596,-0.06764413736685804,-0.7530506363973314,-0.2366523837393681,-0.019058000440749567,-0.6561550205866664,-0.06643752670858545,-0.00739277416324764,-0.9390093865700444,-0.15729233344153132,0.015117266076562542,-0.8589663466451395,-0.22100547952019475,0.017889193854720223,-0.7096264717652682,-0.24270625533641188,0.06856460880666217,-0.5893242261403285,-0.0808391298660309,0.08006016961199854,-0.8304639974535678,-0.14306509735687567,0.08050681034214374,-0.7940016004928274,-0.18396893215454801,0.07474833521420017,-0.6667679040237228,-0.2023884099138925
E,0.0,0.0,0.0,-0.11333824893677663,-0.060983230131275254,-0.13598001286095257,-0.20505279092641543,-0.2286677713385158,-0.21519224956996189,-0.1809149309533523,-0.40840744577700533,-0.28897603066330757,-0.06902603989113487,-0.4944025341321247,-0.3548532449552092,-0.18112764548416482,-0.6142569556603721,-0.08549578058751274,-0.1960307608264361,-0.9140660365100566,-0.15233628455154757,-0.175093224151517,-0.8824447466147303,-0.18226847611897073,-0.1574384420214936,-0.754385359791435,-0.1978502739374767,-0.08948872368487233,-0.6571576169266278,-0.07423662954028663,-0.09479121841765538,-1.0,-0.17077082348843597,-0.06888195985179141,-0.9094943332010708,-0.22545253845655325,-0.06416259633278752,-0.7652511777888307,-0.2413370353395344,-0.0032146439808424195,-0.6513170487378239,-0.0823820799554467,0.004777170177213209,-0.9546886613724384,-0.1783506233097418,0.023373100588475273,-0.8658559821333766,-0.23277896479655,0.024543030507944135,-0.7100177890821909,-0.24651952886379155,0.08540645590347441,-0.5816776644852658,-0.10412315210129972,0.094807460167545,-0.82024128953207,-0.1684423372404828,0.09686352598959411,-0.7897585812325009,-0.20420568813353454,0.09144402080061698,-0.6688747296534534,-0.21804747934356936
E,0.0,0.0,0.0,-0.11364494215890691,-0.05064712885688481,-0.1438071103528736,-0.2064758640410038,-0.19441069592588112,-0.23542031710558378,-0.20078322125429574,-0.3609947093635192,-0.3216834620379136,-0.09740227353752072,-0.46036589527182037,-0.39946794802825564,-0.18119693836529968,-0.6132777454957568,-0.09859082229007445,-0.19301109934002464,-0.9148290022440416,-0.17418559504062253,-0.17208702736896359,-0.8731037865594604,-0.2095603579723619,-0.15741083559367094,-0.7383305501357147,-0.2278990735660775,-0.08820136816060267,-0.6541044345939689,-0.08630398413791622,-0.09154961799099688,-1.0,-0.19588896735245753,-0.0647105679070889,-0.8871855961732914,-0.2546748568023544,-0.06301154830286466,-0.7371493400632548,-0.2696016908820849,0.0003231158948211407,-0.651399497865538,-0.09337808901718084,0.011718359343848106,-0.9600934701144838,-0.19678569121996595,0.02954123981217043,-0.8553828026286387,-0.24935436815566323,0.02617376098059665,-0.6943720233141338,-0.25958496937699665,0.0905085049271311,-0.5815460305804643,-0.11463035239509312,0.10027306040112555,-0.8292371983997694,-0.1792074010713352,0.10049814272743295,-0.7829796041246551,-0.21184212790920923,0.09210228008739925,-0.6499727746530174,-0.22282165151242186
E,0.0,0.0,0.0,-0.11667338025331093,-0.05066981372042456,-0.13805731593800682,-0.2115466120903194,-0.20021118565442386,-0.22793561601041867,-0.1981130556693316,-0.3547408908604672,-0.3142631962773206,-0.08465711309447652,-0.40026188919141925,-0.3923731007692778,-0.16367125467020754,-0.6179943497415424,-0.10041748085329447,-0.17135846671961844,-0.9245361227961035,-0.1793718970686652,-0.15207892127547187,-0.8683560276286827,-0.21624982338890175,-0.14174807561266634,-0.7286833738662244,-0.23582550663685645,-0.06902764613743946,-0.6546407039250672,-0.09352097580471685,-0.06706661228011875,-1.0,-0.20641114265697452,-0.04433102427753815,-0.8734982339341216,-0.2660248052605232,-0.045721982271047346,-0.7236508953021106,-0.28149953068273775,0.01838223518883085,-0.6490301847035631,-0.10544380576705016,0.033972725496439656,-0.9642336707750879,-0.21025900645697074,0.049213612205046324,-0.8512479052169228,-0.26415900999876196,0.04323323847320669,-0.6887223945762129,-0.27564930506724983,0.10732847435734708,-0.5738984563382726,-0.13134693498192995,0.1182326156941343,-0.8232566549663284,-0.1948312012948016,0.11825651007487076,-0.7707634119074341,-0.22764487986183018,0.1106628419840877,-0.6325678884264602,-0.23978849983339756
E,0.0,0.0,0.0,-0.11328688008313402,-0.06320116824596245,-0.14115323286739145,-0.20104025395668665,-0.19322084134496226,-0.23914961647253158,-0.19232669518562565,-0.3342281358619303,-0.3327978997487194,-0.08625548214588571,-0.3951141470377299,-0.41738578304089974,-0.1561940810846051,-0.6305295435942055,-0.11411477182614609,-0.16310701921001622,-0.9304057380828099,-0.19676277360553462,-0.1411312626937891,-0.8642877219195171,-0.23267611043246467,-0.13200556110282707,-0.7287072028335975,-0.251157107300984,-0.05997200271188948,-0.6602517701208784,-0.10663443101297135,-0.05928504093646657,-1.0,-0.22424582493837658,-0.03503522177333224,-0.8485946178120182,-0.27631378621064967,-0.03912651406195515,-0.7047726121421863,-0.2847491657009538,0.02893013151842096,-0.65100809328982,-0.11790772288260237,0.04222143781339314,-0.9619037573744157,-0.2260467880375536,0.05868814443867886,-0.8354158075007082,-0.2709089064019921,0.05191201649735622,-0.6847541487602712,-0.27525725286941705,0.11809955072665641,-0.5714765149223696,-0.14307785379488058,0.1309751184396927,-0.8192466073771167,-0.20660931846775998,0.1304016800085134,-0.7540699103465227,-0.23372887678489884,0.12088472526280526,-0.6211911783628957,-0.2411466128126451
E,0.0,0.0,0.0,-0.1201722164937345,-0.060696593844477384,-0.16725378253779202,-0.21341886152797024,-0.18155879230264133,-0.2791464390139604,-0.2002204973467976,-0.31965086697986506,-0.383445895836479,-0.07887559766468469,-0.37443736647583664,-0.4775921285537319,-0.14535083517237612,-0.6433865416496131,-0.13585839595608123,-0.13534967357754485,-0.9540996562519869,-0.22984711140657124,-0.12440331895990137,-0.873292717158097,-0.27162609612618915,-0.12029383073318811,-0.7398888714118099,-0.29369232920828475,-0.04296952999941607,-0.6621652109770085,-0.12102009505365888,-0.024570189792434003,-1.0,-0.2520200699260109,-0.010856038160402207,-0.8172017260995157,-0.3100024306748005,-0.016808160959307428,-0.682797245544783,-0.31975886596829006,0.048859236078366425,-0.6455820363606903,-0.12797022588285964,0.07927281123207654,-0.9570561341819981,-0.25128522035522416,0.08420963397601391,-0.8101981766627461,-0.3025944915362889,0.07163990810613453,-0.6660493551717931,-0.3078558946373268,0.13975693784644969,-0.5617256202125012,-0.15040786303980128,0.16327874135700565,-0.8019906462553857,-0.22448647198036153,0.15613962781213928,-0.7242079671455556,-0.2566993566334582,0.14228544096026605,-0.5939680589142299,-0.2661664886415123
E,0.0,0.0,0.0,-0.12768231736584962,-0.03906731226487781,-0.16624237778874865,-0.2334257319065556,-0.16447137462807923,-0.2780682172538385,-0.21969469752728377,-0.2958385814277942,-0.38359664440386526,-0.09737919162888564,-0.3383771851416573,-0.4789855585387721,-0.16579760877704317,-0.6447880331775284,-0.1379253729067472,-0.156940054179416,-0.9524458266047499,-0.24015619591108342,-0.1537729499734253,-0.8644906966313949,-0.28611521566491405,-0.14881684686024857,-0.7248763475152145,-0.3101763663782072,-0.05648545912729384,-0.6718067888590403,-0.12705282097029527,-0.03967031438177648,-1.0,-0.2669984738993202,-0.03499598276469894,-0.8017966313763769,-0.32732360226652196,-0.03924348892022977,-0.669752135563027,-0.3369917825209907,0.0428766924583609,-0.6561372555085772,-0.13855453058781778,0.06997455164337991,-0.9523489387070115,-0.26786444422050076,0.06897584675483898,-0.7809851850438432,-0.31436452174934437,0.05934133643424007,-0.6447570957417306,-0.31572868667662934,0.14326385501569008,-0.5703103247115454,-0.16634977885703497,0.1626958992706731,-0.8031469485591954,-0.2454316771039939,0.14963196492917458,-0.7021182510308002,-0.274119688069555,0.13711156613636444,-0.5745385644399926,-0.2799327766797435
E,0.0,0.0,0.0,-0.1379924474458217,-0.028190071624674247,-0.17246357625342004,-0.25492002479943165,-0.16460641284824143,-0.28565636031592884,-0.24936240097655177,-0.3021752156972096,-0.39213215268891705,-0.13216265282723902,-0.34951921436824485,-0.490055051967924,-0.18284741823381176,-0.6547211250517273,-0.1494789101483992,-0.1745046788162128,-0.9636331241499297,-0.2601383783177651,-0.17879285206812726,-0.8780215037176899,-0.3151354192946728,-0.1723393636098005,-0.7244902915861402,-0.34487371724827476,-0.07032166583359166,-0.6811984488489474,-0.13884203558502198,-0.05545331640485369,-1.0,-0.28739569021956407,-0.05874161424721414,-0.8187702181371058,-0.36169878095255636,-0.0610016701052641,-0.6775738309633956,-0.38182495844351244,0.030749552438487177,-0.6626083306511779,-0.15030259529276838,0.05647191746179597,-0.9394258679430265,-0.2831827671867953,0.04804593234442139,-0.7898752463998553,-0.33931824872886907,0.0411799234362045,-0.6571337671256242,-0.34898529466714634,0.1338904182530936,-0.5773076301265632,-0.17930184432014712,0.1492988450169013,-0.8049527297915038,-0.2628005025626209,0.13195351886432843,-0.7175312106483301,-0.2978454589485487,0.12228626434829556,-0.5944658852077026,-0.30904070775121967
E,0.0,0.0,0.0,-0.13896355757824472,-0.019317537829522335,-0.1601064976659439,-0.2607839560991533,-0.15540900468205252,-0.2668475604028421,-0.26132822932431227,-0.2944538051718984,-0.3688201256305864,-0.15022556216837873,-0.34955405060148703,-0.46313394058058494,-0.19302664405616726,-0.6507341898398954,-0.1418944243540775,-0.19263653332696418,-0.9571896900754817,-0.2500920241236299,-0.19925954957048012,-0.8735181763372872,-0.3039020633590708,-0.18895762268403418,-0.7214898900524659,-0.3326734081699105,-0.08040967416707016,-0.6824699509792214,-0.13647048744200296,-0.07133471428188866,-1.0,-0.2820125495571848,-0.07968952541835576,-0.823150466214891,-0.3544212444667102,-0.07911304453559091,-0.6807821249671591,-0.37423212037748127,0.021695295293556516,-0.6663807784699408,-0.15162169108559376,0.04540754990920336,-0.9431757401790166,-0.2789549029164435,0.032777081754615287,-0.8008247693533643,-0.33056240429703015,0.030490699948395372,-0.6750352293872801,-0.33924831648665144,0.12733206963512705,-0.5866451128679363,-0.18410044488808772,0.13903195361518292,-0.8132721243085306,-0.2644806594526076,0.11600184994995147,-0.7267446236734245,-0.2962249248610767,0.10780898181099678,-0.6105263672150654,-0.30591818582488906
E,0.0,0.0,0.0,-0.1519088241983131,-0.024651754308491855,-0.13152111645219536,-0.2898003622640106,-0.17766861537227266,-0.21033690979953237,-0.3089358628114008,-0.33340030448632696,-0.284986783234383,-0.20383040562654095,-0.36498899624358977,-0.35115419631090516,-0.2201181687917526,-0.6584920541051165,-0.1062265832609304,-0.21761406745424053,-0.9556718110497582,-0.184292835550044,-0.21972133458185467,-0.8597417461497182,-0.21519969985219856,-0.2115102236027347,-0.7037568062231868,-0.22945469914547212,-0.11080282573503422,-0.6926051623568406,-0.10025745644597342,-0.10285409017278385,-1.0,-0.211156725375783,-0.10468469240872512,-0.8352711066302991,-0.26008369341952464,-0.10126193278747539,-0.6953747380334687,-0.2672184454050299,-0.0077820824103279505,-0.6766145514025981,-0.11081882018524318,0.010064438644868848,-0.9338846660334535,-0.20627426577496893,0.0015554868053916427,-0.790745447468017,-0.23730652882663952,0.002255671070751666,-0.6621248517897395,-0.23511105001646726,0.10108890962871296,-0.6090096688095714,-0.13712920806528942,0.10694122429121192,-0.8185789341119203,-0.19389286626380672,0.08985738243334605,-0.7353952528987405,-0.21187625638489022,0.08605569348628925,-0.6291323482548161,-0.2124987308708608
E,0.0,0.0,0.0,-0.1515347384419556,-0.02032174754377414,-0.1287697869058519,-0.28633758172348245,-0.15878880419624772,-0.21089433710178973,-0.30703096596773505,-0.3095252555654236,-0.28995756362504177,-0.21155515911316616,-0.37199807468972373,-0.36139763228614186,-0.23412489651289028,-0.635731598557666,-0.10971215512161045,-0.24438217038861354,-0.9479769184840385,-0.1912568957052298,-0.24925180565133412,-0.864366399802691,-0.22580543955053742,-0.23570868460628297,-0.7001512623618833,-0.2424981143371323,-0.12492864625822071,-0.6752849144604698,-0.10768663836742383,-0.1289840118829531,-1.0,-0.22316854761774563,-0.13224731522346064,-0.8562482661019718,-0.2791781225202057,-0.12357231530337348,-0.7019357578267884,-0.2919439651538498,-0.022489656336153387,-0.665245844659224,-0.12162249940793593,-0.013941843987619737,-0.9443278464906577,-0.2205770798176515,-0.022745545617017023,-0.8252050773413154,-0.2598339611952208,-0.018090749678203667,-0.6884984581871699,-0.26406469341373373,0.08517596888413263,-0.6041382730787821,-0.1507658763927392,0.0883366473322491,-0.824775062218444,-0.21194325603266714,0.0733269997511767,-0.765490848971993,-0.23580404822617665,0.0739508245068916,-0.6618984225544614,-0.2412012763783044
E,0.0,0.0,0.0,-0.15281399125143688,-0.011596952044141882,-0.11703280903941068,-0.2929829765135142,-0.15597226150558324,-0.19052862068664916,-0.318870916704569,-0.3149187119954477,-0.2631894532983257,-0.22494202111828698,-0.374672399163438,-0.32945925631121203,-0.23983883147359744,-0.6164068814147116,-0.09506586497996183,-0.260809483947643,-0.9362556458867578,-0.1710626562385201,-0.2723255645214928,-0.8696640785556742,-0.20542713161026013,-0.25270016654652117,-0.7092352363798335,-0.22206551285735027,-0.13435934007536582,-0.6674459328452717,-0.0961458308241525,-0.14697075459212225,-1.0,-0.20722400246381273,-0.15950432087112093,-0.8802490874876467,-0.26879456840622484,-0.14427621461726212,-0.7156552386237439,-0.286211956897652,-0.0348536721861935,-0.6678446636250708,-0.11146528488882146,-0.03331199155107281,-0.9553520621469116,-0.2056135852778779,-0.050173567138940375,-0.8558242238858212,-0.2509809684954438,-0.04073839431417298,-0.7115308776175315,-0.2601551775674256,0.07326451336369555,-0.6187900284385407,-0.14109646983473584,0.0661399299819345,-0.852764544603765,-0.19935343645421766,0.04736565594404467,-0.8079981968097507,-0.2254784694578395,0.05283367585438231,-0.6983890537483717,-0.233324051809686
E,0.0,0.0,0.0,-0.15429449982285293,-0.0072784191094495305,-0.11507000943053888,-0.29966153966110876,-0.14866144527386663,-0.1892486993561371,-0.3344564902172411,-0.30590699983995207,-0.2637659094676098,-0.2376021844490863,-0.37227696226288626,-0.3316325594455177,-0.24316154171300533,-0.6148550813850575,-0.08984514721539343,-0.2634947252578892,-0.9340966730549046,-0.17021799990563502,-0.28416561677958935,-0.8769467368688879,-0.20749696362263195,-0.265226440465589,-0.7217323889137396,-0.22522618355311372,-0.13804937820694335,-0.6613551614090237,-0.09448571435618498,-0.15030347550240689,-1.0,-0.21185123775738138,-0.17332156570651586,-0.8753093234076257,-0.27531763829306316,-0.16084706052137324,-0.712658560307292,-0.2922397575328765,-0.039295443695274206,-0.6590491716493555,-0.11417250773430439,-0.03731237115799467,-0.9502302227949293,-0.2156245686763164,-0.06473896113844693,-0.8428112145722958,-0.26001820588185215,-0.057012972090102886,-0.698350856530024,-0.2662765972838584,0.06841228347361467,-0.610123236907874,-0.14846258486509636,0.05920798844371853,-0.8477161023267139,-0.21306474221204882,0.03270056263003895,-0.7968978059753964,-0.23896234864050397,0.03651914214308285,-0.6850494370279783,-0.245091385063036
E,0.0,0.0,0.0,-0.15204837730433823,0.0020083618500938293,-0.1006922914376211,-0.3010493707914781,-0.13963944695882546,-0.1701663965230334,-0.34729749075505023,-0.29213955044706924,-0.24501155223834414,-0.2430166995529308,-0.36748813334805164,-0.3137611857174809,-0.238514184788608,-0.6092290815763329,-0.06774752052609664,-0.2662467918644442,-0.9211976694447511,-0.14955787702584827,-0.3037229033281819,-0.845058953802848,-0.18949377468287443,-0.28564704299591565,-0.6907428041174523,-0.20935720038521466,-0.14110691025499503,-0.6508532605695992,-0.08449045227904951,-0.1628194337123303,-1.0,-0.21376541148743344,-0.20254029142289437,-0.858862560713103,-0.2858787578487868,-0.18811799729550724,-0.6889848838171984,-0.30532266808308417,-0.04463128863561099,-0.6478879774257644,-0.11576287473185887,-0.05453640716414615,-0.946393089745005,-0.2285818449030974,-0.09243009369135666,-0.8144429917761342,-0.2759891194367104,-0.07808532950656806,-0.6566698173087537,-0.28096664523977916,0.06545364071641462,-0.5987189880229606,-0.16072975633785844,0.04326343277403687,-0.8379244742797218,-0.23485566875920735,0.00491353557235898,-0.7660493017993156,-0.262980021957684,0.009898305552489238,-0.6378063252014571,-0.2689471972115752
E,0.0,0.0,0.0,-0.15440342918489036,0.005143178369724322,-0.10289235769748344,-0.3097872244471061,-0.14183739100363943,-0.17036415918048753,-0.35422150213223014,-0.29994480706342747,-0.24303403689104996,-0.24391701786908757,-0.36302383302524766,-0.31052345501515605,-0.24759422744951026,-0.5951098670630646,-0.06802015057370134,-0.28061926369134516,-0.9124708378527357,-0.15013276812294118,-0.3181498439782181,-0.8492325574553538,-0.19194366369836321,-0.3006672655150199,-0.6972293075374032,-0.21316900766768487,-0.14943095606744425,-0.6458454411039574,-0.08352786503296471,-0.17903175769508095,-1.0,-0.21134865812181547,-0.22027310726367585,-0.8796226726875648,-0.28755648586488947,-0.2057663318154248,-0.7065777543045823,-0.3111525452689079,-0.052567880881910195,-0.649845827965396,-0.11397471135472455,-0.06532999227862621,-0.9537878508948637,-0.22702359304153907,-0.10210649224312868,-0.8363563783075023,-0.28145782492339627,-0.08808153192901691,-0.6740946059430444,-0.29163075251494947,0.05909625574148354,-0.6058852617595043,-0.15820510945029517,0.030984148370170023,-0.8434638121600979,-0.2329892263219109,-0.004175055857964774,-0.7775130975322433,-0.2651869410559939,0.004130397672771244,-0.6421285059978498,-0.2745922014907268
E,0.0,0.0,0.0,-0.15584060273799627,0.005912828102905814,-0.1080567501333698,-0.31018190777287163,-0.13945065180625096,-0.1726325717082347,-0.3485808196572007,-0.3153051734842017,-0.24125414082197633,-0.23756448304527247,-0.39239726889788196,-0.30480500083176604,-0.25699031225813757,-0.5807479942539017,-0.05857515218028127,-0.2922033072359257,-0.9031409960315055,-0.13411944133283335,-0.3205128926177005,-0.8528736115984393,-0.17280751093987004,-0.3041791834923404,-0.7046603049321887,-0.19251825706181608,-0.15901699482248816,-0.6434229561636847,-0.06902758417577322,-0.19155659903256836,-1.0,-0.18607140393602348,-0.21796085715415733,-0.8939110806155539,-0.26079900763230757,-0.20183905264124222,-0.7222991868160498,-0.2854006251466592,-0.06267478048460118,-0.6563707271194724,-0.09608341382950149,-0.07598612750489213,-0.9652594361958478,-0.2052315132918661,-0.10325079455158408,-0.8675503645376179,-0.2677833328594428,-0.09202211790677431,-0.7068134589908334,-0.2838151731602893,0.04749502622863855,-0.6181106962118785,-0.1366981394946697,0.025023521774831754,-0.8587069754716783,-0.21101203708088023,-0.0045475128966090544,-0.810200775991788,-0.249654489593746,-0.0009042231065288755,-0.6779278486565646,-0.2637556257870901
E,0.0,0.0,0.0,-0.15336616736322398,0.001954362828147525,-0.11155586330796764,-0.30246385576233187,-0.14215313685790598,-0.1794739991891512,-0.3369264601449515,-0.32549440147110553,-0.251112297760713,-0.23451803154446255,-0.4276973878917263,-0.3183368253171371,-0.25184870422715183,-0.5790812860717178,-0.06196192142882712,-0.28340785431707644,-0.8953923853838263,-0.1363046234947052,-0.3084909858801187,-0.8467749249649518,-0.1773054963944766,-0.28999889476146307,-0.6979428977224742,-0.2000529165253868,-0.15589132530952188,-0.6470861359024805,-0.07156741048035621,-0.1859869523102423,-1.0,-0.18662919092784197,-0.21381280123257965,-0.9173348586359521,-0.26850270748475585,-0.19793849145588188,-0.7521769710882817,-0.3013779313781771,-0.0600207865626494,-0.6613980569833083,-0.09743241339583594,-0.06868387387208755,-0.963833822796114,-0.20465000659021032,-0.09522511248831421,-0.8797331564951675,-0.2749814569789532,-0.08512200217816446,-0.7228696986187089,-0.2990862367133581,0.049776400329882495,-0.6230473813190452,-0.13666597177923548,0.034058513017213084,-0.8601809910721695,-0.21212539850926426,0.00453808740123537,-0.822258916631233,-0.2560891299781593,0.004678353554425104,-0.6983132077106727,-0.2756678477472372
E,0.0,0.0,0.0,-0.15443847405187852,-0.0034732687954705296,-0.10323780818260817,-0.2982489044224984,-0.15255750489057524,-0.16074885122336394,-0.32518751514453054,-0.34376569859872463,-0.2223833620808842,-0.22418430081026933,-0.4360751213039958,-0.2796859946804835,-0.2497999813833088,-0.5795817376169453,-0.040216981197972845,-0.28033975830806784,-0.8915922183708327,-0.10241540938501001,-0.30219562448656345,-0.8497703202661891,-0.13626274254399656,-0.28021509296525476,-0.7039673683386228,-0.1545998717061568,-0.15306336914830115,-0.6511450927288523,-0.04842593141697753,-0.18007881065938547,-1.0,-0.14893874923049147,-0.2078123245450731,-0.9170457416535168,-0.22457971147332995,-0.1912710804477462,-0.7503300399520103,-0.25440390933034196,-0.0556633526001312,-0.667002062611183,-0.07262276455712575,-0.06006293106505204,-0.9687024424803343,-0.16757799561648937,-0.08858035909528791,-0.8842343774933069,-0.23526994930894754,-0.07920617172863366,-0.7284111946892194,-0.25920417144153385,0.056183345596709275,-0.6301900490830541,-0.10975721691427959,0.04362631351098976,-0.8601183748219594,-0.17570760731072646,0.014357014946543501,-0.8195876402900658,-0.21687086839726158,0.014483988906816073,-0.6977382567093964,-0.23538819669522318
E,0.0,0.0,0.0,-0.15599015559806084,-0.01674905899099111,-0.11278364938065581,-0.3016408930820248,-0.1795210833477736,-0.1704441235623707,-0.32388571693463025,-0.39495502913255726,-0.23108928452632596,-0.2139882630947506,-0.5016827974613084,-0.28823665770303475,-0.24805387453630173,-0.5830313753061429,-0.037652367080896386,-0.27482770089176495,-0.893040083617448,-0.10131798209112598,-0.2892229037049137,-0.8633478508645583,-0.1414039219393946,-0.26797740180339674,-0.7314953903343263,-0.16524132604955566,-0.15267551551768097,-0.6532149562211448,-0.042269810496187915,-0.1785265441616604,-1.0,-0.14590492917130315,-0.19786988524675203,-0.9350423256305064,-0.23422022504234216,-0.1795236586827603,-0.7742641624109255,-0.27419517255149656,-0.05672064936703785,-0.6686945590161926,-0.0643646440798806,-0.0628388175091875,-0.9661845639571567,-0.16823548638549707,-0.08178325760008948,-0.8904669560607382,-0.25214007270759864,-0.06741123280182099,-0.7269861627251165,-0.28595353126107714,0.0553169998230377,-0.6312461530933636,-0.09915797735618866,0.03918335391761798,-0.8641221989093089,-0.17463195166464682,0.01555364367591543,-0.8323437608646945,-0.22736992595397396,0.02009340739996755,-0.7028055147487595,-0.25401654915634414
E,0.0,0.0,0.0,-0.15665232434866316,-0.03349308730674665,-0.10640661716442702,-0.29970944346152256,-0.2203827047525042,-0.15466113744601964,-0.30805211758207285,-0.45000276235550246,-0.2062078965541096,-0.19396899835006715,-0.5442610014074944,-0.25301860165954637,-0.24851988666140992,-0.5935599894841227,-0.011374269384410019,-0.27425215195604963,-0.8891011150993776,-0.06509045345525322,-0.2811804820341896,-0.8784313029224279,-0.09908421206395614,-0.2610310588798103,-0.7621369474015969,-0.11843606702848579,-0.15031648122233646,-0.6661214356714097,-0.01342125282686015,-0.17029006895794668,-1.0,-0.10145788882582299,-0.1819219739567106,-0.9378580866673042,-0.17853150528452288,-0.1696808186089571,-0.7847108444669478,-0.2110812234025918,-0.05476043077604705,-0.6820961420483411,-0.034468452785258084,-0.05554308314744138,-0.9787723118788587,-0.12569362662213743,-0.06869144471012527,-0.9048166197006148,-0.20090608916247887,-0.060147429571876354,-0.7429288881370395,-0.22899741957507563,0.05392667708100227,-0.6402319008710027,-0.06829333255970567,0.0456972910800792,-0.8714162718330856,-0.13294664612905382,0.026833602463967033,-0.8449569617802656,-0.17913128115970514,0.02720050456022985,-0.7211111464604493,-0.20104704590002617
E,0.0,0.0,0.0,-0.15851984361481666,-0.04055177066059751,-0.09859311670177441,-0.3029558252143919,-0.24101833918154855,-0.14219932499338317,-0.3084861417803927,-0.469381644053347,-0.1898690274145858,-0.19377624402765736,-0.5504829271438784,-0.23363776056705596,-0.2431819048157582,-0.5986578522203014,-0.010493950098413472,-0.2661787322726635,-0.8999639947702991,-0.06417706037463664,-0.2765158283000383,-0.8724533255337057,-0.09843666648139819,-0.25944794028587753,-0.7431716072839321,-0.11790217444690038,-0.14422840503697446,-0.6652978777870857,-0.015123013157833662,-0.16392622848199748,-1.0,-0.1026439760308053,-0.18166752088005236,-0.9365335111494267,-0.18233862982326884,-0.17038910398285045,-0.7763646171748017,-0.21786641310611116,-0.04895789881211647,-0.6762184102887157,-0.03737608811149025,-0.046567968136184676,-0.9749722102134534,-0.12667795237574878,-0.06642188048467773,-0.9107330903236261,-0.20532943909545556,-0.060539008947471204,-0.750376447051627,-0.23725905925925134,0.057850720836260756,-0.6352023474036761,-0.07163673018156876,0.052511721572082636,-0.8711716441382564,-0.13516406705737347,0.03115111772481635,-0.8543523873201613,-0.183442464262804,0.029492402137767607,-0.7378258333277631,-0.20819411760380205
E,0.0,0.0,0.0,-0.1622969650673425,-0.048500767661508355,-0.09349975650359259,-0.30967617540065046,-0.2561133373978317,-0.12999074101421346,-0.31387305731057014,-0.49001742770671053,-0.17211312214192837,-0.19662488703226694,-0.5664605163223939,-0.21113657099851266,-0.251075414402529,-0.6098324425721917,0.009944085218877843,-0.27524224292806326,-0.899526506217004,-0.04011727756632095,-0.2859704331297563,-0.8766972943127467,-0.07739493447524937,-0.26790382788942546,-0.752578380890266,-0.09977678592452689,-0.15211254748692213,-0.6777692169541626,0.0037148831496332246,-0.17341709230556254,-1.0,-0.08037124350493446,-0.1926023416431455,-0.9390011057014856,-0.16771830516852104,-0.18127760223439782,-0.7787742267509878,-0.21000658496601446,-0.056131786336050475,-0.6899443728383152,-0.020763887182900884,-0.054345065665917715,-0.9788368635030564,-0.10972006161354145,-0.07538426408013224,-0.914148090093565,-0.19844217857477905,-0.06927041217918958,-0.7505030811418969,-0.23813732839282561,0.05213357122737621,-0.654475305840086,-0.056755596445470666,0.0482191400919712,-0.8872650510110398,-0.1219367550488522,0.027208387983091553,-0.8665923160126585,-0.17661388102258363,0.025134917579116973,-0.7461428387775461,-0.2070171618237011
E,0.0,0.0,0.0,-0.16445272055103907,-0.062434508919804906,-0.09233402865626235,-0.31195774760739253,-0.2693904477586764,-0.1311495834513141,-0.31708097214019765,-0.5128610500905117,-0.1765177700641535,-0.19734168783313932,-0.5934611688660058,-0.21987870950166954,-0.2559200269454254,-0.6160599117672998,0.006804734847161842,-0.2823827779567498,-0.9048768359733897,-0.04634483705661241,-0.293288927898068,-0.8765921150893833,-0.0887796621442043,-0.27790596127200157,-0.7512268547761481,-0.11584991597869271,-0.157573441227491,-0.6862416888782463,-0.003573808309087889,-0.18480031213862447,-1.0,-0.09226685302859768,-0.20400002786952004,-0.9422811697204265,-0.18905079177836,-0.1924788232901912,-0.7813183273080776,-0.2395445062848302,-0.05985263624574096,-0.7014749485101449,-0.03157890469832112,-0.06600895821717213,-0.9777784123797875,-0.12774374933399774,-0.08731291438721801,-0.9180559102909486,-0.22830218025801716,-0.08010543479476574,-0.7488665172835945,-0.27652158378794855,0.052115727448561945,-0.6710489500616705,-0.06999956489608104,0.03935359581898527,-0.9060567984485478,-0.14188700361751547,0.017916617696375148,-0.8832339075982396,-0.20380810372281455,0.018048264508147893,-0.7475966664386989,-0.24042427552520426
E,0.0,0.0,0.0,-0.1655101649366649,-0.06257329665336009,-0.08772772082280482,-0.31036127100925526,-0.2836580714913741,-0.12102837199408924,-0.30113368555572495,-0.5243620283198867,-0.15902175030753013,-0.1723524425842499,-0.5837305474796801,-0.19363971256447765,-0.2586381318592197,-0.6199409102770804,0.002760798103260016,-0.28579097307060036,-0.9113586112269186,-0.04143948196909138,-0.29154785796766003,-0.8661418057720752,-0.0741642136231126,-0.2738638823332744,-0.7312164251444049,-0.095151187944618,-0.16210916344024998,-0.6883801460296455,-0.004815105720508118,-0.18879314514341916,-1.0,-0.0783202614510122,-0.2044607214533155,-0.9459317357475077,-0.16094627882281326,-0.19131040301688426,-0.7897764168172982,-0.20489811070353114,-0.06553035743480241,-0.7013038045939957,-0.028766361871358215,-0.06847187845219536,-0.9794294442299937,-0.1086194566199662,-0.08455912034269134,-0.92617710954136,-0.19660840518114037,-0.07545631275788882,-0.7674497757584462,-0.2400531488145726,0.0441469064927341,-0.6701403709645117,-0.06320086985760157,0.03279920068603001,-0.9056719770975141,-0.12328068378685757,0.013511135206429674,-0.8871926230073471,-0.1773193742132411,0.014314789276201927,-0.762066580808704,-0.21017792944183838
E,0.0,0.0,0.0,-0.1621693916590011,-0.07059470332346167,-0.080214099558886,-0.29680334093814015,-0.301080188307356,-0.10800949071341737,-0.2763347687547043,-0.5387638225578371,-0.14092525093479938,-0.15286383418749994,-0.5855414695234771,-0.1703404986013984,-0.2591206750649338,-0.6218795070082651,0.009460941319653268,-0.29113504505283916,-0.9084373707022206,-0.03242065566488385,-0.2888154160546172,-0.885517981806749,-0.06282063339220653,-0.26256846358814656,-0.765727748768585,-0.08167217540054975,-0.16142830897483837,-0.6900782074276912,0.0008346028513947558,-0.18494087462921885,-1.0,-0.06815410255720131,-0.19452927135000106,-0.9553214478117277,-0.14562327390123678,-0.18005952231410743,-0.806217749496695,-0.1859578774836663,-0.0662578348344856,-0.7001178131446618,-0.023800530587996062,-0.06448899325031904,-0.9760196898506844,-0.09872977566847964,-0.07967406248061533,-0.9318472975011207,-0.1819994184021283,-0.07221865374181435,-0.7837475597577851,-0.22286999825090978,0.0398737564916678,-0.6651207954725987,-0.05863877949420936,0.03715024108483104,-0.9012238735693938,-0.11531172911748777,0.020425634700502376,-0.8931953864679508,-0.16667754304269816,0.020690933531223362,-0.7840445592407995,-0.19771811147284987
E,0.0,0.0,0.0,-0.15523563972854382,-0.0682450569873194,-0.09442876185309806,-0.28485778881439167,-0.2887034271291586,-0.13717984785119292,-0.2636289331966101,-0.5235013116198242,-0.18376433579193283,-0.14462488168448812,-0.5917408180878305,-0.22658105324049946,-0.2599373332607943,-0.6223437668723172,-0.012011450800573734,-0.294550004720235,-0.9028239849591019,-0.06392155379275319,-0.28447484885385443,-0.8941008163300131,-0.1003740561182373,-0.25588572939466037,-0.7833702496385052,-0.12288627437089528,-0.1622812212353511,-0.691070113517753,-0.019086762419801503,-0.1900864789257791,-1.0,-0.09702823977400381,-0.18914298238668845,-0.9606485612090627,-0.17614429847225932,-0.17358152809191219,-0.8179953982983851,-0.2167801205514178,-0.06495905780989719,-0.7031539151665968,-0.043766508636755616,-0.0688513938821901,-0.9794932164855745,-0.1262497285223672,-0.07398557837466299,-0.9292820261065236,-0.2079883273199137,-0.06499575545824766,-0.776332099405489,-0.24695102333466837,0.04421497812682542,-0.6637384848513483,-0.07976414647793939,0.038137480583503615,-0.9056434194098082,-0.14145913768931132,0.023939160436705686,-0.8915089990432006,-0.1920725113582532,0.023625028566825638,-0.7728308226484307,-0.22167554096931044
E,0.0,0.0,0.0,-0.14891148917821054,-0.06974446510984232,-0.10476944959099166,-0.265943490611492,-0.29490348286382784,-0.15487488669923252,-0.22855590929529737,-0.5277440216963749,-0.20600919656561947,-0.11212411495532862,-0.6002053622964536,-0.2525531930984851,-0.25450420666547835,-0.6172518632681231,-0.030348333867228502,-0.28138597730191334,-0.9168521397387432,-0.08692956808907272,-0.27488610255004653,-0.8997561681459947,-0.12311764058567139,-0.24629263020305323,-0.7733161391797161,-0.14484092598336984,-0.15485379449913114,-0.6794282799670907,-0.03298866029042106,-0.17347278703585475,-1.0,-0.11695484707536047,-0.1738738361592249,-0.9459456024512647,-0.19517317176781013,-0.15782458273512678,-0.7904740173784005,-0.23331775380324193,-0.05851691177780239,-0.6869247189706575,-0.05317382390538967,-0.055914738887821176,-0.9653332800666241,-0.140353562561118,-0.0619246449469382,-0.9133322093875469,-0.22217520247758646,-0.05260631138530813,-0.7639041940837237,-0.25984701209969513,0.047985044748818845,-0.6434197719313263,-0.0849416895756166,0.043189401005984625,-0.8876080786161965,-0.14887347628544811,0.029218278091671247,-0.8673894448918008,-0.19908062198412566,0.03181097594557102,-0.7437344387906519,-0.22756378760096896
E,0.0,0.0,0.0,-0.1435660887092456,-0.0793030222260096,-0.12275608613204377,-0.25630287886620456,-0.3001651878176616,-0.1801144176647614,-0.21893960902715412,-0.5418644873402353,-0.23468570175356504,-0.1056429848127316,-0.6320032861983392,-0.284234922727008,-0.2525040968316196,-0.6211590982663667,-0.04429725333181678,-0.2911607763896375,-0.9115370722066889,-0.10160493033900458,-0.26700076533636213,-0.9292885000937883,-0.13893700252891683,-0.22744118099798188,-0.8313187810491299,-0.16206667531050659,-0.15436987482377063,-0.6826479066182084,-0.038280668914333536,-0.1772728791608299,-1.0,-0.1222937863824569,-0.15881030574523497,-0.971839082916434,-0.20132078697680947,-0.13738677091898324,-0.8328486723958191,-0.24097163162069823,-0.05778866374642882,-0.6892805612975317,-0.051868914159524535,-0.05228206609286893,-0.9648877870545682,-0.14447201704668253,-0.04151192517785648,-0.9302600741747952,-0.23365476595784437,-0.02872307229208887,-0.7888815669212901,-0.27511158103431343,0.046984142217706776,-0.6389017471464895,-0.07759338677217126,0.04853641773401696,-0.8789920523328096,-0.1486991778510179,0.04208830605475242,-0.8777521439966737,-0.20693491597498642,0.0441816625665027,-0.7680794570915003,-0.24009630487272324
E,0.0,0.0,0.0,-0.13719497318066487,-0.09084707278441076,-0.11495238116869856,-0.24249042926716707,-0.31035064392826417,-0.16844105716392585,-0.19800380851067023,-0.5489550698427813,-0.2203693174945895,-0.08667210904202718,-0.6203530255548947,-0.2673318158113748,-0.2430474306605346,-0.6285281852118768,-0.03951448555070511,-0.2843170136503087,-0.910762401114403,-0.09800556375087208,-0.2637565314530019,-0.9316451782884241,-0.1350427570095726,-0.22638777729385276,-0.837917778899643,-0.15732463182132655,-0.14716424305725367,-0.6910186663227398,-0.03787040939559004,-0.17383391362649245,-1.0,-0.1235807070270653,-0.1543181273802339,-0.9636896758236428,-0.199054896074557,-0.13336963604770402,-0.8259437496808089,-0.2354765932434319,-0.0533311552917429,-0.6951489717234932,-0.05579367610962244,-0.05095253013835491,-0.9622656568302955,-0.1521621593627216,-0.03737257422095865,-0.9138434628714777,-0.23679772069101712,-0.023785705810764234,-0.7658010603672999,-0.2738936815077336,0.05006482053690696,-0.6402801960764963,-0.08523453434471841,0.047468997583492566,-0.8801809872522264,-0.15877019550851024,0.04196065036188491,-0.8634206934476344,-0.2141909814562128,0.04335315384530378,-0.7379654068845609,-0.24452086243900373
E,0.0,0.0,0.0,-0.12338371221629053,-0.08656717661295552,-0.11530513684353051,-0.21706221098425538,-0.3044443454421581,-0.17309890243412684,-0.17366407582512672,-0.5268260579329989,-0.2293635467738462,-0.06999183955544593,-0.6099038567065054,-0.2812495810766896,-0.22434231996404044,-0.6297211866220866,-0.045356280654976065,-0.2605288026023596,-0.9022823890507334,-0.10670316623924107,-0.24379246609503713,-0.9338153265680966,-0.14537613053793,-0.20904212028125826,-0.8510314106485651,-0.16777916323150333,-0.131557739401111,-0.6869298690743056,-0.04417926929826684,-0.15155807262831875,-1.0,-0.13246442515352164,-0.13326915087550015,-0.9642052404324855,-0.20481674483142134,-0.11390611468304117,-0.8231314193776692,-0.23733449099124942,-0.041185977364455305,-0.6881003749168291,-0.06217054184679215,-0.03509625014352313,-0.9577722348570872,-0.15669764942738515,-0.0233076132637468,-0.9027317477513502,-0.23223088540042128,-0.010924781564132293,-0.7539231165147042,-0.2632440156390156,0.057336449732132415,-0.628965358496334,-0.09236280579606337,0.05702441142838929,-0.8721408109518743,-0.16332418485324046,0.04844435413504177,-0.845777784901113,-0.2117276326320095,0.04675793470123102,-0.7150960799078844,-0.23629419730217432
E,0.0,0.0,0.0,-0.11439829197849659,-0.0929200438005851,-0.11793003738117165,-0.1989011747500987,-0.302317145858393,-0.17734762377983893,-0.15160704001656541,-0.5101811914880767,-0.2344709954578572,-0.047536073290486605,-0.5844842790266952,-0.287094563868231,-0.20844678322377194,-0.6315753902832011,-0.04606464426067474,-0.24198313404258837,-0.9007824537386877,-0.1071800049369595,-0.2217521456319126,-0.9266297060284762,-0.1456707824225097,-0.18727248608583677,-0.8387634099747708,-0.16770323346500246,-0.1167779536096298,-0.6804206459507826,-0.041813160544613544,-0.13275794137249983,-1.0,-0.13330276341038114,-0.10729112218508263,-0.9575190225538502,-0.20651295957473834,-0.08600376460708531,-0.812312659390056,-0.23784941755831526,-0.028633230494467768,-0.6749587392304988,-0.05670630371202424,-0.02023530232253825,-0.9527609125792951,-0.15424377228337885,-0.005118276678489182,-0.8944864791217451,-0.23178670873801918,0.005647809359606974,-0.7392375538250378,-0.26237971344234007,0.06551268326036831,-0.609642204150127,-0.08340559853123179,0.07057433984566261,-0.8509293604122374,-0.15513965044844208,0.06388220432268349,-0.8203156848802422,-0.2046995438121358,0.059382973996458276,-0.6834027273988765,-0.22942729103703222
E,0.0,0.0,0.0,-0.11383521200845978,-0.08401013833178769,-0.12917670275661233,-0.19748510934871968,-0.2886915956821535,-0.19623513503149417,-0.15357298442953152,-0.49325049390762543,-0.2593276688651549,-0.054452586185798124,-0.5940586687330399,-0.3182386256132679,-0.2102756883737515,-0.6305639677678915,-0.05693377005042025,-0.24185527781762675,-0.9047785256833848,-0.12042047925696381,-0.2289344208902499,-0.9260796216368251,-0.16231760320283298,-0.19837898143012755,-0.8307910316089584,-0.18663216399874813,-0.11608871849844551,-0.6765415245752696,-0.04755713510510497,-0.1333938410180352,-1.0,-0.14239140271643702,-0.11831567992451412,-0.9589935241339814,-0.22123053671102486,-0.09819094448090468,-0.8048894972289589,-0.25614470861234045,-0.026628276103305107,-0.6697208551200533,-0.05737460519766628,-0.018690548940626033,-0.9406928205203511,-0.15431019524737144,-0.013145642787781438,-0.8877917556679359,-0.23475734120116948,-0.0028071875749521528,-0.7354290190638743,-0.2681506786160417,0.06785388994378848,-0.6050065308387751,-0.08005224980143132,0.07302791825325196,-0.8421496362196667,-0.15106653198713305,0.06251964993649893,-0.8137251911903522,-0.20170170029978193,0.05915878127658036,-0.681014603173886,-0.22757725440445836
E,0.0,0.0,0.0,-0.1145208703235312,-0.08020391443131741,-0.12682130629647523,-0.19769229035832725,-0.28992781941929785,-0.19050796264412453,-0.15087725074663427,-0.4919652590747048,-0.24913437743709793,-0.05490716678990408,-0.5849138488148367,-0.30242473471351716,-0.21877325588115687,-0.6332713001366411,-0.06013540968910612,-0.255452260300307,-0.9095484536710797,-0.11834997449523224,-0.22826852656504804,-0.9287825976392358,-0.1517196076984161,-0.18983330431912407,-0.8340901663547493,-0.17045843182782347,-0.1276791469799127,-0.6823450346413312,-0.04928763901367985,-0.14944234923323677,-1.0,-0.1341030555181997,-0.11621656112383183,-0.9553130971775188,-0.1989177049267243,-0.09076027619659094,-0.8068342298548857,-0.22564227858422753,-0.039203018785445354,-0.6779901711301263,-0.05762802157391002,-0.032641627579214336,-0.9343682240583489,-0.14740601792150562,-0.008980604147058724,-0.8676220456150072,-0.21621433020640204,0.005874484180484027,-0.7183445578041859,-0.24269436720448104,0.05315767418829393,-0.6163306447611138,-0.07881189121476082,0.05849843702731504,-0.8470161425252684,-0.14599720000709368,0.05683954815360461,-0.8119184066727311,-0.19076842501035998,0.054530927804357594,-0.6834543698726726,-0.21203163712968273
E,0.0,0.0,0.0,-0.11112658437953596,-0.0826000088674843,-0.12081280474730983,-0.1861408161712372,-0.2969083628793225,-0.1846563815434114,-0.1382813895712311,-0.49434958174020127,-0.24382614553904777,-0.04264305521102227,-0.5709163174118608,-0.2965267023077365,-0.18963245318779554,-0.6438504213313148,-0.06377784746697941,-0.2108639176944749,-0.9432112249509838,-0.12033234891696928,-0.1814313317026533,-0.9287770081923581,-0.14739920593086736,-0.15418438102833837,-0.8091942103136478,-0.16193679352222004,-0.1006443849866029,-0.6773343717487156,-0.055532437366220676,-0.108235368021856,-1.0,-0.136931106011499,-0.07664664714952461,-0.9219295229354184,-0.19100951756567486,-0.06507605516338774,-0.7682081686189448,-0.2097920553546501,-0.01678574865124436,-0.662143902611075,-0.06519187282503447,-0.007998956725722203,-0.934040580280537,-0.14850633997816334,0.010806010071969787,-0.8606031468463209,-0.20585682720824844,0.014649743480685413,-0.7136662422942038,-0.22548698196493794,0.06980740466174581,-0.5883608802340391,-0.08748492465652137,0.07676204591777724,-0.8280847283786308,-0.14620024092766962,0.07264343784904331,-0.7906017334283247,-0.1825128277316209,0.06491744693153374,-0.6594899912392379,-0.198358315028082
E,0.0,0.0,0.0,-0.09670016678173515,-0.06717123843626638,-0.15037147492558636,-0.16032449635515592,-0.23241235851684566,-0.24359308684527559,-0.13219536065942183,-0.40066831059474245,-0.3270441505287879,-0.045403352043716726,-0.513265763435853,-0.40191487684816496,-0.1487503044261207,-0.6442366095475166,-0.1166744827691598,-0.15486736425513617,-0.9572395206881668,-0.18753597585645737,-0.12492934557545211,-0.9116695247320482,-0.21667154187501125,-0.10922111989249178,-0.7721032820946203,-0.23121342231556408,-0.06146310679706104,-0.6581599496184904,-0.09705999568542098,-0.056570723660208884,-1.0,-0.197930303753305,-0.024555797294847602,-0.8895405832853116,-0.24835121441465635,-0.02443159468049607,-0.7399425879090215,-0.2597730514069944,0.01951894349299909,-0.6319535222791277,-0.09587353440274847,0.037959464547287956,-0.9239107787439063,-0.19240312527025671,0.05793533097402414,-0.8383361908582336,-0.24218745699695518,0.05403656875198424,-0.7008997555186659,-0.2532336459386419,0.09886284885774131,-0.5473881617072638,-0.10863054949936546,0.11967521827069101,-0.7941043321417881,-0.17197858500639587,0.12255960509405835,-0.7539604581682028,-0.2042841349499534,0.11403307940438523,-0.633438765030381,-0.2154202329643006
E,0.0,0.0,0.0,-0.10086039352485086,-0.07358733823214078,-0.14421423988006343,-0.16921962788921843,-0.215076604731918,-0.24341686900068624,-0.1508874869639151,-0.3576720210847199,-0.33563315205424477,-0.04789840270308118,-0.4424014467212965,-0.41813215740951054,-0.12961234208276304,-0.6438053621325437,-0.12032232100492517,-0.12756217383957982,-0.962248165728874,-0.19754501023817211,-0.10437053969590178,-0.9001253498741335,-0.22775318147315765,-0.10231798716649995,-0.7526775136854055,-0.2425367693502385,-0.040996688862251995,-0.6507272629300239,-0.1078956497275788,-0.02899880165774652,-1.0,-0.21871627971639968,-0.0002754645344577839,-0.8614788519375743,-0.26550281027953154,-0.007736690874589565,-0.7106083728820187,-0.2713656707458566,0.040107985912365404,-0.622111775020024,-0.11345728543375908,0.06340230331585864,-0.9296322429250677,-0.21659017195715344,0.08163716536344232,-0.8268758649991711,-0.2597456929070022,0.07048458709964457,-0.6864655674895263,-0.26389985465475396,0.11723201536879106,-0.5284917434552535,-0.1325160872568161,0.14348094025439698,-0.7852993972047582,-0.19645270911426727,0.1446260334489924,-0.7414427570232727,-0.22455245604612803,0.12972186029640492,-0.6169745124571802,-0.23214326834224175
E,0.0,0.0,0.0,-0.10595091478878488,-0.07129767554785964,-0.15588741343650184,-0.17417501540473385,-0.1984104077506845,-0.26048229097187264,-0.1495889800663946,-0.3347574866205179,-0.35677784311038624,-0.046202662995705905,-0.3987548007080168,-0.44285913523301834,-0.12383915614911302,-0.6454558639351342,-0.12756997696049596,-0.11125639326502633,-0.9578813342703044,-0.20928601022350304,-0.08006102598331882,-0.897461524223293,-0.24313043082522118,-0.07527974916525974,-0.7572287665075045,-0.26037063169173247,-0.030389433274064837,-0.6615759864037699,-0.11054557257681753,-0.005139131389358754,-1.0,-0.22561620999225176,0.027496788844168195,-0.8427718745217321,-0.27404576849137796,0.01639159835031126,-0.6979891714136217,-0.2800771524815125,0.05419165011342211,-0.6405692980649731,-0.11310986981245907,0.08854007995237152,-0.942739262159323,-0.22066486010487257,0.1105853959116758,-0.8150997641813696,-0.26593436482164584,0.09461447299784534,-0.6684462172464108,-0.2699640348598592,0.13216308104292251,-0.5463979365268876,-0.130033151834073,0.16706920631766364,-0.7898198146944735,-0.1942097237379218,0.17098910009911913,-0.7361560521573438,-0.2241801843094154,0.15174940885085092,-0.6128164180408063,-0.23278610197081254
E,0.0,0.0,0.0,-0.11180599991059423,-0.05867727093114809,-0.1724477698532509,-0.1899786241886997,-0.1877775780106171,-0.2865601083722279,-0.16412583503851463,-0.3276989205068459,-0.39090345885036937,-0.05312938157634128,-0.39063585452179495,-0.48572970329554616,-0.13119677460510545,-0.638617943347411,-0.14781932385613342,-0.11566708944068857,-0.9595042417166691,-0.24091784861190718,-0.09058811705891547,-0.8956967434436037,-0.28318300101449156,-0.08288470015946205,-0.7449697015576509,-0.30547181576474763,-0.03305517478339493,-0.6582501788931239,-0.12783936633040233,-0.004989429561790974,-1.0,-0.2554623775821517,0.018807679368703867,-0.8437350208618912,-0.3166468849971208,0.01001230471445786,-0.6930441981036187,-0.3306276110372705,0.05530252923715665,-0.6409488563076263,-0.12871684403687664,0.09410659321906144,-0.9451166011187468,-0.24591394689822035,0.10830677535885487,-0.8224632987663635,-0.3023634151785851,0.09322004033701409,-0.6735561864717317,-0.31374215582320075,0.13879773379202193,-0.5515515654331171,-0.14531139398811133,0.1715363990812741,-0.7946158472061837,-0.21656315681547433,0.1705008909579111,-0.7399479684495505,-0.2531305265138995,0.15362326690658304,-0.6128421606308524,-0.2667695772921376
E,0.0,0.0,0.0,-0.11836672469706429,-0.05177590878635052,-0.17887778263238954,-0.20878431509384351,-0.17392902346513336,-0.29799956712734854,-0.19474237120429483,-0.31414209513412833,-0.4079812732210388,-0.08419217906427749,-0.37876178833319,-0.5090124862640456,-0.14900577770079163,-0.6308725869303249,-0.15566702553301218,-0.13690870368731875,-0.944703801967218,-0.2616943255742607,-0.12479717399856025,-0.8784192137524981,-0.31211584558851696,-0.11543770580125358,-0.7297405995532864,-0.33862059623019525,-0.04507063549723992,-0.6564237407050632,-0.13823437423339296,-0.021826241952280487,-1.0,-0.28329052290087464,-0.008222288408168453,-0.8336393533328432,-0.35312406247681655,-0.012638580286529762,-0.6864549907180442,-0.36989700743434056,0.04825021943133533,-0.6420923509954269,-0.14316332334318507,0.08228054062563997,-0.9505673229460168,-0.27740450839285985,0.08766004571815006,-0.8142024517323756,-0.3370378244043064,0.07566333064574084,-0.6622520363601773,-0.3472432611505499,0.1400955985376506,-0.5568394244481193,-0.16440259426206338,0.16606098218005708,-0.8008620234871492,-0.24810489001437952,0.15823780333552245,-0.7303517256877765,-0.28669678677759597,0.14338767088747462,-0.5956844824556703,-0.29995970269499755
E,0.0,0.0,0.0,-0.1255427604511716,-0.043642370971757466,-0.15281390158728042,-0.22510524123930992,-0.18923411903288098,-0.2537896004283852,-0.2111501668896081,-0.33754887968270364,-0.3488938540927993,-0.10125945418350359,-0.38368169219538306,-0.4353822877000136,-0.15709224842158429,-0.6306069016959671,-0.13201018400481185,-0.14911472065993697,-0.9458078622322471,-0.22447629606607947,-0.14329265422803777,-0.876912949614367,-0.26552181977940004,-0.13632964260013458,-0.7227891062617604,-0.28634463764462176,-0.05602138290347993,-0.6582638676776231,-0.12296920768031729,-0.03383868171004801,-1.0,-0.25007229792145436,-0.026759952596405002,-0.8561685210136787,-0.31100802229506247,-0.03163599206564314,-0.7073769329120979,-0.3252672810734428,0.036464803220224495,-0.6424100852414276,-0.1332188981806745,0.06978364887582005,-0.943756757625263,-0.24789216750638726,0.07128667781752603,-0.8201063756926413,-0.2959377876238965,0.06310920062750362,-0.6718763338752958,-0.3027364333560311,0.13020489298323573,-0.5585126359274716,-0.15905998821017678,0.15303061336110121,-0.8046291214007886,-0.23045439040520602,0.1418376650840583,-0.7385502173313957,-0.26025551781486445,0.12894190073354825,-0.6056189035305681,-0.2687720934926394
E,0.0,0.0,0.0,-0.13655747478796804,-0.0402144523796021,-0.14139431547868178,-0.2524911409938434,-0.2026655586442889,-0.22884676641757312,-0.23925272188871233,-0.36691373464044874,-0.3128442983919757,-0.12681845858249077,-0.4065758549812339,-0.3911285899810426,-0.18338691176190997,-0.6280939897206766,-0.11482734144088756,-0.18145204339292095,-0.9360584259723131,-0.20569608750741084,-0.1799115586244641,-0.8948862893118145,-0.25193301471479307,-0.1676554423068142,-0.7513571459562194,-0.27617830311450403,-0.0809449996563159,-0.6688363993801011,-0.1105839396475228,-0.0668559014622743,-1.0,-0.23279450238433375,-0.06123313205740678,-0.8880488444170508,-0.30275664188367946,-0.057547668497427734,-0.7333108868886059,-0.3263455586482649,0.014114610441789258,-0.6596679150334901,-0.12517390867045408,0.03798741189946484,-0.945832460581546,-0.23570369080723322,0.039806743910819585,-0.8466868283839843,-0.29362252594725075,0.04106058151350028,-0.6944019466007529,-0.30991091802077414,0.11413789646154873,-0.5864505264704195,-0.15527837116883114,0.12615010269085963,-0.8170394840221017,-0.22700458306966095,0.11724860320443582,-0.7672616762001766,-0.2630881028563591,0.11411010923629493,-0.6397327746421907,-0.2776821648075715
E,0.0,0.0,0.0,-0.1458627351965743,-0.035265778178411686,-0.1331168549895027,-0.2705877407001306,-0.1873262265353374,-0.21382258647690008,-0.2746852218393496,-0.35396804368821533,-0.2911927697652843,-0.1711764867871469,-0.4179197746890511,-0.36159174785550874,-0.20387323260888446,-0.6341807750799625,-0.09773195190830965,-0.20757230678932712,-0.9358408366643903,-0.1754710486341866,-0.2042224293829776,-0.8886888435134052,-0.21128473822318541,-0.1907469861613465,-0.7419967048729978,-0.22880621186942057,-0.10010427018933374,-0.6749688484865668,-0.09180508826402824,-0.09306411777463723,-1.0,-0.19923958820463383,-0.08762068920004282,-0.8857445427616136,-0.257251715093258,-0.082649645808881,-0.7343720593044646,-0.27325060607167867,-0.0011965244573803138,-0.6659140115572237,-0.10400497742704937,0.013997201537378313,-0.9407512635366708,-0.20052813733684807,0.016364015883483317,-0.8319954518057123,-0.24595871097280123,0.020147333989360496,-0.6846274063902521,-0.25453201728289937,0.10257553396716702,-0.5989673030912306,-0.13163202525103854,0.11036100884789343,-0.8212827042006758,-0.19356175946226853,0.10139921501608049,-0.7710999665794408,-0.22202207055210954,0.09957029080123143,-0.6597190685066061,-0.23074015583270782
E,0.0,0.0,0.0,-0.14737824889966109,-0.03698079659182902,-0.10811774486364932,-0.27654392189500016,-0.20649041776376093,-0.16938717417995477,-0.28712785994831286,-0.37511993004553856,-0.23039413231272873,-0.18533195111623765,-0.40582834875349,-0.2850604534251215,-0.20589875746470235,-0.6309843754309289,-0.06965959221626557,-0.21232395794296247,-0.9415652310752254,-0.13236120610073362,-0.2140965053593359,-0.885082843798112,-0.15880099529640332,-0.2019453245533346,-0.732083335361234,-0.1711252878429761,-0.10417390627205342,-0.6748786909820068,-0.06969001072629394,-0.10203341655837678,-1.0,-0.1615610492223379,-0.1060866221826376,-0.894667756866066,-0.21466863462534666,-0.10015314705848952,-0.7437208894859029,-0.22948814741004364,-0.008583373485766571,-0.6673727005634319,-0.08480519649821838,0.005596843613167402,-0.9451120293445339,-0.1655199371865041,-0.0025533702897951173,-0.8545275721486499,-0.20963349921836322,-0.00010658645913942385,-0.7150064649473313,-0.21985507170121124,0.0934860585884838,-0.607373122366771,-0.11357522100337006,0.10061502171476036,-0.8252413607375718,-0.16346769157041977,0.08854657925603625,-0.7904833055105361,-0.18986503680509653,0.08805112256469409,-0.6902956030246544,-0.19889933428352372
E,0.0,0.0,0.0,-0.14783479434642646,-0.02661035863959248,-0.10975117841391623,-0.2836935501706946,-0.18626739776282464,-0.17879567436666682,-0.30650095644866243,-0.35270505056185847,-0.24936892344136863,-0.20276307574626456,-0.405445502547245,-0.3142218904360764,-0.20987131545439125,-0.6221709887931776,-0.07766750447347885,-0.22013962492962802,-0.9349341956558256,-0.15212861201439437,-0.23906211049053938,-0.8765510387839789,-0.18695806093553333,-0.22735424208092092,-0.7227105368341793,-0.20404868981671226,-0.10855925277185395,-0.6611607131444834,-0.08391726687657333,-0.11197108248779071,-1.0,-0.1950003399493831,-0.13548857881467655,-0.888093073830646,-0.25818963382663557,-0.12901580001898302,-0.7250475420584662,-0.2766673750888212,-0.012787558226188296,-0.6498678816894816,-0.10544452061258625,-0.0013527252540297466,-0.946195278804146,-0.20373444342791722,-0.028273475130891672,-0.8526669938254079,-0.2523794669303228,-0.027331086432827056,-0.7024081131849398,-0.2623638764501639,0.09122484225008579,-0.5866333361673164,-0.14080420748687145,0.09146085174027312,-0.8204051067439918,-0.20490931631718054,0.0642026627181119,-0.783471683108029,-0.23476451682587912,0.05985586598619188,-0.6732277085037056,-0.24442488745973448
E,0.0,0.0,0.0,-0.15384865066316494,-0.013329393450960236,-0.1104481348074445,-0.2987493171917003,-0.17267044644226603,-0.1788769521262884,-0.32782736453486966,-0.341142799096944,-0.24960767220986682,-0.21585041923756884,-0.38764910784200285,-0.31395863348959085,-0.22159467019350046,-0.6134457399489273,-0.07313994024172404,-0.23568406628151345,-0.9300577258918217,-0.15022601735163532,-0.2596406309283233,-0.8657203661197922,-0.18566673226874306,-0.2461781234947945,-0.7098189178934792,-0.20280604046620987,-0.1210282756635013,-0.6551062960979692,-0.08131253858125534,-0.1277122289284686,-1.0,-0.19860288027467374,-0.15275128018147227,-0.8747551308166521,-0.2637175441379022,-0.14493943187658592,-0.7099405115882322,-0.28104119796283955,-0.02556545272544783,-0.6485321639708632,-0.10542393337361435,-0.016670445096830962,-0.9493558056868849,-0.21098174486874252,-0.04336522238696327,-0.8396423026314019,-0.26001761870864115,-0.04000920277590164,-0.6851988014864366,-0.267468406898143,0.07924730307539549,-0.5890481248671383,-0.14358111323742942,0.0753743000374031,-0.82984232173658,-0.212678506675608,0.046823663242982885,-0.7764687441978112,-0.24255738220133677,0.04439565747375729,-0.6509399882139888,-0.25066261944190327
E,0.0,0.0,0.0,-0.1503667598222881,-0.010568117621940277,-0.11047567026319706,-0.29677690289965175,-0.16293272329851943,-0.17788041886730996,-0.3314350335738217,-0.32981567854398003,-0.2466560368050849,-0.2229990298512291,-0.39010417606650816,-0.3093795472998199,-0.23307619907357432,-0.5981111894691356,-0.07726249918262022,-0.2564941057247631,-0.91568729540979,-0.15380305835641717,-0.2867908234618681,-0.8623585682116062,-0.18914624593020413,-0.27245729251194295,-0.712321945010374,-0.20611090956372285,-0.1332926181860159,-0.6483306051800972,-0.0842783812399077,-0.1485514340596793,-1.0,-0.200897807141007,-0.18017508307899135,-0.8945972009726686,-0.26773406397401783,-0.17092002044497445,-0.7323169188974016,-0.2870489504625253,-0.03740768007769363,-0.6492898572291066,-0.10655721332755276,-0.03668381424766819,-0.9514306714798395,-0.2117760131183357,-0.06836279818283542,-0.8588803005315898,-0.26417668864698846,-0.06251108826583097,-0.7113969154785551,-0.27437865938724704,0.07013862332858758,-0.5990462644164481,-0.14245520792209765,0.057116359623150495,-0.8342224661120462,-0.21235124085131016,0.026805254807923142,-0.7896105205125682,-0.24445617594260255,0.028107583335234585,-0.6687811982512123,-0.2542295564769029
E,0.0,0.0,0.0,-0.146431436442092,-0.042290842340347835,-0.08578520022648319,-0.2824464681793911,-0.20539770027379667,-0.14204631624010775,-0.3149827686777521,-0.37486435673042573,-0.20465162491337457,-0.21305682969101544,-0.4404847582693534,-0.261681443026829,-0.21157138224412295,-0.6253009441553328,-0.039870238984596004,-0.22415308726954303,-0.9246451187778698,-0.10306102067223422,-0.25333655834890506,-0.8546786696773091,-0.1335243609387859,-0.24833599463049977,-0.7045018259861092,-0.148616190525723,-0.11790803864329698,-0.6669895449779942,-0.05551593544432197,-0.12368452754510854,-1.0,-0.15417409137589702,-0.15714698394641125,-0.8928422644318741,-0.21553030696705772,-0.15452420989237736,-0.7391945730824414,-0.23492904877771748,-0.02612921932865612,-0.6603782630559679,-0.08511878687989188,-0.019468959366405,-0.9544988354999994,-0.17207110289600303,-0.05190391299691636,-0.861163738957218,-0.21824397296112402,-0.05032663172460251,-0.7169283082994325,-0.2285552161622421,0.07689439289034768,-0.6040714126199267,-0.12713184367190747,0.06841874302945944,-0.8313102106121661,-0.181615639616959,0.03346424598354168,-0.7847402887613387,-0.20733270167298368,0.02623828965669502,-0.6693288115299582,-0.2156320305890629
E,0.0,0.0,0.0,-0.14806432397726987,-0.041638113802257015,-0.08656885245318618,-0.28558925469935087,-0.2168404926050321,-0.137612954414345,-0.31145100834434075,-0.3949148652931988,-0.19471214782952478,-0.19682739860663076,-0.43254508980857487,-0.24576365482520057,-0.21118325705357208,-0.6210784281172481,-0.03246960388235784,-0.22416857800884998,-0.9217506576777453,-0.09421881968656726,-0.25460469290504933,-0.855591180535374,-0.12480597356971992,-0.24704291409875354,-0.7118929281551429,-0.1398779067601809,-0.11796436075472955,-0.6650971155783058,-0.04605385312095691,-0.12151171487001555,-1.0,-0.14601798482031272,-0.15777372090809652,-0.8876512379478452,-0.21012231453608904,-0.15443212661312483,-0.7300567136045716,-0.2301103605440692,-0.02862148615300709,-0.6601618313635942,-0.07385527781797505,-0.017632098700624627,-0.9573195946489376,-0.16359229262878194,-0.05338033764638383,-0.8532389620977129,-0.21225471412882796,-0.05226847566652953,-0.6987538143833493,-0.2220914987352949,0.07115853425221115,-0.6058218434077115,-0.11421842123773489,0.0669684969276749,-0.8401195599480499,-0.17013764480220964,0.03431319069075954,-0.7922307537355369,-0.19746222216974676,0.029931518451606756,-0.6688381073933446,-0.20602588106423678
E,0.0,0.0,0.0,-0.14927280159900022,-0.05366537448363823,-0.073173561938167,-0.2854330739276801,-0.223119727738316,-0.11883005755358576,-0.31099415544695047,-0.39166604755295753,-0.1718253760370431,-0.19947078040509297,-0.4299065778349157,-0.21851926097616597,-0.2165693252426238,-0.6381328822596466,-0.02042032401833163,-0.22331437469575197,-0.9367646230171762,-0.07180309990706488,-0.24244911573215192,-0.8667716348537928,-0.09428785924171444,-0.23836200816799408,-0.7246145134848948,-0.10431625263386297,-0.1229101622341116,-0.6801866744477596,-0.03567876084833545,-0.12484658242652616,-1.0,-0.11591402450643251,-0.14712259276925435,-0.8839512925598803,-0.16342174488429406,-0.14488947653846168,-0.7371518352743595,-0.17512315848539078,-0.030196957118928332,-0.6755979352348439,-0.0640911488710035,-0.0230693133388916,-0.9605322487657505,-0.1329924855345106,-0.04625443384115014,-0.8615313607114388,-0.16613225162078957,-0.04510090835645589,-0.7223536418182538,-0.17010464369551198,0.07304321485470927,-0.621260209244881,-0.10472457607034963,0.06571984739774245,-0.8430670570133739,-0.14303519780048712,0.037222910724520955,-0.7923858704254226,-0.15878896485318164,0.030243375692674587,-0.6791609196763668,-0.16149199437096803
E,0.0,0.0,0.0,-0.14358048368270565,-0.06426845290298654,-0.09065965371780266,-0.2659983118768221,-0.23715228572960417,-0.146429833479311,-0.2665492145456012,-0.408295118559665,-0.20639142338933186,-0.14751722431625355,-0.43649567861125305,-0.2599367495212524,-0.1947656130489167,-0.6518440237143924,-0.03961286102272286,-0.19108637022528477,-0.9437243086294476,-0.10039587463370786,-0.20377951202812358,-0.8922945932346201,-0.12943328719635458,-0.2039115811054157,-0.7608888125932415,-0.14342802878119335,-0.09672449013220188,-0.6899554211527934,-0.049352198442983386,-0.08953717781416577,-1.0,-0.1366443787116173,-0.10253085669791892,-0.8830913214630204,-0.18650296088981758,-0.1051985536837435,-0.7411696942539376,-0.19953691223429063,-0.002390770019286512,-0.677818100792562,-0.07461223864412189,0.012699290270124302,-0.9549836278613122,-0.15325467827969977,0.0010572904344113483,-0.8503915589906086,-0.19063036549388826,3.197202988450227e-06,-0.7083115472642518,-0.19624282477258945,0.1000685185194294,-0.6087393330241064,-0.11290633778791093,0.10372685655429072,-0.8263512978430685,-0.1585186731749963,0.08636161743056044,-0.7768723681485784,-0.17811420732186203,0.08096965755988485,-0.6622612488668375,-0.18300210047330565
E,0.0,0.0,0.0,-0.1397612101446864,-0.08112593841553675,-0.09873276023149856,-0.24628066374064667,-0.2547131230888122,-0.15638496811942731,-0.22698717308751806,-0.42379837824046857,-0.2150769515148184,-0.10373616025814053,-0.4289483706604251,-0.2654300089838727,-0.17805657547196554,-0.6610059148989142,-0.049787718935668565,-0.17406762384743282,-0.9513294656624034,-0.10817205579279769,-0.16719702319986293,-0.895315779678335,-0.12947781687229448,-0.16244932771793857,-0.763389006595254,-0.1382463710313965,-0.07912579297730547,-0.6957636801295632,-0.05348230065285037,-0.06647168083456895,-1.0,-0.13675681546844579,-0.06110698214437579,-0.8633822276946438,-0.17461207608019844,-0.06888398342990186,-0.7318437007374211,-0.17851589087570366,0.01498186335954919,-0.6812388379238816,-0.07398411878480722,0.0366265232497803,-0.9524905064578272,-0.15354366896161326,0.037084037414601256,-0.8401806392133517,-0.18776140231910413,0.027079859146770593,-0.7087032456143595,-0.18940414562925365,0.11333976712627612,-0.6015505194486659,-0.10695762345177215,0.1267637158728574,-0.814777017308382,-0.15248372622483553,0.11506259390318005,-0.7645660702466657,-0.17240777788745332,0.10079781497545422,-0.655333823879232,-0.17639142964423624
E,0.0,0.0,0.0,-0.13243080070961133,-0.07091214100171173,-0.12262760097757897,-0.2353978071994748,-0.2381622362857007,-0.19879334750784736,-0.21433231990195484,-0.39949454890160235,-0.27329017958215907,-0.08951695225901568,-0.42321140583894257,-0.34041850356128883,-0.16756063189678325,-0.6580454232656744,-0.08540397165377747,-0.16763399491533984,-0.9550161587073235,-0.15912127454782293,-0.1625083821017349,-0.9182097815515625,-0.19148907916200505,-0.1534769422796352,-0.7847415976103755,-0.20709333981980502,-0.06656487966580632,-0.6848158902288248,-0.08468039119678113,-0.049691636641008875,-1.0,-0.1837161951135121,-0.03940322701809228,-0.8808933806709048,-0.23406312116534808,-0.044278601590319294,-0.7420649227540176,-0.24579610075661057,0.02911029501731945,-0.6650480741328277,-0.10244839767232373,0.05432757643007009,-0.9396023875140163,-0.196535550363126,0.060483286422037846,-0.8457077734901728,-0.24411627292353555,0.05245732194330596,-0.7154268609647689,-0.2543147217730552,0.12782325140375864,-0.5803836333135437,-0.1339073378103618,0.1471983743559066,-0.8038408555132937,-0.1936331259414816,0.1411612511610577,-0.764348437154148,-0.22340203934221678,0.1300238907172416,-0.6537549428961861,-0.23389189891484705
E,0.0,0.0,0.0,-0.13865180208397185,-0.057937137984769634,-0.11127117896157317,-0.24852602522912576,-0.2289162180331488,-0.17764406137648478,-0.23003773953491616,-0.38313775852179427,-0.24368432302662887,-0.10769197801907558,-0.39187097494379936,-0.30293255540309333,-0.18351988813190548,-0.653236814211155,-0.0707810695802115,-0.18998838361865977,-0.9508984879767214,-0.13578772838052985,-0.17696617594806066,-0.9163441139930302,-0.1623639694172034,-0.16144427849613957,-0.7849023421634775,-0.17387625930945663,-0.08166774557981989,-0.6882411921566751,-0.07043807704639019,-0.06920741993243462,-1.0,-0.1574702853449018,-0.05201283333557588,-0.8797684597555427,-0.19978607525135778,-0.050152019610803886,-0.7355641170927253,-0.20702272015039094,0.017041346045073156,-0.6742300222908939,-0.08740888416063887,0.03826005444898435,-0.9407472358145346,-0.16859280851661743,0.05032120714684033,-0.8374688348585129,-0.20670561810613705,0.04990982478749398,-0.7054026389268876,-0.21270627828636787,0.11924133219113059,-0.5985638245652329,-0.11810621370108167,0.1348561706606387,-0.8147393988684618,-0.16864871640085627,0.1333957757435406,-0.7604805324698042,-0.1911658581630678,0.12910254857725492,-0.6480169177569172,-0.1970252691761548
E,0.0,0.0,0.0,-0.1381945906351227,-0.0513451684939512,-0.11928228812308582,-0.2501382346301637,-0.205026704891725,-0.19611392921317303,-0.23638748143258978,-0.3574982123455868,-0.2723300776954661,-0.1133644331569547,-0.3912235318450583,-0.3411935839250518,-0.18925678037483384,-0.6505882985828709,-0.08356758130946343,-0.19458105511281445,-0.9487557900720146,-0.15732244255038913,-0.19031451172531802,-0.9039621201495366,-0.1891728896298003,-0.17568632787657606,-0.7706486673837755,-0.20417337354312134,-0.0853812242122714,-0.6860616014288462,-0.0840343688275457,-0.0727903891375461,-1.0,-0.18405467722034674,-0.06758132015975526,-0.8663738458851524,-0.2319400036419895,-0.06768375257339945,-0.7271576331676647,-0.2411342953316748,0.015136415656487373,-0.6724778843014834,-0.10208894147681392,0.03708151630431712,-0.9456066688659749,-0.19232161166876047,0.037239463647178554,-0.834894178964902,-0.23055867061063118,0.034530777255680885,-0.7070482098031996,-0.23542339657199132,0.12038633477909602,-0.595687963847499,-0.13458889480497077,0.1350798592082441,-0.8148044069028147,-0.18981820462421073,0.12284397578271751,-0.7561904673006014,-0.21208750570353394,0.11461253649922365,-0.6466457560433282,-0.21747890192119865
E,0.0,0.0,0.0,-0.1347828290629646,-0.053823058060280746,-0.11225745685187322,-0.2429314456179645,-0.20515437045046436,-0.18788776212933456,-0.22820325925353827,-0.35783123515668747,-0.2639852018389366,-0.10770428259736248,-0.3874288003707208,-0.3322289604070276,-0.1874555907397038,-0.6422672375509259,-0.08244769562405371,-0.19710857098723716,-0.9523248489119731,-0.15425397742253222,-0.1913175069027437,-0.9006555192987199,-0.1829227193371506,-0.17368968546658686,-0.7661765557722384,-0.1959103312050427,-0.08655630321870596,-0.6789854897569075,-0.08575770152517553,-0.08261715355949875,-1.0,-0.18476947480624753,-0.07453225463883686,-0.8613427043308683,-0.22903348484177494,-0.06854159023768608,-0.7244709505512541,-0.2352562419327753,0.011073352512984882,-0.6710067868934757,-0.10531697883687062,0.02438237338533722,-0.9614110077040412,-0.19347405185631414,0.02704789442181074,-0.844738226718928,-0.22714307434574282,0.02995114981367419,-0.7118522040508969,-0.22865392444518093,0.1151558668494526,-0.6014698499739337,-0.13861651748740836,0.12038916027881293,-0.8315103010175513,-0.18966410237184775,0.1113702187638779,-0.772117742464907,-0.2076975052555534,0.11036690737772972,-0.6580431445617965,-0.2103283013880861
E,0.0,0.0,0.0,-0.12950332757691296,-0.06014026790587398,-0.1216583648911573,-0.22994335306791203,-0.19410355730406925,-0.204297785945981,-0.21400353378243525,-0.338250486382611,-0.28497295795846267,-0.0970434726502622,-0.37667573585758746,-0.3557757847918079,-0.18445077947613445,-0.6420635671557096,-0.0931563122855164,-0.18952658919694926,-0.9423279387657474,-0.16949931001304247,-0.1816101268699639,-0.8823694398841686,-0.19684178006870232,-0.17150906569999252,-0.7555979442525237,-0.20805515330936475,-0.08427774981022591,-0.6788119672873537,-0.09198928894228087,-0.08081113765019117,-1.0,-0.1978008975668479,-0.06682358991174693,-0.8362374245327513,-0.2345943637769493,-0.06836248739955456,-0.7088315429686325,-0.23213963931110346,0.010815858829749354,-0.672655414321425,-0.10873906377740673,0.022762296915247244,-0.9632051344091652,-0.2053197702473969,0.03065612839682369,-0.8283609273157434,-0.23264642579605888,0.027080936329560965,-0.7019495991812449,-0.22576943250610454,0.11067952002384425,-0.6005660600396329,-0.13915334758457942,0.1150371615334372,-0.8286067368174723,-0.19321586421163006,0.10940352554865956,-0.7564073581064049,-0.2081277856835595,0.10372559088776233,-0.642837108712081,-0.2061215552192155
E,0.0,0.0,0.0,-0.12515510448247977,-0.05817541867753125,-0.12679797466315568,-0.22100899714988334,-0.18866549287435486,-0.21253709914511465,-0.20924680167516965,-0.33307564574189225,-0.2946896147333287,-0.09356427891482771,-0.3884015368879139,-0.36636986036957725,-0.18279558869949775,-0.6335346642832627,-0.10357903541462547,-0.19491008682551864,-0.9409199058185433,-0.1808567545342082,-0.17790529798382732,-0.8774036260779843,-0.20634839936459096,-0.1624407433420985,-0.7411501632905114,-0.21695238514476045,-0.08382870738743312,-0.6682309375692602,-0.10040927626120756,-0.07947240851648653,-1.0,-0.2100545289947639,-0.05785492930911801,-0.8369512694737058,-0.24697010278679293,-0.06187942742217793,-0.7071868916077856,-0.24427369140758226,0.00978529451028812,-0.6593347654023715,-0.1152720664557882,0.024176681075727277,-0.9537035433281006,-0.21648478879970606,0.036330533410957745,-0.817715898193253,-0.24596732159890616,0.028552774878252335,-0.6882273532727208,-0.2395405229613159,0.10581097890531907,-0.5822591931845108,-0.1435250747846235,0.11521804883009008,-0.8125680377131151,-0.20319098995085202,0.10955410620522796,-0.7485759726528307,-0.22255922587250226,0.09774996432788371,-0.6403396433212549,-0.22276604166805644
E,0.0,0.0,0.0,-0.1240151778424224,-0.0691155442803135,-0.1166459682840239,-0.21710186282593735,-0.21358651716691487,-0.19193564816306585,-0.19636056088983952,-0.36874841112499024,-0.26520121902602223,-0.07846393255129565,-0.40751275613618343,-0.32783289169831403,-0.18316848282018908,-0.6298544441906356,-0.0791830429687468,-0.19711122197958997,-0.9406723182677424,-0.14605841365952432,-0.17571323176420045,-0.8792517790634186,-0.16760473625562303,-0.1607374645261051,-0.7368789342003054,-0.17658694735959835,-0.08828106348065197,-0.6655758868011151,-0.07748729911844301,-0.08413908289938192,-1.0,-0.177702776361828,-0.05836810495529395,-0.8480539273850338,-0.21647435436380233,-0.06265541818853838,-0.7054314602354277,-0.2163395207623998,0.000315784527746818,-0.6587341503585152,-0.09336688182085211,0.013856391827595104,-0.9636733410911364,-0.18920375034851683,0.03136942494807666,-0.8394139236530349,-0.2257649347782314,0.02483640825153045,-0.6928543545912614,-0.22409715568879654,0.09101165767476953,-0.5836077103906006,-0.12153857491148438,0.09899351531538139,-0.8216708926396525,-0.17725210216298265,0.09972331847822809,-0.7697940885270973,-0.20015759624185456,0.09074185029772448,-0.6502467683389678,-0.20355956897560995
E,0.0,0.0,0.0,-0.13191027518123571,-0.05619025789146333,-0.1065373696013996,-0.2316179200678542,-0.23935700332360246,-0.16926262651205037,-0.20131102660813555,-0.40746902714125116,-0.23111847196174543,-0.09015684845394323,-0.4256728653161929,-0.285266541821354,-0.19298227540787424,-0.623465629280324,-0.07158574785895283,-0.212297844229796,-0.9371518061759857,-0.1314339389465645,-0.191912610244834,-0.8802411768720535,-0.15242625190861414,-0.1702360088268838,-0.7254791494702539,-0.16142717895890943,-0.09860106511522294,-0.6679132858680148,-0.07104117019641158,-0.10477546260228243,-1.0,-0.15699841857292,-0.08135035354322293,-0.8930150263917987,-0.20067096228131862,-0.07329867652544253,-0.7391254285421176,-0.20955034744705447,-0.009823363599019789,-0.6646438749006847,-0.085962210492999,-0.0031323762148018136,-0.955017510830789,-0.16610799690507505,0.011941231943498328,-0.8623469277817196,-0.20617794579551207,0.0155899834356426,-0.716711178816509,-0.213468715083073,0.08237859708177143,-0.6009541567780586,-0.11338612937786877,0.08196502469630224,-0.840320603373566,-0.16275978022405033,0.08099644546660709,-0.7932152022942,-0.18605212009942487,0.07984350781495136,-0.6657339289462467,-0.19271626659290195
E,0.0,0.0,0.0,-0.14303595837105562,-0.04980185249408675,-0.10222045839438677,-0.2638267039538145,-0.237748755976573,-0.15440541051685763,-0.24712910177027358,-0.4217990615865742,-0.2067216802823582,-0.13015258202241645,-0.4340280077916804,-0.253401662318543,-0.21208927093927504,-0.629959370344248,-0.05242295248654733,-0.23518288324212877,-0.9164712901517681,-0.10739232099393138,-0.21586756048445582,-0.8982007176000794,-0.134625432615511,-0.19393668198938105,-0.7813882924763698,-0.14894427160924292,-0.11715879900053817,-0.6911720772431064,-0.05281727749694937,-0.13056606583788058,-1.0,-0.12887331259090112,-0.10907854590514637,-0.9347849429543873,-0.18134308281080092,-0.09738712866014358,-0.7998096459063154,-0.20160066428551368,-0.02443624404291053,-0.6955633403084373,-0.06934962483915767,-0.02110369438047352,-0.9742104082752183,-0.14323190339909095,-0.004256718462550273,-0.906963651958333,-0.19500900704671095,0.004889933206127527,-0.7631665369929466,-0.2137187979104938,0.07582990098469763,-0.6395604212425903,-0.09849498410030756,0.08070403088269486,-0.8630467998734004,-0.14794430646311427,0.07962442680535477,-0.8382260808272101,-0.18001647086254743,0.07861258211766926,-0.7241056301774776,-0.19524282294379983
E,0.0,0.0,0.0,-0.14597435704770897,-0.0475762410985212,-0.1050085614013961,-0.2740937596421458,-0.2448751182398921,-0.15709893569672334,-0.2627749095927742,-0.43297342067518474,-0.21032960057484823,-0.13961996007906954,-0.44414563904568843,-0.2588493205244314,-0.2142549482962434,-0.6349391969271492,-0.04901138339080611,-0.23353974933276955,-0.9220542143548123,-0.10719294569610281,-0.21733303363405698,-0.8913474813059359,-0.1416032817384752,-0.19748723502585658,-0.7691722931344248,-0.16151657704303812,-0.11642834191911691,-0.6955908647927739,-0.04962599685731147,-0.12880954759943722,-1.0,-0.1321192852668603,-0.11547947298622387,-0.940245660085779,-0.19880624921182524,-0.10486857398332464,-0.8040039136821032,-0.22917898490146638,-0.022325772577054974,-0.6982085674197603,-0.06649477751407229,-0.01967696301014778,-0.9662494528798778,-0.14420497501793345,-0.010903518768774446,-0.9036515632283147,-0.2076751863954898,-0.004278384157514388,-0.7580924301958928,-0.23445547276919668,0.07931003949133288,-0.6428268442379516,-0.09632516638782783,0.07999374857772903,-0.8634463797072912,-0.1486378480382784,0.07444427049586662,-0.8438058869025677,-0.18756696320619928,0.07241373817621191,-0.7313635239057101,-0.2085379481007229
E,0.0,0.0,0.0,-0.14953568726133334,-0.04636370542003862,-0.10166621300056486,-0.2812912204246404,-0.2404624619507808,-0.15105931798682243,-0.2783530421958654,-0.4311866781882759,-0.2019623325048055,-0.162373692120386,-0.4488740830521129,-0.24855275681786312,-0.2163650777729608,-0.6383382107119909,-0.04491552779461329,-0.23148865878312166,-0.9255848972351075,-0.10122133930529686,-0.22572645522918924,-0.8952875834795567,-0.13533400795886757,-0.20886162275906728,-0.7700018340006941,-0.1546733118317986,-0.11843909334056302,-0.6981398532547637,-0.045916516560204915,-0.12910420607285053,-1.0,-0.1271314319852839,-0.12751676725691832,-0.9437024738864741,-0.19552562483402416,-0.11787147642092037,-0.8034700384300786,-0.2270193014136674,-0.024992141495881474,-0.6992596638616668,-0.06235587568922666,-0.01989093361547007,-0.9653856500567197,-0.13780958102113253,-0.021450044045394245,-0.9116984273339128,-0.20188286875905423,-0.015620481884731587,-0.769631466583626,-0.22929934303750926,0.07550752926532114,-0.6435847327206288,-0.09170330325144524,0.0735925303711774,-0.8644583255867438,-0.14174915458029835,0.06412602312687465,-0.8557940362662096,-0.18028126784851697,0.06450436446000431,-0.752747748522832,-0.20127140841606672
E,0.0,0.0,0.0,-0.15587922127885231,-0.0346021708830547,-0.09252266012286045,-0.300248614883929,-0.21862432011652863,-0.1368995541175909,-0.31590959136696245,-0.42555414059685287,-0.18413509679203385,-0.2045847716079176,-0.4779135285243356,-0.22547580913104273,-0.23694675145831295,-0.618606280495943,-0.029572614474068854,-0.25681273092266854,-0.9090927323031271,-0.07838524641806295,-0.25502912960968555,-0.856724691058772,-0.10240603326314812,-0.23977628427184325,-0.7232277319870265,-0.11481429156119544,-0.14205325699139645,-0.6846308846245117,-0.033347506249070805,-0.15921532944246272,-1.0,-0.11127874989460937,-0.16036693321258053,-0.918626396912578,-0.16915321480149,-0.15190867228290686,-0.7736414470666936,-0.1906309508861166,-0.048962502938310094,-0.6956568391795311,-0.05206876960177501,-0.05260789082731105,-0.9783807567335785,-0.12460521419107486,-0.05383991954247776,-0.9003751772784667,-0.17526202384752493,-0.045911037997936034,-0.7502268950585794,-0.19114289638284396,0.05405289294126546,-0.6520670279816708,-0.0832770555242639,0.04413782066519981,-0.8806594601165062,-0.1287622930674834,0.03466457656826352,-0.8548319561494695,-0.15811434389849197,0.03702805191542187,-0.7444711158900044,-0.17055123449501394
E,0.0,0.0,0.0,-0.1628362908839864,-0.022666063145303787,-0.08390716600152762,-0.3159197554705076,-0.19743636525898134,-0.12406491011853625,-0.3466583098054145,-0.403622653200776,-0.16937970431636362,-0.2441076026485043,-0.4705923547461516,-0.20811852442674822,-0.25533498621132944,-0.6036814569031117,-0.01430700584396059,-0.28462436689577303,-0.8957428718068754,-0.05844741280149907,-0.2916046603313645,-0.8181835876468883,-0.07730962712860327,-0.27238976550706856,-0.6707544988569598,-0.08628356899179772,-0.16022037392272015,-0.6755334409310991,-0.0224931965655069,-0.18503451293734124,-1.0,-0.10208481282905986,-0.1967026483588264,-0.8990982746716822,-0.1594402507593742,-0.1823952189710516,-0.7458229781812781,-0.17832012952401888,-0.06461885774836601,-0.695100796779632,-0.0447064274336481,-0.07612054488086481,-0.9832177684902954,-0.11763773869450693,-0.08755832148890051,-0.8755444873184514,-0.16393796645977712,-0.07427707239030729,-0.7164718942432319,-0.1752442223319328,0.043576543312498536,-0.6649815825821046,-0.07908960922863989,0.025336459564628867,-0.8967307760127247,-0.1237439027040626,0.008076805400830606,-0.8465197283110429,-0.14918283732665616,0.013658592085258445,-0.7241260072742618,-0.15767524925617257
E,0.0,0.0,0.0,-0.1603722945449304,-0.022162562560060186,-0.08495185779249399,-0.3115239274032978,-0.17924375475732238,-0.13464646410866063,-0.35144649880417794,-0.3745633778757093,-0.1912352136098021,-0.25823279033517443,-0.4756157747130528,-0.24215054153011728,-0.2505064970403788,-0.6053518308046426,-0.022376774808126037,-0.28876873627364,-0.890895334394192,-0.0731308200139603,-0.3114553793046048,-0.8119363568104123,-0.09804592106090107,-0.2934004449971941,-0.6575767522942533,-0.11081449246197957,-0.15639194156091063,-0.6723992122226319,-0.035551693336577914,-0.18969352055793193,-1.0,-0.12580421818327966,-0.21598017878653597,-0.8934051768992313,-0.1913208739328432,-0.19854693902978945,-0.7308007538902038,-0.21445291840319902,-0.06191569813956889,-0.6902920020042631,-0.062140741929640586,-0.07751123380327965,-0.9850533896439596,-0.1429904219012849,-0.10682263888752487,-0.8791830832418945,-0.1944196001583835,-0.0941905436757038,-0.7140367261070939,-0.20874006430539666,0.04665496686527759,-0.6609550525851214,-0.10088385946740876,0.02400344109471413,-0.901106917872136,-0.15155022932378412,-0.005931047358403288,-0.8503766623781944,-0.17925707817165526,-0.0027434119672282552,-0.7210894425710279,-0.1893102867732413
E,0.0,0.0,0.0,-0.14374533336211817,-0.019774418849931197,-0.08139548543215767,-0.28370733167744466,-0.15513357033901842,-0.13352915952971753,-0.3361670225302495,-0.31321232354747314,-0.1910516680479514,-0.2797794384427964,-0.42997501520951853,-0.243625412457853,-0.2404934683950627,-0.598435423907851,-0.028418235253195586,-0.2686336217427688,-0.8935620915933993,-0.07858221785314497,-0.29029966056406037,-0.8442552909010036,-0.10165802592628229,-0.2776358877874675,-0.7084986043953108,-0.11218586826123178,-0.15029210739874482,-0.6591892358929992,-0.03864725168118749,-0.17308665112602745,-1.0,-0.11953041090908319,-0.19998465020294734,-0.905482911367666,-0.17143090171266218,-0.19104439201251341,-0.7556100227137053,-0.187016604413342,-0.05943234091918275,-0.6693867699015017,-0.06184747965515599,-0.06900057129015424,-0.9764070575970225,-0.13310158351469792,-0.09684799430745072,-0.8807856204927209,-0.16960430914981955,-0.09025062490507425,-0.7356705983006614,-0.17626557659987113,0.04183085988250653,-0.6346667463004754,-0.09727793066624064,0.029508891136937783,-0.8687465863582531,-0.14373186482207836,-0.00013904215174101792,-0.8273654736273083,-0.16357366490628353,-0.004669514779981012,-0.7272794710159407,-0.16810419697456785
E,0.0,0.0,0.0,-0.15088107061698489,-0.028042617880586405,-0.0736033528681623,-0.29873913923770956,-0.17942141237943607,-0.12169543864118709,-0.34435439053064915,-0.34701169959095246,-0.17751787917311782,-0.24620373775733367,-0.42754978182606446,-0.22679417026986085,-0.23826499216854818,-0.6048050521855046,-0.022089451109816083,-0.2626805838609107,-0.9060056893515502,-0.07646311682981391,-0.288519109517335,-0.8307474541075731,-0.09766216172649497,-0.27893052350816455,-0.6902665276616257,-0.10613907126254678,-0.14739928840386807,-0.654931708508257,-0.03972768243111304,-0.16402356409640464,-1.0,-0.12842450905391642,-0.18999422004482097,-0.8735516086018609,-0.17545854661190224,-0.18088875404313726,-0.7238079513029338,-0.18386871420675938,-0.055891908281310757,-0.6581328380334959,-0.0705994687839812,-0.060609953166268986,-0.969369416625885,-0.1493998700328807,-0.08764251940874775,-0.8501715011451623,-0.1780044762935517,-0.07817801665874878,-0.7047265489097662,-0.1753985415770427,0.046426412070469755,-0.6156133100704543,-0.11366247570979411,0.034900577419310616,-0.856063220668913,-0.16188040813498503,0.005820289689207697,-0.795843200883147,-0.17579948995463174,0.006119023364410775,-0.6838289014051708,-0.17420083760413319
E,0.0,0.0,0.0,-0.15278529194723262,-0.036938190028483905,-0.08316508042915166,-0.293574284857473,-0.19384878659383467,-0.14101130623497596,-0.32711856080029234,-0.34455945132404614,-0.20545125411853893,-0.22573898999327563,-0.38822017045309165,-0.2646528578350591,-0.231652854582654,-0.6287127588038602,-0.04718026451009795,-0.2466866862563879,-0.9316584838128926,-0.11366300887242387,-0.2650114682772406,-0.8656796067317406,-0.14579621590630057,-0.25403068237528953,-0.7201312531792358,-0.16125337848768131,-0.13305954804445658,-0.6731282041834392,-0.06260522533577297,-0.14265267751777558,-1.0,-0.15983555450245243,-0.1647127096760327,-0.8829713738289922,-0.2159107349192816,-0.15826765045141308,-0.7347473959692664,-0.2317922519047162,-0.03600916233983561,-0.6706967861189324,-0.09114777668714645,-0.036069241578927436,-0.9546312700669264,-0.1722284583971633,-0.05640294234747089,-0.8479291085448645,-0.20782877230351135,-0.0494481819121574,-0.7105181655259799,-0.21280201810743193,0.07075154317670768,-0.6195246268587974,-0.1328834909801714,0.059420823853197864,-0.8394418669393261,-0.17987140502284918,0.03865940393616248,-0.7764522134645047,-0.19639359237796047,0.04187870953479018,-0.6650642806918426,-0.19918484619176396
E,0.0,0.0,0.0,-0.15069354289916925,-0.03461570208212103,-0.11276442107328405,-0.2860520965606192,-0.18301558343664726,-0.18893362137520836,-0.310201205350738,-0.3376499098117378,-0.2663941770040654,-0.20060059639728614,-0.39277435890996837,-0.3368598934228576,-0.22430879851697275,-0.6407541027271374,-0.08514360322846137,-0.2306426636691051,-0.942924405089899,-0.16310068702604694,-0.24420394012479182,-0.852888463580224,-0.19829591533316085,-0.2381391062603601,-0.6998528870227088,-0.21619472951652327,-0.12299093630092477,-0.6785506315030904,-0.09221586998276048,-0.12497100246162599,-1.0,-0.2041865838584145,-0.138920490859626,-0.8547745643370726,-0.2616529122359047,-0.13807861024241427,-0.7080108954583937,-0.27634372900624893,-0.024152299291235323,-0.6691437991787444,-0.11484758673377644,-0.015717026016581138,-0.9495979042318601,-0.21193002012280288,-0.029708917203614283,-0.8293800279981911,-0.2523183035940928,-0.028490145777083597,-0.6946826285036076,-0.2577314004159214,0.08365555679287534,-0.6055303528838322,-0.1516056717209043,0.08224617865447717,-0.8274933097249974,-0.2102864489105092,0.062238443233060346,-0.7582936047331393,-0.2328963596155873,0.0593653455178914,-0.6427097769922056,-0.2385415653936466
E,0.0,0.0,0.0,-0.15003536161583222,-0.041351690122186105,-0.10531125632624014,-0.2812190076328099,-0.19776396376198677,-0.16990420285580835,-0.29584332867959523,-0.36872300746975917,-0.23610277820050768,-0.1802841158067442,-0.41331573744764544,-0.29531791847504424,-0.2216743266516524,-0.6416841096923438,-0.06333757882010026,-0.22779565673755975,-0.9462835655107052,-0.1285919888314119,-0.2314033568058372,-0.880506679982472,-0.1572544000452223,-0.22280100683793783,-0.7364450875887862,-0.17127250376583494,-0.12292472154001366,-0.6865570830233672,-0.06826987457364915,-0.12349641798041354,-1.0,-0.1607126794529407,-0.12566967970732404,-0.8745490120147968,-0.21083096762463308,-0.12240540512998196,-0.7319259342294326,-0.22366799847178323,-0.02581927870456236,-0.6818125121014175,-0.08918586908087943,-0.0152998603878568,-0.9548853040385615,-0.17219661896113908,-0.019309888004565418,-0.8479709362166128,-0.21155058160215245,-0.016178499729947313,-0.7110324165129575,-0.21833173192468708,0.07945541073484902,-0.6208460292064527,-0.12390963193385868,0.07909894118965852,-0.8402040171610838,-0.17399957731188148,0.06531056058861295,-0.7897406475150057,-0.1968039598083912,0.0636704745793802,-0.6788103414892641,-0.20358181090235933
E,0.0,0.0,0.0,-0.15304446179947756,-0.03270634875945516,-0.11181266635573744,-0.28588329909930643,-0.17318663705974185,-0.18632534406461193,-0.30246517636440345,-0.3320347661028457,-0.26281273908774333,-0.186143338972359,-0.3843434615456806,-0.3319429040802478,-0.2338545147704117,-0.6422538067503463,-0.0728677820679725,-0.24458274066439312,-0.9497783969009025,-0.14511383898336833,-0.2394394759541664,-0.8833190929574201,-0.17637452436572448,-0.2281712174664535,-0.7381972173734218,-0.19117107570574793,-0.1316398302906261,-0.6841576430015285,-0.07809898441473748,-0.13535579313997434,-1.0,-0.17710012303276002,-0.119488586889551,-0.8556568567206005,-0.2236302580551896,-0.11314101073210221,-0.7077419905026078,-0.23132067309890225,-0.02969587616667034,-0.6807293439063024,-0.10062418483068702,-0.023810806201132864,-0.9508568299535902,-0.18853577734335036,-0.012690255910572072,-0.8276759461689308,-0.2215859582450885,-0.007186901465575421,-0.6870585585475306,-0.22251239874683937,0.08001030693110514,-0.6192341778814727,-0.13789556992758278,0.07792321458736777,-0.8409937579005524,-0.18891712308335618,0.07361845911788012,-0.7681189401896051,-0.20621327608048606,0.07515552204238818,-0.645124119769314,-0.20786527699611368
E,0.0,0.0,0.0,-0.14769818060620557,-0.04145405801491868,-0.11910875500954704,-0.27426774089559414,-0.18786783446869643,-0.20126082657920952,-0.2800915737461882,-0.3431065015295681,-0.28417267369484495,-0.15902125449070958,-0.3793587935545455,-0.35879621093214364,-0.21654928544268434,-0.6605852244752752,-0.09105486634292125,-0.22743586023205886,-0.9724793087894162,-0.16948182817565893,-0.21108646992436242,-0.8953836932275455,-0.20030560537615974,-0.20015780342808623,-0.7497882766906447,-0.21496012150264612,-0.11195139379199938,-0.6973355342439308,-0.09591708455361493,-0.11451453590554135,-1.0,-0.20033251978489974,-0.08696085936695287,-0.8298114918859129,-0.24104956820108797,-0.0856260665846283,-0.6935094385593628,-0.24409205998156921,-0.008728970082712229,-0.690387974237447,-0.11893210390669373,-0.0006437198060300823,-0.9619879508441714,-0.21322889769233888,0.01817957010201775,-0.8282613838336681,-0.2437850738307526,0.016778401935732844,-0.699230672874384,-0.24258331006681502,0.0993064784196021,-0.6205887941758029,-0.15683849377182016,0.10375646224060227,-0.8431667048122761,-0.21089814530914894,0.10315665541725327,-0.7623453660976799,-0.22758419338556804,0.09883699399646793,-0.6439569766093551,-0.22887474434375135
E,0.0,0.0,0.0,-0.14190513954775788,-0.0454219656213309,-0.14709416837384284,-0.2582322709619692,-0.16827518072004816,-0.247342296679533,-0.2496167500034078,-0.3234568936069526,-0.3449781451975686,-0.12033083502824606,-0.37819018110965597,-0.43357455807932577,-0.20407759685823504,-0.6461209403729127,-0.11512889341752877,-0.20860599947224925,-0.9529640610685346,-0.2099456165044272,-0.1939840075651057,-0.890633319220646,-0.2531256077926741,-0.1822186650021698,-0.7511150616689172,-0.275436301622161,-0.0981272579197709,-0.6866436130052923,-0.11255694770383538,-0.09334291449847706,-1.0,-0.240199579772242,-0.06428732590481077,-0.8293584857907076,-0.29710498177122513,-0.06434530931504502,-0.6933200466552829,-0.3073444705487904,0.0035662849052500215,-0.6823878341446603,-0.13148905248738535,0.01679464046114918,-0.9611529461981092,-0.25178677593662924,0.039600838134936145,-0.8131088893857604,-0.2992097795627286,0.03672526788844155,-0.6649053273326269,-0.30325704702839984,0.11111879702123963,-0.6070293389952268,-0.16577839407864137,0.12017112633689908,-0.831354946157826,-0.238517094485278,0.12345278390559568,-0.7495641580330725,-0.26753318823855227,0.11833010219932093,-0.6170106235780077,-0.27469207946554025
E,0.0,0.0,0.0,-0.12971027001142868,-0.04583174057240644,-0.14786021996829182,-0.23320665046834518,-0.16838991806334902,-0.24886550110961714,-0.22089097560435603,-0.31806170318277227,-0.3454312897609041,-0.09700810432027299,-0.37663938449252043,-0.43163753602228355,-0.18153908610823147,-0.6252819211332059,-0.12219588191646752,-0.18594989910500387,-0.9399101183211559,-0.2129507913264958,-0.17742119090775324,-0.8642323075201893,-0.24826565640503206,-0.16705856259457375,-0.7243136073933627,-0.2652067138990155,-0.08069326882741382,-0.6607710184193372,-0.117033230248237,-0.07857955833482405,-1.0,-0.24308353403044253,-0.06128643618183318,-0.826980805165385,-0.29207961951228056,-0.061310339841463876,-0.697111634596903,-0.29559656789271943,0.014296935570428508,-0.655730873006714,-0.13245516853721695,0.026941579651794216,-0.9632759456101615,-0.2506657454755539,0.0380922450062414,-0.8163795321191711,-0.2907266625806013,0.034227885343157606,-0.6743737682022939,-0.2885731289829301,0.11505811038435713,-0.5803246234536831,-0.162792427132297,0.11965349098254034,-0.8127708632414813,-0.23300238600428722,0.11575876191582737,-0.7353529835783817,-0.25766858707207546,0.11087614553880318,-0.6075747954326768,-0.26086315443640895
